{
"type": "FeatureCollection",
"name": "flagged",
"crs": { "type": "name", "properties": { "name": "urn:ogc:def:crs:OGC:1.3:CRS84" } },
"xy_coordinate_resolution": 1e-05,
"features": [
{ "type": "Feature", "properties": { "test": "strict", "ha": 107.0 }, "geometry": { "type": "MultiPolygon", "coordinates": [ [ [ [ 74.65803, 34.00109 ], [ 74.65738, 34.00109 ], [ 74.65738, 34.00136 ], [ 74.65803, 34.00136 ], [ 74.65803, 34.00109 ] ] ], [ [ [ 74.6603, 34.00218 ], [ 74.65965, 34.00218 ], [ 74.65965, 34.00245 ], [ 74.6603, 34.00245 ], [ 74.6603, 34.00218 ] ] ], [ [ [ 74.65965, 34.00245 ], [ 74.65932, 34.00245 ], [ 74.65932, 34.00272 ], [ 74.65965, 34.00272 ], [ 74.65965, 34.00245 ] ] ], [ [ [ 74.6473, 34.00242 ], [ 74.6473, 34.00269 ], [ 74.64763, 34.00269 ], [ 74.64763, 34.00242 ], [ 74.6473, 34.00242 ] ] ], [ [ [ 74.6473, 34.00296 ], [ 74.6473, 34.00269 ], [ 74.64698, 34.00269 ], [ 74.64698, 34.00296 ], [ 74.6473, 34.00296 ] ] ], [ [ [ 74.66549, 34.00382 ], [ 74.66516, 34.00382 ], [ 74.66516, 34.00409 ], [ 74.66549, 34.00409 ], [ 74.66549, 34.00382 ] ] ], [ [ [ 74.66484, 34.00409 ], [ 74.66484, 34.00436 ], [ 74.66516, 34.00436 ], [ 74.66516, 34.00409 ], [ 74.66484, 34.00409 ] ] ], [ [ [ 74.66549, 34.0049 ], [ 74.66548, 34.00517 ], [ 74.66581, 34.00517 ], [ 74.66581, 34.0049 ], [ 74.66549, 34.0049 ] ] ], [ [ [ 74.6528, 34.00866 ], [ 74.65247, 34.00865 ], [ 74.65247, 34.00893 ], [ 74.6528, 34.00893 ], [ 74.6528, 34.00866 ] ] ], [ [ [ 74.6528, 34.00947 ], [ 74.6528, 34.00974 ], [ 74.65312, 34.00974 ], [ 74.65312, 34.00947 ], [ 74.6528, 34.00947 ] ] ], [ [ [ 74.67031, 34.01844 ], [ 74.67031, 34.01871 ], [ 74.66998, 34.01871 ], [ 74.66998, 34.01898 ], [ 74.66965, 34.01898 ], [ 74.66965, 34.01925 ], [ 74.66933, 34.01925 ], [ 74.66933, 34.01952 ], [ 74.66998, 34.01953 ], [ 74.66998, 34.01925 ], [ 74.67128, 34.01926 ], [ 74.67128, 34.01872 ], [ 74.67095, 34.01872 ], [ 74.67096, 34.01845 ], [ 74.67031, 34.01844 ] ] ], [ [ [ 74.67094, 34.02223 ], [ 74.67094, 34.02196 ], [ 74.67062, 34.02196 ], [ 74.67062, 34.02223 ], [ 74.67094, 34.02223 ] ] ], [ [ [ 74.67029, 34.02223 ], [ 74.67029, 34.02196 ], [ 74.67062, 34.02196 ], [ 74.67062, 34.02169 ], [ 74.67029, 34.02169 ], [ 74.67029, 34.02142 ], [ 74.66997, 34.02142 ], [ 74.66997, 34.02169 ], [ 74.66964, 34.02169 ], [ 74.66964, 34.02196 ], [ 74.66932, 34.02196 ], [ 74.66931, 34.02304 ], [ 74.67061, 34.02304 ], [ 74.67062, 34.0225 ], [ 74.67029, 34.0225 ], [ 74.67029, 34.02277 ], [ 74.66996, 34.02277 ], [ 74.66997, 34.02223 ], [ 74.67029, 34.02223 ] ] ], [ [ [ 74.64656, 34.02433 ], [ 74.64656, 34.0246 ], [ 74.64689, 34.0246 ], [ 74.64689, 34.02433 ], [ 74.64656, 34.02433 ] ] ], [ [ [ 74.64135, 34.02783 ], [ 74.6407, 34.02783 ], [ 74.6407, 34.0281 ], [ 74.64135, 34.0281 ], [ 74.64135, 34.02783 ] ] ], [ [ [ 74.6394, 34.0281 ], [ 74.6394, 34.02837 ], [ 74.63972, 34.02837 ], [ 74.63972, 34.0281 ], [ 74.6394, 34.0281 ] ] ], [ [ [ 74.63875, 34.0281 ], [ 74.63875, 34.02864 ], [ 74.63907, 34.02864 ], [ 74.63907, 34.0281 ], [ 74.63875, 34.0281 ] ] ], [ [ [ 74.64037, 34.02918 ], [ 74.64037, 34.02891 ], [ 74.64004, 34.02891 ], [ 74.64004, 34.02864 ], [ 74.63972, 34.02864 ], [ 74.63972, 34.02918 ], [ 74.64037, 34.02918 ] ] ], [ [ [ 74.63842, 34.02891 ], [ 74.63842, 34.02918 ], [ 74.63874, 34.02918 ], [ 74.63874, 34.02891 ], [ 74.63842, 34.02891 ] ] ], [ [ [ 74.64037, 34.02918 ], [ 74.64037, 34.02945 ], [ 74.64134, 34.02946 ], [ 74.64134, 34.02919 ], [ 74.64037, 34.02918 ] ] ], [ [ [ 74.64134, 34.02973 ], [ 74.64102, 34.02973 ], [ 74.64101, 34.03027 ], [ 74.64134, 34.03027 ], [ 74.64134, 34.02973 ] ] ], [ [ [ 74.67058, 34.03224 ], [ 74.67058, 34.0317 ], [ 74.67025, 34.0317 ], [ 74.67026, 34.03143 ], [ 74.66993, 34.03143 ], [ 74.66993, 34.03197 ], [ 74.6696, 34.03197 ], [ 74.6696, 34.03251 ], [ 74.66928, 34.03251 ], [ 74.66927, 34.03305 ], [ 74.66895, 34.03305 ], [ 74.66895, 34.03332 ], [ 74.67057, 34.03333 ], [ 74.67057, 34.0336 ], [ 74.6709, 34.0336 ], [ 74.6709, 34.03306 ], [ 74.67057, 34.03306 ], [ 74.67058, 34.03251 ], [ 74.67025, 34.03251 ], [ 74.67025, 34.03224 ], [ 74.67058, 34.03224 ] ] ], [ [ [ 74.66927, 34.03467 ], [ 74.66927, 34.03495 ], [ 74.66959, 34.03495 ], [ 74.66959, 34.03468 ], [ 74.66927, 34.03467 ] ] ], [ [ [ 74.67049, 34.05551 ], [ 74.66984, 34.05551 ], [ 74.66984, 34.05578 ], [ 74.67049, 34.05578 ], [ 74.67049, 34.05551 ] ] ], [ [ [ 74.73081, 33.99749 ], [ 74.73048, 33.99749 ], [ 74.73048, 33.99776 ], [ 74.73081, 33.99776 ], [ 74.73081, 33.99749 ] ] ], [ [ [ 74.73048, 33.99776 ], [ 74.72983, 33.99776 ], [ 74.72983, 33.99803 ], [ 74.73048, 33.99803 ], [ 74.73048, 33.99776 ] ] ], [ [ [ 74.69473, 34.00254 ], [ 74.69473, 34.00281 ], [ 74.69506, 34.00281 ], [ 74.69506, 34.00254 ], [ 74.69473, 34.00254 ] ] ], [ [ [ 74.6814, 34.00657 ], [ 74.6814, 34.00576 ], [ 74.68173, 34.00576 ], [ 74.68173, 34.00549 ], [ 74.68108, 34.00549 ], [ 74.68107, 34.00657 ], [ 74.6814, 34.00657 ] ] ], [ [ [ 74.68399, 34.00793 ], [ 74.68367, 34.00793 ], [ 74.68367, 34.0082 ], [ 74.68399, 34.0082 ], [ 74.68399, 34.00793 ] ] ], [ [ [ 74.68302, 34.00847 ], [ 74.68301, 34.00874 ], [ 74.68334, 34.00874 ], [ 74.68334, 34.00847 ], [ 74.68302, 34.00847 ] ] ], [ [ [ 74.70867, 34.01286 ], [ 74.70867, 34.01313 ], [ 74.70899, 34.01313 ], [ 74.70899, 34.01286 ], [ 74.70867, 34.01286 ] ] ], [ [ [ 74.70931, 34.0134 ], [ 74.70899, 34.0134 ], [ 74.70899, 34.01475 ], [ 74.70931, 34.01475 ], [ 74.70931, 34.0134 ] ] ], [ [ [ 74.73693, 34.01482 ], [ 74.73693, 34.01536 ], [ 74.73725, 34.01536 ], [ 74.73725, 34.01509 ], [ 74.73758, 34.01509 ], [ 74.73758, 34.01428 ], [ 74.73725, 34.01428 ], [ 74.73725, 34.01482 ], [ 74.73693, 34.01482 ] ] ], [ [ [ 74.7379, 34.01536 ], [ 74.7379, 34.01563 ], [ 74.73822, 34.01563 ], [ 74.73823, 34.01536 ], [ 74.7379, 34.01536 ] ] ], [ [ [ 74.73757, 34.01644 ], [ 74.7379, 34.01644 ], [ 74.7379, 34.01563 ], [ 74.73725, 34.01563 ], [ 74.73725, 34.0159 ], [ 74.73757, 34.0159 ], [ 74.73757, 34.01644 ] ] ], [ [ [ 74.70931, 34.01611 ], [ 74.7093, 34.01692 ], [ 74.70963, 34.01692 ], [ 74.70963, 34.01611 ], [ 74.70931, 34.01611 ] ] ], [ [ [ 74.67421, 34.01845 ], [ 74.67421, 34.01791 ], [ 74.67388, 34.01791 ], [ 74.67388, 34.01737 ], [ 74.67356, 34.01737 ], [ 74.67356, 34.01683 ], [ 74.67259, 34.01683 ], [ 74.67259, 34.0171 ], [ 74.67226, 34.0171 ], [ 74.67226, 34.01764 ], [ 74.67161, 34.01764 ], [ 74.67161, 34.01791 ], [ 74.67128, 34.01791 ], [ 74.67128, 34.01818 ], [ 74.67226, 34.01818 ], [ 74.67225, 34.01872 ], [ 74.67193, 34.01872 ], [ 74.67193, 34.01926 ], [ 74.6729, 34.01926 ], [ 74.6729, 34.01899 ], [ 74.67258, 34.01899 ], [ 74.67258, 34.01872 ], [ 74.67323, 34.01872 ], [ 74.67323, 34.01845 ], [ 74.67421, 34.01845 ] ], [ [ 74.67356, 34.01818 ], [ 74.67323, 34.01818 ], [ 74.67323, 34.01764 ], [ 74.67356, 34.01764 ], [ 74.67356, 34.01818 ] ] ], [ [ [ 74.70963, 34.01719 ], [ 74.7093, 34.01719 ], [ 74.70929, 34.01935 ], [ 74.70962, 34.01935 ], [ 74.70963, 34.01719 ] ] ], [ [ [ 74.67096, 34.01845 ], [ 74.67128, 34.01845 ], [ 74.67128, 34.01818 ], [ 74.67096, 34.01818 ], [ 74.67096, 34.01845 ] ] ], [ [ [ 74.67193, 34.01845 ], [ 74.67128, 34.01845 ], [ 74.67128, 34.01872 ], [ 74.67193, 34.01872 ], [ 74.67193, 34.01845 ] ] ], [ [ [ 74.6716, 34.01953 ], [ 74.67128, 34.01953 ], [ 74.67128, 34.0198 ], [ 74.6716, 34.0198 ], [ 74.6716, 34.01953 ] ] ], [ [ [ 74.67092, 34.02792 ], [ 74.67092, 34.02819 ], [ 74.67124, 34.02819 ], [ 74.67124, 34.02792 ], [ 74.67092, 34.02792 ] ] ], [ [ [ 74.68423, 34.03228 ], [ 74.68423, 34.03255 ], [ 74.68455, 34.03255 ], [ 74.68455, 34.03228 ], [ 74.68423, 34.03228 ] ] ], [ [ [ 74.68358, 34.03255 ], [ 74.68293, 34.03255 ], [ 74.68292, 34.03282 ], [ 74.68357, 34.03282 ], [ 74.68358, 34.03255 ] ] ], [ [ [ 74.6852, 34.03309 ], [ 74.6852, 34.03282 ], [ 74.68552, 34.03282 ], [ 74.68553, 34.03255 ], [ 74.68488, 34.03255 ], [ 74.68487, 34.03309 ], [ 74.6852, 34.03309 ] ] ], [ [ [ 74.68292, 34.0339 ], [ 74.68292, 34.03444 ], [ 74.68357, 34.03444 ], [ 74.68357, 34.0339 ], [ 74.68325, 34.0339 ], [ 74.68325, 34.03363 ], [ 74.6826, 34.03363 ], [ 74.6826, 34.0339 ], [ 74.68292, 34.0339 ] ] ], [ [ [ 74.67605, 34.0447 ], [ 74.6754, 34.0447 ], [ 74.6754, 34.04497 ], [ 74.67605, 34.04497 ], [ 74.67605, 34.0447 ] ] ], [ [ [ 74.67605, 34.04687 ], [ 74.6754, 34.04687 ], [ 74.6754, 34.04714 ], [ 74.67605, 34.04714 ], [ 74.67605, 34.04687 ] ] ], [ [ [ 74.84338, 33.90028 ], [ 74.84306, 33.90028 ], [ 74.84306, 33.90055 ], [ 74.84338, 33.90055 ], [ 74.84338, 33.90028 ] ] ], [ [ [ 74.85014, 33.93411 ], [ 74.85014, 33.93438 ], [ 74.85046, 33.93438 ], [ 74.85046, 33.93411 ], [ 74.85014, 33.93411 ] ] ], [ [ [ 74.84949, 33.93411 ], [ 74.84949, 33.93438 ], [ 74.84981, 33.93438 ], [ 74.84981, 33.93411 ], [ 74.84949, 33.93411 ] ] ], [ [ [ 74.84722, 33.93546 ], [ 74.84786, 33.93546 ], [ 74.84787, 33.93519 ], [ 74.84884, 33.93519 ], [ 74.84884, 33.93438 ], [ 74.84916, 33.93438 ], [ 74.84917, 33.93411 ], [ 74.84949, 33.93411 ], [ 74.84949, 33.93384 ], [ 74.84852, 33.93383 ], [ 74.84852, 33.9341 ], [ 74.84819, 33.9341 ], [ 74.84819, 33.93356 ], [ 74.84754, 33.93356 ], [ 74.84754, 33.93302 ], [ 74.84722, 33.93302 ], [ 74.84722, 33.93275 ], [ 74.8469, 33.93275 ], [ 74.84689, 33.9341 ], [ 74.84657, 33.9341 ], [ 74.84657, 33.93546 ], [ 74.84689, 33.93546 ], [ 74.84689, 33.93573 ], [ 74.84721, 33.93573 ], [ 74.84722, 33.93546 ] ], [ [ 74.84722, 33.9341 ], [ 74.84722, 33.93491 ], [ 74.84689, 33.93491 ], [ 74.84689, 33.9341 ], [ 74.84722, 33.9341 ] ] ], [ [ [ 74.84916, 33.93438 ], [ 74.84916, 33.93465 ], [ 74.84949, 33.93465 ], [ 74.84949, 33.93438 ], [ 74.84916, 33.93438 ] ] ], [ [ [ 74.84916, 33.93492 ], [ 74.84916, 33.93519 ], [ 74.84949, 33.93519 ], [ 74.84949, 33.93492 ], [ 74.84916, 33.93492 ] ] ], [ [ [ 74.83909, 33.9395 ], [ 74.83844, 33.9395 ], [ 74.83844, 33.93977 ], [ 74.83909, 33.93977 ], [ 74.83909, 33.9395 ] ] ], [ [ [ 74.83942, 33.93978 ], [ 74.83942, 33.94005 ], [ 74.83974, 33.94005 ], [ 74.83974, 33.93978 ], [ 74.83942, 33.93978 ] ] ], [ [ [ 74.84493, 33.94113 ], [ 74.84493, 33.94168 ], [ 74.84461, 33.94168 ], [ 74.84461, 33.94222 ], [ 74.84493, 33.94222 ], [ 74.84493, 33.94195 ], [ 74.84526, 33.94195 ], [ 74.84526, 33.94168 ], [ 74.84558, 33.94168 ], [ 74.84558, 33.94114 ], [ 74.84493, 33.94113 ] ] ], [ [ [ 74.83714, 33.94275 ], [ 74.83779, 33.94275 ], [ 74.83779, 33.94248 ], [ 74.83746, 33.94248 ], [ 74.83746, 33.94221 ], [ 74.83714, 33.94221 ], [ 74.83714, 33.94275 ] ] ], [ [ [ 74.84428, 33.94222 ], [ 74.84428, 33.94276 ], [ 74.84461, 33.94276 ], [ 74.84461, 33.94222 ], [ 74.84428, 33.94222 ] ] ], [ [ [ 74.84589, 33.95034 ], [ 74.84784, 33.95034 ], [ 74.84784, 33.95007 ], [ 74.84849, 33.95007 ], [ 74.84849, 33.9498 ], [ 74.84946, 33.9498 ], [ 74.84946, 33.94953 ], [ 74.84979, 33.94953 ], [ 74.84979, 33.9498 ], [ 74.85044, 33.9498 ], [ 74.85044, 33.94953 ], [ 74.85076, 33.94953 ], [ 74.85076, 33.94899 ], [ 74.85109, 33.94899 ], [ 74.85109, 33.94926 ], [ 74.85141, 33.94926 ], [ 74.85141, 33.94845 ], [ 74.85174, 33.94845 ], [ 74.85174, 33.9471 ], [ 74.85109, 33.9471 ], [ 74.85109, 33.94682 ], [ 74.85044, 33.94682 ], [ 74.85044, 33.94655 ], [ 74.85077, 33.94655 ], [ 74.85077, 33.94628 ], [ 74.85109, 33.94628 ], [ 74.85109, 33.94574 ], [ 74.85142, 33.94574 ], [ 74.85142, 33.94601 ], [ 74.85239, 33.94601 ], [ 74.85239, 33.94574 ], [ 74.85174, 33.94574 ], [ 74.85174, 33.94547 ], [ 74.85109, 33.94547 ], [ 74.85109, 33.94466 ], [ 74.85077, 33.94466 ], [ 74.85077, 33.94412 ], [ 74.8511, 33.94412 ], [ 74.8511, 33.94358 ], [ 74.85012, 33.94358 ], [ 74.85012, 33.94331 ], [ 74.84882, 33.9433 ], [ 74.84883, 33.94249 ], [ 74.84915, 33.94249 ], [ 74.84915, 33.94195 ], [ 74.8485, 33.94195 ], [ 74.8485, 33.94168 ], [ 74.84818, 33.94168 ], [ 74.84818, 33.94114 ], [ 74.84785, 33.94114 ], [ 74.84785, 33.94087 ], [ 74.84753, 33.94087 ], [ 74.84753, 33.94033 ], [ 74.84721, 33.94033 ], [ 74.84721, 33.93978 ], [ 74.84688, 33.93978 ], [ 74.84688, 33.94006 ], [ 74.84493, 33.94005 ], [ 74.84494, 33.93978 ], [ 74.84299, 33.93978 ], [ 74.84299, 33.93951 ], [ 74.84266, 33.93951 ], [ 74.84266, 33.93924 ], [ 74.84201, 33.93924 ], [ 74.84201, 33.93951 ], [ 74.84169, 33.93951 ], [ 74.84169, 33.93978 ], [ 74.84136, 33.93978 ], [ 74.84136, 33.94032 ], [ 74.83942, 33.94032 ], [ 74.83942, 33.94005 ], [ 74.83844, 33.94004 ], [ 74.83844, 33.94086 ], [ 74.83812, 33.94086 ], [ 74.83811, 33.94167 ], [ 74.83876, 33.94167 ], [ 74.83877, 33.94059 ], [ 74.83909, 33.94059 ], [ 74.83909, 33.94194 ], [ 74.83811, 33.94194 ], [ 74.83811, 33.94302 ], [ 74.83844, 33.94302 ], [ 74.83844, 33.94329 ], [ 74.83909, 33.94329 ], [ 74.83908, 33.94356 ], [ 74.83941, 33.94356 ], [ 74.83941, 33.94383 ], [ 74.83973, 33.94383 ], [ 74.83974, 33.94302 ], [ 74.84006, 33.94302 ], [ 74.84006, 33.94275 ], [ 74.84038, 33.94275 ], [ 74.84039, 33.94248 ], [ 74.84071, 33.94248 ], [ 74.84071, 33.94194 ], [ 74.84104, 33.94194 ], [ 74.84103, 33.94275 ], [ 74.84136, 33.94275 ], [ 74.84136, 33.94329 ], [ 74.84168, 33.9433 ], [ 74.84168, 33.94357 ], [ 74.84201, 33.94357 ], [ 74.84201, 33.94438 ], [ 74.84233, 33.94438 ], [ 74.84233, 33.94546 ], [ 74.84265, 33.94546 ], [ 74.84265, 33.94519 ], [ 74.84298, 33.94519 ], [ 74.84298, 33.94492 ], [ 74.84363, 33.94492 ], [ 74.84363, 33.94519 ], [ 74.8433, 33.94519 ], [ 74.8433, 33.94546 ], [ 74.84298, 33.94546 ], [ 74.84298, 33.94627 ], [ 74.8433, 33.94627 ], [ 74.8433, 33.94681 ], [ 74.84362, 33.94682 ], [ 74.84362, 33.94736 ], [ 74.84395, 33.94736 ], [ 74.84395, 33.94763 ], [ 74.84427, 33.94763 ], [ 74.84427, 33.9479 ], [ 74.8446, 33.9479 ], [ 74.8446, 33.94817 ], [ 74.84492, 33.94817 ], [ 74.84492, 33.94871 ], [ 74.84557, 33.94871 ], [ 74.84557, 33.94844 ], [ 74.84622, 33.94844 ], [ 74.84622, 33.94871 ], [ 74.84589, 33.94871 ], [ 74.84589, 33.94898 ], [ 74.84557, 33.94898 ], [ 74.84557, 33.95006 ], [ 74.84589, 33.95006 ], [ 74.84589, 33.95034 ] ], [ [ 74.85044, 33.94709 ], [ 74.85012, 33.94709 ], [ 74.85012, 33.94682 ], [ 74.85044, 33.94682 ], [ 74.85044, 33.94709 ] ], [ [ 74.84363, 33.94438 ], [ 74.84395, 33.94438 ], [ 74.84395, 33.94411 ], [ 74.84428, 33.94411 ], [ 74.84428, 33.94384 ], [ 74.8446, 33.94384 ], [ 74.8446, 33.94357 ], [ 74.84493, 33.94357 ], [ 74.84493, 33.9433 ], [ 74.84558, 33.9433 ], [ 74.84558, 33.94357 ], [ 74.84525, 33.94357 ], [ 74.84525, 33.94411 ], [ 74.8446, 33.94411 ], [ 74.8446, 33.94438 ], [ 74.84428, 33.94438 ], [ 74.84428, 33.94465 ], [ 74.84395, 33.94465 ], [ 74.84395, 33.94492 ], [ 74.84363, 33.94492 ], [ 74.84363, 33.94438 ] ], [ [ 74.84428, 33.9433 ], [ 74.84428, 33.94357 ], [ 74.84395, 33.94357 ], [ 74.84395, 33.94384 ], [ 74.8433, 33.94384 ], [ 74.84331, 33.94357 ], [ 74.84363, 33.94357 ], [ 74.84363, 33.9433 ], [ 74.84395, 33.9433 ], [ 74.84396, 33.94303 ], [ 74.84428, 33.94303 ], [ 74.84428, 33.94276 ], [ 74.84363, 33.94276 ], [ 74.84363, 33.94249 ], [ 74.84396, 33.94249 ], [ 74.84396, 33.94195 ], [ 74.84428, 33.94195 ], [ 74.84428, 33.9414 ], [ 74.84461, 33.94141 ], [ 74.84461, 33.94086 ], [ 74.84591, 33.94087 ], [ 74.84591, 33.94114 ], [ 74.84623, 33.94114 ], [ 74.84623, 33.94168 ], [ 74.84591, 33.94168 ], [ 74.84591, 33.94195 ], [ 74.84558, 33.94195 ], [ 74.84558, 33.94222 ], [ 74.84526, 33.94222 ], [ 74.84525, 33.94276 ], [ 74.84493, 33.94276 ], [ 74.84493, 33.9433 ], [ 74.84428, 33.9433 ] ], [ [ 74.8433, 33.94411 ], [ 74.84298, 33.94411 ], [ 74.84298, 33.94384 ], [ 74.8433, 33.94384 ], [ 74.8433, 33.94411 ] ], [ [ 74.84558, 33.94303 ], [ 74.8459, 33.94303 ], [ 74.8459, 33.9433 ], [ 74.84558, 33.9433 ], [ 74.84558, 33.94303 ] ], [ [ 74.8459, 33.94276 ], [ 74.84623, 33.94276 ], [ 74.84623, 33.94303 ], [ 74.8459, 33.94303 ], [ 74.8459, 33.94276 ] ], [ [ 74.84623, 33.94249 ], [ 74.84655, 33.94249 ], [ 74.84655, 33.94276 ], [ 74.84623, 33.94276 ], [ 74.84623, 33.94249 ] ], [ [ 74.84655, 33.94195 ], [ 74.8472, 33.94195 ], [ 74.8472, 33.94222 ], [ 74.84688, 33.94222 ], [ 74.84688, 33.94249 ], [ 74.84655, 33.94249 ], [ 74.84655, 33.94195 ] ], [ [ 74.84362, 33.94654 ], [ 74.84395, 33.94655 ], [ 74.84395, 33.94682 ], [ 74.84362, 33.94682 ], [ 74.84362, 33.94654 ] ], [ [ 74.84622, 33.94817 ], [ 74.84654, 33.94817 ], [ 74.84654, 33.94844 ], [ 74.84622, 33.94844 ], [ 74.84622, 33.94817 ] ], [ [ 74.85076, 33.94764 ], [ 74.85141, 33.94764 ], [ 74.85141, 33.94791 ], [ 74.85109, 33.94791 ], [ 74.85109, 33.94845 ], [ 74.85076, 33.94845 ], [ 74.85076, 33.94764 ] ], [ [ 74.84947, 33.9479 ], [ 74.84882, 33.9479 ], [ 74.84882, 33.94763 ], [ 74.84947, 33.94763 ], [ 74.84947, 33.9479 ] ], [ [ 74.84622, 33.94736 ], [ 74.8459, 33.94736 ], [ 74.8459, 33.94682 ], [ 74.84622, 33.94682 ], [ 74.84622, 33.94736 ] ], [ [ 74.84849, 33.94682 ], [ 74.84914, 33.94682 ], [ 74.84914, 33.94709 ], [ 74.84849, 33.94709 ], [ 74.84849, 33.94682 ] ], [ [ 74.84914, 33.94655 ], [ 74.84947, 33.94655 ], [ 74.84947, 33.94682 ], [ 74.84914, 33.94682 ], [ 74.84914, 33.94655 ] ], [ [ 74.84687, 33.94628 ], [ 74.8472, 33.94628 ], [ 74.8472, 33.94655 ], [ 74.84687, 33.94655 ], [ 74.84687, 33.94628 ] ], [ [ 74.8472, 33.94601 ], [ 74.84752, 33.94601 ], [ 74.84752, 33.94628 ], [ 74.8472, 33.94628 ], [ 74.8472, 33.94601 ] ], [ [ 74.84752, 33.94574 ], [ 74.84785, 33.94574 ], [ 74.84785, 33.94547 ], [ 74.84817, 33.94547 ], [ 74.84817, 33.94601 ], [ 74.84752, 33.94601 ], [ 74.84752, 33.94574 ] ], [ [ 74.84395, 33.946 ], [ 74.84363, 33.946 ], [ 74.84363, 33.94573 ], [ 74.84395, 33.94573 ], [ 74.84395, 33.946 ] ], [ [ 74.84979, 33.94601 ], [ 74.84947, 33.94601 ], [ 74.84947, 33.94574 ], [ 74.84979, 33.94574 ], [ 74.84979, 33.94601 ] ], [ [ 74.8446, 33.94546 ], [ 74.84428, 33.94546 ], [ 74.84428, 33.94519 ], [ 74.8446, 33.94519 ], [ 74.8446, 33.94546 ] ], [ [ 74.85012, 33.94547 ], [ 74.84979, 33.94547 ], [ 74.8498, 33.9452 ], [ 74.85012, 33.9452 ], [ 74.85012, 33.94547 ] ], [ [ 74.84622, 33.94465 ], [ 74.84655, 33.94465 ], [ 74.84655, 33.94492 ], [ 74.84622, 33.94492 ], [ 74.84622, 33.94465 ] ], [ [ 74.84655, 33.94438 ], [ 74.8472, 33.94438 ], [ 74.8472, 33.94466 ], [ 74.84655, 33.94465 ], [ 74.84655, 33.94438 ] ], [ [ 74.8472, 33.94303 ], [ 74.84688, 33.94303 ], [ 74.84688, 33.94276 ], [ 74.8472, 33.94276 ], [ 74.8472, 33.94303 ] ], [ [ 74.84363, 33.94222 ], [ 74.84298, 33.94221 ], [ 74.84298, 33.94194 ], [ 74.84331, 33.94194 ], [ 74.84331, 33.94167 ], [ 74.84363, 33.94167 ], [ 74.84363, 33.94222 ] ], [ [ 74.84363, 33.94113 ], [ 74.84396, 33.94113 ], [ 74.84396, 33.94167 ], [ 74.84363, 33.94167 ], [ 74.84363, 33.94113 ] ], [ [ 74.84396, 33.94086 ], [ 74.84428, 33.94086 ], [ 74.84428, 33.94113 ], [ 74.84396, 33.94113 ], [ 74.84396, 33.94086 ] ], [ [ 74.84169, 33.94167 ], [ 74.84136, 33.94167 ], [ 74.84136, 33.9414 ], [ 74.84169, 33.9414 ], [ 74.84169, 33.94167 ] ], [ [ 74.8472, 33.94141 ], [ 74.84688, 33.94141 ], [ 74.84688, 33.94114 ], [ 74.84721, 33.94114 ], [ 74.8472, 33.94141 ] ], [ [ 74.84266, 33.94113 ], [ 74.84201, 33.94113 ], [ 74.84201, 33.94059 ], [ 74.84234, 33.94059 ], [ 74.84234, 33.94086 ], [ 74.84266, 33.94086 ], [ 74.84266, 33.94113 ] ], [ [ 74.84266, 33.94032 ], [ 74.84299, 33.94032 ], [ 74.84299, 33.94086 ], [ 74.84266, 33.94086 ], [ 74.84266, 33.94032 ] ] ], [ [ [ 74.76657, 33.98809 ], [ 74.76722, 33.98809 ], [ 74.76722, 33.98782 ], [ 74.76689, 33.98782 ], [ 74.76689, 33.98755 ], [ 74.76657, 33.98755 ], [ 74.76657, 33.98809 ] ] ], [ [ [ 74.76524, 33.99999 ], [ 74.76589, 33.99999 ], [ 74.76589, 33.99972 ], [ 74.76524, 33.99972 ], [ 74.76524, 33.99999 ] ] ], [ [ [ 74.76621, 33.99999 ], [ 74.76589, 33.99999 ], [ 74.76588, 34.00026 ], [ 74.76621, 34.00027 ], [ 74.76621, 33.99999 ] ] ], [ [ [ 74.77141, 34.00027 ], [ 74.77108, 34.00027 ], [ 74.77108, 34.00054 ], [ 74.77141, 34.00055 ], [ 74.77141, 34.00027 ] ] ], [ [ [ 74.76588, 34.00108 ], [ 74.76588, 34.00135 ], [ 74.76653, 34.00135 ], [ 74.76653, 34.00108 ], [ 74.76588, 34.00108 ] ] ], [ [ [ 74.76588, 34.00162 ], [ 74.76588, 34.00135 ], [ 74.76523, 34.00135 ], [ 74.76523, 34.00162 ], [ 74.76588, 34.00162 ] ] ], [ [ [ 74.76197, 34.00513 ], [ 74.76165, 34.00513 ], [ 74.76165, 34.0054 ], [ 74.76197, 34.0054 ], [ 74.76197, 34.00513 ] ] ], [ [ [ 74.74051, 34.01212 ], [ 74.74051, 34.01239 ], [ 74.74018, 34.01239 ], [ 74.74018, 34.01293 ], [ 74.74051, 34.01293 ], [ 74.74051, 34.01266 ], [ 74.74083, 34.01266 ], [ 74.74083, 34.01239 ], [ 74.74116, 34.01239 ], [ 74.74116, 34.01212 ], [ 74.74051, 34.01212 ] ] ], [ [ [ 74.76585, 34.01271 ], [ 74.76585, 34.01298 ], [ 74.76617, 34.01298 ], [ 74.76618, 34.01271 ], [ 74.76585, 34.01271 ] ] ], [ [ [ 74.74116, 34.01293 ], [ 74.74051, 34.01293 ], [ 74.74051, 34.0132 ], [ 74.74116, 34.0132 ], [ 74.74116, 34.01293 ] ] ], [ [ [ 74.73855, 34.0159 ], [ 74.73855, 34.01644 ], [ 74.73887, 34.01644 ], [ 74.73887, 34.0159 ], [ 74.73855, 34.0159 ] ] ], [ [ [ 74.76064, 34.01811 ], [ 74.76064, 34.01838 ], [ 74.76129, 34.01838 ], [ 74.76129, 34.01811 ], [ 74.76064, 34.01811 ] ] ], [ [ [ 74.99135, 33.87034 ], [ 74.99103, 33.87034 ], [ 74.99103, 33.87061 ], [ 74.99135, 33.87061 ], [ 74.99135, 33.87034 ] ] ], [ [ [ 74.9907, 33.87061 ], [ 74.9907, 33.87088 ], [ 74.99103, 33.87088 ], [ 74.99103, 33.87061 ], [ 74.9907, 33.87061 ] ] ], [ [ [ 74.98973, 33.87115 ], [ 74.98973, 33.87142 ], [ 74.99005, 33.87142 ], [ 74.99005, 33.87115 ], [ 74.98973, 33.87115 ] ] ], [ [ [ 74.9735, 33.88793 ], [ 74.97318, 33.88793 ], [ 74.97318, 33.8882 ], [ 74.9735, 33.8882 ], [ 74.9735, 33.88793 ] ] ], [ [ [ 74.97253, 33.8882 ], [ 74.97253, 33.88847 ], [ 74.97286, 33.88847 ], [ 74.97286, 33.8882 ], [ 74.97253, 33.8882 ] ] ], [ [ [ 74.86317, 33.90761 ], [ 74.86317, 33.90788 ], [ 74.86284, 33.90788 ], [ 74.86284, 33.90842 ], [ 74.86349, 33.90842 ], [ 74.86349, 33.90815 ], [ 74.86381, 33.90815 ], [ 74.86381, 33.90788 ], [ 74.86349, 33.90788 ], [ 74.86349, 33.90761 ], [ 74.86317, 33.90761 ] ] ], [ [ [ 74.86414, 33.90869 ], [ 74.86381, 33.90869 ], [ 74.86381, 33.90896 ], [ 74.86414, 33.90896 ], [ 74.86414, 33.90869 ] ] ], [ [ [ 74.86218, 33.91545 ], [ 74.86218, 33.91572 ], [ 74.8625, 33.91572 ], [ 74.8625, 33.91545 ], [ 74.86218, 33.91545 ] ] ], [ [ [ 74.86023, 33.91572 ], [ 74.86023, 33.91599 ], [ 74.86056, 33.91599 ], [ 74.86056, 33.91572 ], [ 74.86023, 33.91572 ] ] ], [ [ [ 74.86185, 33.91626 ], [ 74.86218, 33.91626 ], [ 74.86218, 33.91572 ], [ 74.86153, 33.91572 ], [ 74.86153, 33.91599 ], [ 74.86185, 33.91599 ], [ 74.86185, 33.91626 ] ] ], [ [ [ 74.85991, 33.91599 ], [ 74.85991, 33.91626 ], [ 74.86023, 33.91626 ], [ 74.86023, 33.91599 ], [ 74.85991, 33.91599 ] ] ], [ [ [ 74.8612, 33.91653 ], [ 74.86121, 33.91599 ], [ 74.86056, 33.91599 ], [ 74.86056, 33.91626 ], [ 74.86088, 33.91626 ], [ 74.86088, 33.91653 ], [ 74.8612, 33.91653 ] ] ], [ [ [ 74.85828, 33.92032 ], [ 74.8586, 33.92032 ], [ 74.8586, 33.92059 ], [ 74.85893, 33.92059 ], [ 74.85893, 33.92005 ], [ 74.8586, 33.92005 ], [ 74.8586, 33.91978 ], [ 74.85828, 33.91978 ], [ 74.85828, 33.92032 ] ] ], [ [ [ 74.86022, 33.92465 ], [ 74.86022, 33.92411 ], [ 74.85957, 33.92411 ], [ 74.85957, 33.92438 ], [ 74.85989, 33.92438 ], [ 74.85989, 33.92465 ], [ 74.86022, 33.92465 ] ] ], [ [ [ 74.86833, 33.92547 ], [ 74.86833, 33.92574 ], [ 74.86865, 33.92574 ], [ 74.86866, 33.92547 ], [ 74.86833, 33.92547 ] ] ], [ [ [ 74.86833, 33.92682 ], [ 74.868, 33.92682 ], [ 74.868, 33.92709 ], [ 74.86833, 33.92709 ], [ 74.86833, 33.92682 ] ] ], [ [ [ 74.85274, 33.93384 ], [ 74.85274, 33.9333 ], [ 74.85241, 33.9333 ], [ 74.85241, 33.93357 ], [ 74.85209, 33.93357 ], [ 74.85209, 33.93303 ], [ 74.85241, 33.93303 ], [ 74.85241, 33.93249 ], [ 74.85209, 33.93249 ], [ 74.85209, 33.93221 ], [ 74.85177, 33.93221 ], [ 74.85177, 33.93249 ], [ 74.85144, 33.93248 ], [ 74.85144, 33.93221 ], [ 74.85047, 33.93221 ], [ 74.85047, 33.93275 ], [ 74.85014, 33.93275 ], [ 74.85014, 33.93329 ], [ 74.84949, 33.93329 ], [ 74.84949, 33.93356 ], [ 74.84982, 33.93357 ], [ 74.84981, 33.93411 ], [ 74.85014, 33.93411 ], [ 74.85014, 33.93384 ], [ 74.85046, 33.93384 ], [ 74.85046, 33.93357 ], [ 74.85111, 33.93357 ], [ 74.85111, 33.93411 ], [ 74.85144, 33.93411 ], [ 74.85144, 33.93465 ], [ 74.85176, 33.93465 ], [ 74.85176, 33.93438 ], [ 74.85209, 33.93438 ], [ 74.85209, 33.93411 ], [ 74.85241, 33.93411 ], [ 74.85241, 33.93384 ], [ 74.85274, 33.93384 ] ], [ [ 74.85144, 33.93303 ], [ 74.85111, 33.93303 ], [ 74.85112, 33.93275 ], [ 74.85176, 33.93276 ], [ 74.85176, 33.9333 ], [ 74.85144, 33.9333 ], [ 74.85144, 33.93303 ] ] ], [ [ [ 74.85111, 33.93573 ], [ 74.85111, 33.936 ], [ 74.85143, 33.936 ], [ 74.85143, 33.93573 ], [ 74.85111, 33.93573 ] ] ], [ [ [ 74.85176, 33.936 ], [ 74.85143, 33.936 ], [ 74.85143, 33.93627 ], [ 74.85176, 33.93627 ], [ 74.85176, 33.936 ] ] ], [ [ [ 74.91986, 34.0056 ], [ 74.91986, 34.00587 ], [ 74.92019, 34.00587 ], [ 74.92019, 34.0056 ], [ 74.91986, 34.0056 ] ] ], [ [ [ 74.91694, 34.00966 ], [ 74.91693, 34.00993 ], [ 74.91726, 34.00993 ], [ 74.91726, 34.00966 ], [ 74.91694, 34.00966 ] ] ] ] } },
{ "type": "Feature", "properties": { "test": "drop_only", "ha": 224.0 }, "geometry": { "type": "MultiPolygon", "coordinates": [ [ [ [ 74.6395, 34.00321 ], [ 74.6395, 34.00294 ], [ 74.63983, 34.00294 ], [ 74.63983, 34.0024 ], [ 74.63951, 34.00239 ], [ 74.63951, 34.00212 ], [ 74.63886, 34.00212 ], [ 74.63885, 34.0032 ], [ 74.6395, 34.00321 ] ] ], [ [ [ 74.63008, 34.00318 ], [ 74.63008, 34.00264 ], [ 74.62976, 34.00264 ], [ 74.62976, 34.00318 ], [ 74.63008, 34.00318 ] ] ], [ [ [ 74.62943, 34.00345 ], [ 74.62943, 34.00318 ], [ 74.62911, 34.00317 ], [ 74.62911, 34.00345 ], [ 74.62943, 34.00345 ] ] ], [ [ [ 74.61284, 34.00745 ], [ 74.61285, 34.00691 ], [ 74.61252, 34.00691 ], [ 74.61252, 34.00772 ], [ 74.61154, 34.00772 ], [ 74.61154, 34.00745 ], [ 74.61122, 34.00745 ], [ 74.61121, 34.00853 ], [ 74.61186, 34.00853 ], [ 74.61187, 34.00826 ], [ 74.61252, 34.00826 ], [ 74.61251, 34.00854 ], [ 74.61284, 34.00854 ], [ 74.61284, 34.00772 ], [ 74.61317, 34.00773 ], [ 74.61317, 34.00745 ], [ 74.61284, 34.00745 ] ] ], [ [ [ 74.62876, 34.00804 ], [ 74.62876, 34.00777 ], [ 74.62779, 34.00777 ], [ 74.62778, 34.00831 ], [ 74.62811, 34.00831 ], [ 74.62811, 34.00804 ], [ 74.62876, 34.00804 ] ] ], [ [ [ 74.61121, 34.00907 ], [ 74.61121, 34.0088 ], [ 74.61089, 34.0088 ], [ 74.61089, 34.00907 ], [ 74.61121, 34.00907 ] ] ], [ [ [ 74.62811, 34.00939 ], [ 74.62811, 34.00885 ], [ 74.62778, 34.00885 ], [ 74.62778, 34.00939 ], [ 74.62811, 34.00939 ] ] ], [ [ [ 74.61348, 34.00962 ], [ 74.61349, 34.00908 ], [ 74.61316, 34.00908 ], [ 74.61316, 34.00962 ], [ 74.61348, 34.00962 ] ] ], [ [ [ 74.61446, 34.00989 ], [ 74.61446, 34.00962 ], [ 74.61413, 34.00962 ], [ 74.61413, 34.00989 ], [ 74.61446, 34.00989 ] ] ], [ [ [ 74.61316, 34.01016 ], [ 74.61316, 34.00962 ], [ 74.61283, 34.00962 ], [ 74.61283, 34.01016 ], [ 74.61316, 34.01016 ] ] ], [ [ [ 74.61901, 34.00991 ], [ 74.619, 34.01045 ], [ 74.61933, 34.01045 ], [ 74.61933, 34.01099 ], [ 74.61998, 34.01099 ], [ 74.61998, 34.01072 ], [ 74.6203, 34.01072 ], [ 74.6203, 34.01045 ], [ 74.62063, 34.01045 ], [ 74.62063, 34.01018 ], [ 74.6203, 34.01018 ], [ 74.62031, 34.00991 ], [ 74.61901, 34.00991 ] ] ], [ [ [ 74.61445, 34.01125 ], [ 74.61445, 34.01071 ], [ 74.61413, 34.0107 ], [ 74.61413, 34.01125 ], [ 74.61445, 34.01125 ] ] ], [ [ [ 74.6177, 34.0118 ], [ 74.6177, 34.01126 ], [ 74.61738, 34.01126 ], [ 74.61737, 34.0118 ], [ 74.6177, 34.0118 ] ] ], [ [ [ 74.61737, 34.01234 ], [ 74.61737, 34.01207 ], [ 74.61672, 34.01207 ], [ 74.61672, 34.01234 ], [ 74.6164, 34.01234 ], [ 74.61639, 34.01288 ], [ 74.61574, 34.01287 ], [ 74.61574, 34.01314 ], [ 74.61607, 34.01315 ], [ 74.61607, 34.01342 ], [ 74.61737, 34.01342 ], [ 74.61737, 34.01315 ], [ 74.61704, 34.01315 ], [ 74.61704, 34.01288 ], [ 74.61672, 34.01288 ], [ 74.61672, 34.01261 ], [ 74.61704, 34.01261 ], [ 74.61705, 34.01234 ], [ 74.61737, 34.01234 ] ] ], [ [ [ 74.60925, 34.01285 ], [ 74.60925, 34.01258 ], [ 74.6086, 34.01258 ], [ 74.6086, 34.01285 ], [ 74.60925, 34.01285 ] ] ], [ [ [ 74.61152, 34.01313 ], [ 74.61152, 34.01259 ], [ 74.6112, 34.01259 ], [ 74.61119, 34.0134 ], [ 74.61184, 34.0134 ], [ 74.61184, 34.01313 ], [ 74.61152, 34.01313 ] ] ], [ [ [ 74.61574, 34.01369 ], [ 74.61574, 34.01342 ], [ 74.61542, 34.01341 ], [ 74.61541, 34.01368 ], [ 74.61574, 34.01369 ] ] ], [ [ [ 74.63361, 34.01374 ], [ 74.63361, 34.01347 ], [ 74.63329, 34.01347 ], [ 74.63328, 34.01374 ], [ 74.63361, 34.01374 ] ] ], [ [ [ 74.63393, 34.01401 ], [ 74.63393, 34.01374 ], [ 74.63361, 34.01374 ], [ 74.63361, 34.01401 ], [ 74.63393, 34.01401 ] ] ], [ [ [ 74.63458, 34.01456 ], [ 74.63458, 34.01428 ], [ 74.63426, 34.01428 ], [ 74.63426, 34.01455 ], [ 74.63458, 34.01456 ] ] ], [ [ [ 74.61378, 34.01503 ], [ 74.61379, 34.01422 ], [ 74.61281, 34.01422 ], [ 74.61281, 34.01503 ], [ 74.61378, 34.01503 ] ] ], [ [ [ 74.62125, 34.01668 ], [ 74.62125, 34.01641 ], [ 74.62093, 34.01641 ], [ 74.62093, 34.01668 ], [ 74.62125, 34.01668 ] ] ], [ [ [ 74.61118, 34.01719 ], [ 74.61117, 34.01746 ], [ 74.6115, 34.01746 ], [ 74.6115, 34.01638 ], [ 74.61118, 34.01638 ], [ 74.61118, 34.01611 ], [ 74.61053, 34.0161 ], [ 74.61053, 34.01692 ], [ 74.61085, 34.01692 ], [ 74.61085, 34.01719 ], [ 74.61118, 34.01719 ] ] ], [ [ [ 74.61962, 34.0183 ], [ 74.61962, 34.01803 ], [ 74.61897, 34.01802 ], [ 74.61897, 34.0183 ], [ 74.61962, 34.0183 ] ] ], [ [ [ 74.61864, 34.01829 ], [ 74.61864, 34.01802 ], [ 74.61799, 34.01802 ], [ 74.61799, 34.01829 ], [ 74.61864, 34.01829 ] ] ], [ [ [ 74.61929, 34.01938 ], [ 74.61929, 34.01911 ], [ 74.61896, 34.01911 ], [ 74.61896, 34.01938 ], [ 74.61929, 34.01938 ] ] ], [ [ [ 74.61896, 34.01992 ], [ 74.61896, 34.01938 ], [ 74.61864, 34.01938 ], [ 74.61864, 34.01992 ], [ 74.61896, 34.01992 ] ] ], [ [ [ 74.62773, 34.02103 ], [ 74.62773, 34.02076 ], [ 74.62741, 34.02076 ], [ 74.6274, 34.02103 ], [ 74.62773, 34.02103 ] ] ], [ [ [ 74.6365, 34.02132 ], [ 74.6365, 34.02187 ], [ 74.63715, 34.02187 ], [ 74.63716, 34.02024 ], [ 74.63521, 34.02024 ], [ 74.6352, 34.02078 ], [ 74.63553, 34.02078 ], [ 74.63553, 34.02105 ], [ 74.63618, 34.02105 ], [ 74.63618, 34.02132 ], [ 74.6365, 34.02132 ] ] ], [ [ [ 74.62902, 34.02211 ], [ 74.62903, 34.02184 ], [ 74.6287, 34.02184 ], [ 74.6287, 34.02211 ], [ 74.62902, 34.02211 ] ] ], [ [ [ 74.62383, 34.0221 ], [ 74.62382, 34.02237 ], [ 74.6235, 34.02237 ], [ 74.62349, 34.02345 ], [ 74.62382, 34.02345 ], [ 74.62382, 34.02372 ], [ 74.62447, 34.02372 ], [ 74.62447, 34.02345 ], [ 74.62512, 34.02346 ], [ 74.62512, 34.02318 ], [ 74.62545, 34.02319 ], [ 74.62545, 34.02183 ], [ 74.62513, 34.02183 ], [ 74.62513, 34.0221 ], [ 74.62383, 34.0221 ] ] ], [ [ [ 74.62739, 34.02454 ], [ 74.62739, 34.02536 ], [ 74.62869, 34.02536 ], [ 74.62869, 34.02509 ], [ 74.62836, 34.02509 ], [ 74.62836, 34.02482 ], [ 74.62804, 34.02482 ], [ 74.62804, 34.02428 ], [ 74.62707, 34.02427 ], [ 74.62706, 34.02454 ], [ 74.62739, 34.02454 ] ] ], [ [ [ 74.62089, 34.02507 ], [ 74.62089, 34.02452 ], [ 74.62057, 34.02452 ], [ 74.62056, 34.02506 ], [ 74.62089, 34.02507 ] ] ], [ [ [ 74.62056, 34.02615 ], [ 74.62056, 34.02561 ], [ 74.62024, 34.0256 ], [ 74.62024, 34.02533 ], [ 74.61959, 34.02533 ], [ 74.61959, 34.02506 ], [ 74.61926, 34.02506 ], [ 74.61927, 34.02452 ], [ 74.61829, 34.02452 ], [ 74.61829, 34.02533 ], [ 74.61861, 34.02533 ], [ 74.61861, 34.0256 ], [ 74.61894, 34.0256 ], [ 74.61893, 34.02641 ], [ 74.61861, 34.02641 ], [ 74.61861, 34.02668 ], [ 74.61926, 34.02668 ], [ 74.61925, 34.02723 ], [ 74.61893, 34.02722 ], [ 74.61893, 34.02749 ], [ 74.61925, 34.0275 ], [ 74.61925, 34.02777 ], [ 74.61958, 34.02777 ], [ 74.61957, 34.02804 ], [ 74.6199, 34.02804 ], [ 74.6199, 34.02777 ], [ 74.62023, 34.02777 ], [ 74.62023, 34.02669 ], [ 74.61991, 34.02669 ], [ 74.61991, 34.02642 ], [ 74.62023, 34.02642 ], [ 74.62023, 34.02615 ], [ 74.62056, 34.02615 ] ] ], [ [ [ 74.62413, 34.02589 ], [ 74.62413, 34.02643 ], [ 74.62381, 34.02643 ], [ 74.62381, 34.0267 ], [ 74.62446, 34.0267 ], [ 74.62446, 34.02589 ], [ 74.62413, 34.02589 ] ] ], [ [ [ 74.61795, 34.02695 ], [ 74.61796, 34.02641 ], [ 74.61763, 34.02641 ], [ 74.61763, 34.02695 ], [ 74.61795, 34.02695 ] ] ], [ [ [ 74.62218, 34.0275 ], [ 74.62218, 34.02723 ], [ 74.62185, 34.02723 ], [ 74.62185, 34.0275 ], [ 74.62218, 34.0275 ] ] ], [ [ [ 74.62087, 34.02831 ], [ 74.62088, 34.02777 ], [ 74.6212, 34.02777 ], [ 74.6212, 34.02696 ], [ 74.62088, 34.02696 ], [ 74.62088, 34.02723 ], [ 74.62055, 34.02723 ], [ 74.62055, 34.02831 ], [ 74.62087, 34.02831 ] ] ], [ [ [ 74.62022, 34.02858 ], [ 74.62022, 34.02804 ], [ 74.6199, 34.02804 ], [ 74.6199, 34.02858 ], [ 74.62022, 34.02858 ] ] ], [ [ [ 74.6264, 34.02725 ], [ 74.6264, 34.02779 ], [ 74.62672, 34.02779 ], [ 74.62672, 34.02806 ], [ 74.6264, 34.02806 ], [ 74.6264, 34.0286 ], [ 74.62672, 34.0286 ], [ 74.62672, 34.02887 ], [ 74.6264, 34.02887 ], [ 74.62639, 34.02941 ], [ 74.62672, 34.02941 ], [ 74.62672, 34.02968 ], [ 74.62737, 34.02968 ], [ 74.62737, 34.02941 ], [ 74.62769, 34.02942 ], [ 74.62769, 34.02914 ], [ 74.62737, 34.02914 ], [ 74.62738, 34.02752 ], [ 74.62705, 34.02752 ], [ 74.62705, 34.02725 ], [ 74.6264, 34.02725 ] ] ], [ [ [ 74.64037, 34.02945 ], [ 74.64037, 34.02918 ], [ 74.63939, 34.02918 ], [ 74.63939, 34.02972 ], [ 74.63972, 34.02972 ], [ 74.63972, 34.02945 ], [ 74.64037, 34.02945 ] ] ], [ [ [ 74.63159, 34.03051 ], [ 74.63159, 34.02997 ], [ 74.63127, 34.02997 ], [ 74.63126, 34.03051 ], [ 74.63159, 34.03051 ] ] ], [ [ [ 74.62834, 34.02915 ], [ 74.62833, 34.03131 ], [ 74.62866, 34.03131 ], [ 74.62866, 34.03104 ], [ 74.62899, 34.03104 ], [ 74.62899, 34.02996 ], [ 74.62932, 34.02996 ], [ 74.62932, 34.02942 ], [ 74.62899, 34.02942 ], [ 74.62899, 34.02915 ], [ 74.62834, 34.02915 ] ] ], [ [ [ 74.62376, 34.03779 ], [ 74.62376, 34.03752 ], [ 74.62343, 34.03752 ], [ 74.62343, 34.03779 ], [ 74.62376, 34.03779 ] ] ], [ [ [ 74.62408, 34.03833 ], [ 74.62408, 34.03779 ], [ 74.62376, 34.03779 ], [ 74.62375, 34.03833 ], [ 74.62408, 34.03833 ] ] ], [ [ [ 74.63577, 34.03972 ], [ 74.63577, 34.03945 ], [ 74.63545, 34.03945 ], [ 74.63545, 34.03972 ], [ 74.63577, 34.03972 ] ] ], [ [ [ 74.60945, 34.03991 ], [ 74.60945, 34.03937 ], [ 74.60912, 34.03937 ], [ 74.60912, 34.03991 ], [ 74.60945, 34.03991 ] ] ], [ [ [ 74.6361, 34.04026 ], [ 74.6361, 34.03999 ], [ 74.63577, 34.03999 ], [ 74.63577, 34.04026 ], [ 74.6361, 34.04026 ] ] ], [ [ [ 74.61367, 34.04047 ], [ 74.61367, 34.04019 ], [ 74.61335, 34.04019 ], [ 74.61334, 34.04046 ], [ 74.61367, 34.04047 ] ] ], [ [ [ 74.63772, 34.04081 ], [ 74.63772, 34.04027 ], [ 74.63707, 34.04027 ], [ 74.63707, 34.04 ], [ 74.63675, 34.03999 ], [ 74.63675, 34.04027 ], [ 74.63642, 34.04026 ], [ 74.63642, 34.04081 ], [ 74.63772, 34.04081 ] ] ], [ [ [ 74.61042, 34.04073 ], [ 74.61042, 34.04046 ], [ 74.61009, 34.04045 ], [ 74.61009, 34.04072 ], [ 74.61042, 34.04073 ] ] ], [ [ [ 74.63772, 34.04135 ], [ 74.63772, 34.04108 ], [ 74.63739, 34.04108 ], [ 74.63739, 34.04135 ], [ 74.63772, 34.04135 ] ] ], [ [ [ 74.58604, 34.04173 ], [ 74.58604, 34.04092 ], [ 74.58572, 34.04092 ], [ 74.58571, 34.04173 ], [ 74.58604, 34.04173 ] ] ], [ [ [ 74.60489, 34.04179 ], [ 74.60489, 34.04206 ], [ 74.60424, 34.04206 ], [ 74.60424, 34.04233 ], [ 74.60359, 34.04233 ], [ 74.60358, 34.0426 ], [ 74.60391, 34.0426 ], [ 74.60391, 34.04287 ], [ 74.60456, 34.04287 ], [ 74.60456, 34.0426 ], [ 74.60488, 34.0426 ], [ 74.60489, 34.04233 ], [ 74.60521, 34.04233 ], [ 74.60521, 34.04206 ], [ 74.60554, 34.04206 ], [ 74.60554, 34.04179 ], [ 74.60489, 34.04179 ] ] ], [ [ [ 74.62276, 34.04347 ], [ 74.62276, 34.0432 ], [ 74.62243, 34.0432 ], [ 74.62243, 34.04347 ], [ 74.62276, 34.04347 ] ] ], [ [ [ 74.61398, 34.04425 ], [ 74.61398, 34.04398 ], [ 74.61365, 34.04398 ], [ 74.61365, 34.04425 ], [ 74.61398, 34.04425 ] ] ], [ [ [ 74.61136, 34.0483 ], [ 74.61136, 34.04803 ], [ 74.61103, 34.04803 ], [ 74.61103, 34.0483 ], [ 74.61136, 34.0483 ] ] ], [ [ [ 74.57884, 34.0509 ], [ 74.57884, 34.05063 ], [ 74.57852, 34.05063 ], [ 74.57852, 34.0509 ], [ 74.57884, 34.0509 ] ] ], [ [ [ 74.57816, 34.05766 ], [ 74.57816, 34.05739 ], [ 74.57783, 34.05739 ], [ 74.57783, 34.05766 ], [ 74.57816, 34.05766 ] ] ], [ [ [ 74.63114, 34.05838 ], [ 74.63114, 34.05811 ], [ 74.63082, 34.0581 ], [ 74.63082, 34.05838 ], [ 74.63114, 34.05838 ] ] ], [ [ [ 74.5775, 34.05847 ], [ 74.57751, 34.05793 ], [ 74.57718, 34.05793 ], [ 74.57718, 34.05847 ], [ 74.5775, 34.05847 ] ] ], [ [ [ 74.57814, 34.06064 ], [ 74.57815, 34.05983 ], [ 74.57782, 34.05983 ], [ 74.57782, 34.06064 ], [ 74.57814, 34.06064 ] ] ], [ [ [ 74.63633, 34.0611 ], [ 74.63633, 34.06056 ], [ 74.63568, 34.06055 ], [ 74.63568, 34.0611 ], [ 74.63633, 34.0611 ] ] ], [ [ [ 74.57814, 34.06118 ], [ 74.57782, 34.06118 ], [ 74.57781, 34.06145 ], [ 74.57814, 34.06145 ], [ 74.57814, 34.06118 ] ] ], [ [ [ 74.56006, 34.10089 ], [ 74.55973, 34.10089 ], [ 74.55973, 34.10116 ], [ 74.56005, 34.10116 ], [ 74.56006, 34.10089 ] ] ], [ [ [ 74.55711, 34.1044 ], [ 74.55711, 34.10413 ], [ 74.55679, 34.10413 ], [ 74.55678, 34.1044 ], [ 74.55711, 34.1044 ] ] ], [ [ [ 74.65062, 33.98457 ], [ 74.65063, 33.9843 ], [ 74.64998, 33.9843 ], [ 74.64997, 33.98457 ], [ 74.65062, 33.98457 ] ] ], [ [ [ 74.65062, 33.98646 ], [ 74.65062, 33.98538 ], [ 74.6503, 33.98538 ], [ 74.65029, 33.98646 ], [ 74.65062, 33.98646 ] ] ], [ [ [ 74.64964, 33.98646 ], [ 74.64964, 33.98619 ], [ 74.64899, 33.98619 ], [ 74.64899, 33.98646 ], [ 74.64964, 33.98646 ] ] ], [ [ [ 74.6662, 33.98705 ], [ 74.66621, 33.98678 ], [ 74.66556, 33.98677 ], [ 74.66556, 33.98705 ], [ 74.6662, 33.98705 ] ] ], [ [ [ 74.65094, 33.98755 ], [ 74.65094, 33.98728 ], [ 74.65126, 33.98728 ], [ 74.65126, 33.98701 ], [ 74.65094, 33.987 ], [ 74.65094, 33.98646 ], [ 74.65062, 33.98646 ], [ 74.65061, 33.98755 ], [ 74.65094, 33.98755 ] ] ], [ [ [ 74.66717, 33.99057 ], [ 74.66717, 33.9903 ], [ 74.66684, 33.9903 ], [ 74.66684, 33.99057 ], [ 74.66717, 33.99057 ] ] ], [ [ [ 74.65967, 33.99596 ], [ 74.65967, 33.99569 ], [ 74.65935, 33.99569 ], [ 74.65935, 33.99596 ], [ 74.65967, 33.99596 ] ] ], [ [ [ 74.6522, 33.99594 ], [ 74.6522, 33.99648 ], [ 74.65285, 33.99648 ], [ 74.65285, 33.99675 ], [ 74.65317, 33.99675 ], [ 74.65318, 33.99594 ], [ 74.6522, 33.99594 ] ] ], [ [ [ 74.65608, 34.00055 ], [ 74.65608, 34.00001 ], [ 74.65543, 34.0 ], [ 74.65544, 33.99973 ], [ 74.65511, 33.99973 ], [ 74.65511, 34.00027 ], [ 74.65543, 34.00028 ], [ 74.65543, 34.00055 ], [ 74.65608, 34.00055 ] ] ], [ [ [ 74.66258, 34.00002 ], [ 74.66258, 34.0003 ], [ 74.6629, 34.0003 ], [ 74.6629, 34.00057 ], [ 74.66323, 34.00057 ], [ 74.66323, 34.00003 ], [ 74.66258, 34.00002 ] ] ], [ [ [ 74.65543, 34.00082 ], [ 74.65543, 34.00055 ], [ 74.65511, 34.00054 ], [ 74.65511, 34.00082 ], [ 74.65543, 34.00082 ] ] ], [ [ [ 74.66192, 34.00246 ], [ 74.66192, 34.00192 ], [ 74.66225, 34.00192 ], [ 74.66225, 34.00219 ], [ 74.6629, 34.00219 ], [ 74.6629, 34.00165 ], [ 74.66322, 34.00165 ], [ 74.66323, 34.00111 ], [ 74.6629, 34.00111 ], [ 74.6629, 34.00084 ], [ 74.66225, 34.00084 ], [ 74.66225, 34.00111 ], [ 74.66193, 34.0011 ], [ 74.66193, 34.00138 ], [ 74.66095, 34.00137 ], [ 74.66095, 34.0011 ], [ 74.6603, 34.0011 ], [ 74.6603, 34.00164 ], [ 74.65933, 34.00164 ], [ 74.65933, 34.00137 ], [ 74.659, 34.00137 ], [ 74.659, 34.0011 ], [ 74.65868, 34.0011 ], [ 74.65868, 34.00083 ], [ 74.65835, 34.00082 ], [ 74.65836, 34.00055 ], [ 74.65738, 34.00055 ], [ 74.65738, 34.00082 ], [ 74.65673, 34.00082 ], [ 74.65673, 34.00163 ], [ 74.65803, 34.00164 ], [ 74.65802, 34.00218 ], [ 74.65835, 34.00218 ], [ 74.65835, 34.00245 ], [ 74.65867, 34.00245 ], [ 74.65867, 34.00272 ], [ 74.659, 34.00272 ], [ 74.659, 34.00299 ], [ 74.65997, 34.00299 ], [ 74.65997, 34.00272 ], [ 74.6603, 34.00272 ], [ 74.6603, 34.00245 ], [ 74.66062, 34.00245 ], [ 74.66062, 34.00218 ], [ 74.66127, 34.00219 ], [ 74.66127, 34.00246 ], [ 74.66095, 34.00246 ], [ 74.66095, 34.00273 ], [ 74.6616, 34.00273 ], [ 74.6616, 34.00246 ], [ 74.66192, 34.00246 ] ], [ [ 74.65965, 34.00245 ], [ 74.65965, 34.00218 ], [ 74.6603, 34.00218 ], [ 74.6603, 34.00245 ], [ 74.65965, 34.00245 ] ], [ [ 74.65965, 34.00272 ], [ 74.65932, 34.00272 ], [ 74.65932, 34.00245 ], [ 74.65965, 34.00245 ], [ 74.65965, 34.00272 ] ], [ [ 74.65738, 34.00109 ], [ 74.65803, 34.00109 ], [ 74.65803, 34.00136 ], [ 74.65738, 34.00136 ], [ 74.65738, 34.00109 ] ] ], [ [ [ 74.64731, 34.00106 ], [ 74.64731, 34.00079 ], [ 74.64666, 34.00079 ], [ 74.64666, 34.00106 ], [ 74.64568, 34.00106 ], [ 74.64568, 34.00133 ], [ 74.64536, 34.00133 ], [ 74.64536, 34.0016 ], [ 74.64503, 34.0016 ], [ 74.64503, 34.00187 ], [ 74.64471, 34.00187 ], [ 74.6447, 34.00214 ], [ 74.64503, 34.00214 ], [ 74.64503, 34.00241 ], [ 74.64568, 34.00241 ], [ 74.64568, 34.00268 ], [ 74.64633, 34.00268 ], [ 74.64632, 34.00323 ], [ 74.64697, 34.00323 ], [ 74.64697, 34.0035 ], [ 74.6473, 34.0035 ], [ 74.6473, 34.00296 ], [ 74.64698, 34.00296 ], [ 74.64698, 34.00269 ], [ 74.6473, 34.00269 ], [ 74.6473, 34.00242 ], [ 74.64763, 34.00242 ], [ 74.64763, 34.00106 ], [ 74.64731, 34.00106 ] ] ], [ [ [ 74.64763, 34.00296 ], [ 74.64763, 34.00269 ], [ 74.6473, 34.00269 ], [ 74.6473, 34.00296 ], [ 74.64763, 34.00296 ] ] ], [ [ [ 74.66744, 34.00464 ], [ 74.66711, 34.00464 ], [ 74.66711, 34.00437 ], [ 74.66679, 34.00437 ], [ 74.66679, 34.00409 ], [ 74.66646, 34.00409 ], [ 74.66646, 34.00382 ], [ 74.66614, 34.00382 ], [ 74.66614, 34.00355 ], [ 74.66582, 34.00355 ], [ 74.66582, 34.00328 ], [ 74.66549, 34.00328 ], [ 74.66549, 34.00301 ], [ 74.66517, 34.00301 ], [ 74.66517, 34.00274 ], [ 74.66484, 34.00274 ], [ 74.66485, 34.00247 ], [ 74.66452, 34.00246 ], [ 74.66452, 34.00219 ], [ 74.66387, 34.00219 ], [ 74.66387, 34.003 ], [ 74.66419, 34.00301 ], [ 74.66419, 34.00355 ], [ 74.66452, 34.00355 ], [ 74.66451, 34.00436 ], [ 74.66484, 34.00436 ], [ 74.66484, 34.0049 ], [ 74.66516, 34.0049 ], [ 74.66516, 34.00544 ], [ 74.66613, 34.00545 ], [ 74.66613, 34.00572 ], [ 74.66646, 34.00572 ], [ 74.66646, 34.00545 ], [ 74.66743, 34.00545 ], [ 74.66744, 34.00464 ] ], [ [ 74.66484, 34.00409 ], [ 74.66516, 34.00409 ], [ 74.66516, 34.00436 ], [ 74.66484, 34.00436 ], [ 74.66484, 34.00409 ] ], [ [ 74.66516, 34.00382 ], [ 74.66549, 34.00382 ], [ 74.66549, 34.00409 ], [ 74.66516, 34.00409 ], [ 74.66516, 34.00382 ] ], [ [ 74.66549, 34.0049 ], [ 74.66581, 34.0049 ], [ 74.66581, 34.00517 ], [ 74.66548, 34.00517 ], [ 74.66549, 34.0049 ] ] ], [ [ [ 74.65249, 34.00487 ], [ 74.65249, 34.0046 ], [ 74.65217, 34.0046 ], [ 74.65217, 34.00432 ], [ 74.65184, 34.00432 ], [ 74.65184, 34.00459 ], [ 74.65152, 34.00459 ], [ 74.65152, 34.00486 ], [ 74.65249, 34.00487 ] ] ], [ [ [ 74.64047, 34.00402 ], [ 74.64047, 34.00375 ], [ 74.63983, 34.00375 ], [ 74.63983, 34.00348 ], [ 74.6395, 34.00348 ], [ 74.6395, 34.00375 ], [ 74.63918, 34.00375 ], [ 74.63917, 34.00402 ], [ 74.6395, 34.00402 ], [ 74.63949, 34.00537 ], [ 74.63982, 34.00537 ], [ 74.63982, 34.00564 ], [ 74.64014, 34.00564 ], [ 74.64014, 34.00591 ], [ 74.64047, 34.00591 ], [ 74.64046, 34.00618 ], [ 74.64111, 34.00619 ], [ 74.64112, 34.00565 ], [ 74.64144, 34.00565 ], [ 74.64144, 34.00483 ], [ 74.64112, 34.00483 ], [ 74.64112, 34.00456 ], [ 74.6408, 34.00456 ], [ 74.6408, 34.00402 ], [ 74.64047, 34.00402 ] ] ], [ [ [ 74.64566, 34.00647 ], [ 74.64566, 34.00593 ], [ 74.64436, 34.00593 ], [ 74.64436, 34.00647 ], [ 74.64469, 34.00647 ], [ 74.64469, 34.00674 ], [ 74.64501, 34.00674 ], [ 74.64501, 34.00701 ], [ 74.64533, 34.00701 ], [ 74.64533, 34.00728 ], [ 74.64566, 34.00728 ], [ 74.64566, 34.00755 ], [ 74.64598, 34.00755 ], [ 74.64598, 34.00782 ], [ 74.64631, 34.00783 ], [ 74.6463, 34.0081 ], [ 74.64695, 34.0081 ], [ 74.64696, 34.00756 ], [ 74.64663, 34.00756 ], [ 74.64663, 34.00701 ], [ 74.64631, 34.00701 ], [ 74.64631, 34.00674 ], [ 74.64599, 34.00674 ], [ 74.64599, 34.00647 ], [ 74.64566, 34.00647 ] ] ], [ [ [ 74.64338, 34.00728 ], [ 74.64338, 34.00755 ], [ 74.64371, 34.00755 ], [ 74.64371, 34.00782 ], [ 74.64436, 34.00782 ], [ 74.64436, 34.00755 ], [ 74.64468, 34.00755 ], [ 74.64468, 34.00728 ], [ 74.64436, 34.00728 ], [ 74.64436, 34.00701 ], [ 74.64371, 34.00701 ], [ 74.64371, 34.00728 ], [ 74.64338, 34.00728 ] ] ], [ [ [ 74.65312, 34.00974 ], [ 74.65345, 34.00974 ], [ 74.65345, 34.00893 ], [ 74.65312, 34.00893 ], [ 74.65312, 34.00866 ], [ 74.6528, 34.00866 ], [ 74.6528, 34.00838 ], [ 74.65183, 34.00838 ], [ 74.65183, 34.00811 ], [ 74.6528, 34.00811 ], [ 74.6528, 34.00784 ], [ 74.65345, 34.00785 ], [ 74.65345, 34.00757 ], [ 74.65378, 34.00758 ], [ 74.65378, 34.00731 ], [ 74.6541, 34.00731 ], [ 74.65411, 34.00677 ], [ 74.65443, 34.00677 ], [ 74.65443, 34.00622 ], [ 74.65378, 34.00622 ], [ 74.65378, 34.00649 ], [ 74.65346, 34.00649 ], [ 74.65346, 34.00703 ], [ 74.65313, 34.00703 ], [ 74.65313, 34.00649 ], [ 74.65281, 34.00649 ], [ 74.65281, 34.00622 ], [ 74.65216, 34.00622 ], [ 74.65216, 34.00676 ], [ 74.65118, 34.00676 ], [ 74.65118, 34.00757 ], [ 74.65021, 34.00757 ], [ 74.6502, 34.00784 ], [ 74.65053, 34.00784 ], [ 74.65053, 34.00811 ], [ 74.65085, 34.00811 ], [ 74.65085, 34.00838 ], [ 74.65118, 34.00838 ], [ 74.65118, 34.00865 ], [ 74.65053, 34.00865 ], [ 74.65052, 34.00892 ], [ 74.65117, 34.00892 ], [ 74.65117, 34.00919 ], [ 74.65215, 34.00919 ], [ 74.65215, 34.00974 ], [ 74.6528, 34.00974 ], [ 74.6528, 34.00947 ], [ 74.65312, 34.00947 ], [ 74.65312, 34.00974 ] ], [ [ 74.6528, 34.00893 ], [ 74.65247, 34.00893 ], [ 74.65247, 34.00865 ], [ 74.6528, 34.00866 ], [ 74.6528, 34.00893 ] ] ], [ [ [ 74.64988, 34.00784 ], [ 74.64988, 34.00838 ], [ 74.6502, 34.00838 ], [ 74.6502, 34.00865 ], [ 74.65053, 34.00865 ], [ 74.65053, 34.00811 ], [ 74.6502, 34.00811 ], [ 74.6502, 34.00784 ], [ 74.64988, 34.00784 ] ] ], [ [ [ 74.65475, 34.0092 ], [ 74.65475, 34.00893 ], [ 74.65442, 34.00893 ], [ 74.65442, 34.0092 ], [ 74.65475, 34.0092 ] ] ], [ [ [ 74.65832, 34.01029 ], [ 74.65831, 34.01084 ], [ 74.65799, 34.01083 ], [ 74.65799, 34.0111 ], [ 74.65864, 34.01111 ], [ 74.65864, 34.01138 ], [ 74.65896, 34.01138 ], [ 74.65896, 34.01165 ], [ 74.65929, 34.01165 ], [ 74.65929, 34.01003 ], [ 74.65864, 34.01002 ], [ 74.65864, 34.00948 ], [ 74.65832, 34.00948 ], [ 74.65832, 34.00975 ], [ 74.65799, 34.00975 ], [ 74.65799, 34.01029 ], [ 74.65832, 34.01029 ] ] ], [ [ [ 74.66059, 34.01138 ], [ 74.66059, 34.01165 ], [ 74.65929, 34.01165 ], [ 74.65928, 34.01192 ], [ 74.65961, 34.01192 ], [ 74.65961, 34.01219 ], [ 74.65993, 34.01219 ], [ 74.65993, 34.01192 ], [ 74.66026, 34.01192 ], [ 74.66026, 34.01246 ], [ 74.65993, 34.01246 ], [ 74.65993, 34.01273 ], [ 74.66058, 34.01274 ], [ 74.66058, 34.01219 ], [ 74.66156, 34.0122 ], [ 74.66156, 34.01193 ], [ 74.66123, 34.01193 ], [ 74.66124, 34.01111 ], [ 74.66091, 34.01111 ], [ 74.66091, 34.01138 ], [ 74.66059, 34.01138 ] ] ], [ [ [ 74.65798, 34.01246 ], [ 74.65798, 34.01219 ], [ 74.65733, 34.01219 ], [ 74.65733, 34.01246 ], [ 74.65798, 34.01246 ] ] ], [ [ [ 74.65928, 34.01273 ], [ 74.65928, 34.01246 ], [ 74.65961, 34.01246 ], [ 74.65961, 34.01219 ], [ 74.65896, 34.01219 ], [ 74.65896, 34.01246 ], [ 74.65863, 34.01246 ], [ 74.65863, 34.01273 ], [ 74.65928, 34.01273 ] ] ], [ [ [ 74.65375, 34.01434 ], [ 74.65375, 34.01461 ], [ 74.65343, 34.01461 ], [ 74.65342, 34.01488 ], [ 74.65245, 34.01488 ], [ 74.65245, 34.01515 ], [ 74.6518, 34.01515 ], [ 74.6518, 34.01569 ], [ 74.65277, 34.01569 ], [ 74.65277, 34.01623 ], [ 74.65309, 34.01623 ], [ 74.6531, 34.01596 ], [ 74.65342, 34.01596 ], [ 74.65342, 34.01569 ], [ 74.65505, 34.0157 ], [ 74.65505, 34.01461 ], [ 74.65408, 34.01461 ], [ 74.65408, 34.01434 ], [ 74.65375, 34.01434 ] ] ], [ [ [ 74.65894, 34.01571 ], [ 74.65895, 34.01544 ], [ 74.65862, 34.01544 ], [ 74.65862, 34.01571 ], [ 74.65894, 34.01571 ] ] ], [ [ [ 74.65926, 34.01841 ], [ 74.65926, 34.01814 ], [ 74.65893, 34.01814 ], [ 74.65893, 34.01841 ], [ 74.65926, 34.01841 ] ] ], [ [ [ 74.65763, 34.01922 ], [ 74.65763, 34.01949 ], [ 74.65795, 34.01949 ], [ 74.65795, 34.01976 ], [ 74.65828, 34.01976 ], [ 74.65828, 34.01949 ], [ 74.6586, 34.01949 ], [ 74.65861, 34.01868 ], [ 74.65763, 34.01868 ], [ 74.65763, 34.01895 ], [ 74.65731, 34.01895 ], [ 74.65731, 34.01922 ], [ 74.65763, 34.01922 ] ] ], [ [ [ 74.6677, 34.02033 ], [ 74.66737, 34.02033 ], [ 74.66737, 34.0206 ], [ 74.6677, 34.0206 ], [ 74.6677, 34.02033 ] ] ], [ [ [ 74.64625, 34.02162 ], [ 74.64592, 34.02162 ], [ 74.64592, 34.02189 ], [ 74.64625, 34.02189 ], [ 74.64625, 34.02162 ] ] ], [ [ [ 74.6456, 34.02189 ], [ 74.6456, 34.02162 ], [ 74.64495, 34.02162 ], [ 74.64495, 34.02189 ], [ 74.6456, 34.02189 ] ] ], [ [ [ 74.64722, 34.02217 ], [ 74.64722, 34.0219 ], [ 74.6469, 34.0219 ], [ 74.6469, 34.02217 ], [ 74.64722, 34.02217 ] ] ], [ [ [ 74.65761, 34.02328 ], [ 74.65762, 34.02274 ], [ 74.65697, 34.02274 ], [ 74.65696, 34.02328 ], [ 74.65761, 34.02328 ] ] ], [ [ [ 74.64916, 34.02488 ], [ 74.64916, 34.02434 ], [ 74.64884, 34.02434 ], [ 74.64883, 34.02488 ], [ 74.64916, 34.02488 ] ] ], [ [ [ 74.64753, 34.02596 ], [ 74.64753, 34.02569 ], [ 74.64818, 34.02569 ], [ 74.64818, 34.02515 ], [ 74.64786, 34.02515 ], [ 74.64786, 34.02488 ], [ 74.64753, 34.02487 ], [ 74.64754, 34.0246 ], [ 74.64721, 34.0246 ], [ 74.64721, 34.02433 ], [ 74.64689, 34.02433 ], [ 74.64689, 34.0246 ], [ 74.64624, 34.0246 ], [ 74.64623, 34.02514 ], [ 74.64656, 34.02514 ], [ 74.64655, 34.02622 ], [ 74.64623, 34.02622 ], [ 74.64623, 34.02649 ], [ 74.64655, 34.02649 ], [ 74.64655, 34.02677 ], [ 74.64753, 34.02677 ], [ 74.64753, 34.0265 ], [ 74.6472, 34.0265 ], [ 74.6472, 34.02623 ], [ 74.64688, 34.02623 ], [ 74.64688, 34.02568 ], [ 74.64721, 34.02569 ], [ 74.64721, 34.02596 ], [ 74.64753, 34.02596 ] ] ], [ [ [ 74.64461, 34.02595 ], [ 74.64461, 34.02541 ], [ 74.64428, 34.02541 ], [ 74.64428, 34.02514 ], [ 74.64396, 34.02513 ], [ 74.64396, 34.02568 ], [ 74.64428, 34.02568 ], [ 74.64428, 34.02595 ], [ 74.64461, 34.02595 ] ] ], [ [ [ 74.64851, 34.02596 ], [ 74.64851, 34.02569 ], [ 74.64818, 34.02569 ], [ 74.64818, 34.02596 ], [ 74.64851, 34.02596 ] ] ], [ [ [ 74.64623, 34.02595 ], [ 74.64623, 34.02568 ], [ 74.64591, 34.02568 ], [ 74.64591, 34.02595 ], [ 74.64623, 34.02595 ] ] ], [ [ [ 74.64785, 34.0265 ], [ 74.64785, 34.02677 ], [ 74.64818, 34.02677 ], [ 74.64818, 34.02704 ], [ 74.6485, 34.02704 ], [ 74.6485, 34.0265 ], [ 74.64785, 34.0265 ] ] ], [ [ [ 74.64882, 34.02812 ], [ 74.64882, 34.02785 ], [ 74.6485, 34.02785 ], [ 74.6485, 34.02812 ], [ 74.64882, 34.02812 ] ] ], [ [ [ 74.63875, 34.02864 ], [ 74.63875, 34.0281 ], [ 74.63842, 34.02809 ], [ 74.63842, 34.02755 ], [ 74.6381, 34.02755 ], [ 74.6381, 34.02836 ], [ 74.63777, 34.02836 ], [ 74.63777, 34.02863 ], [ 74.6381, 34.02863 ], [ 74.63809, 34.02918 ], [ 74.63842, 34.02918 ], [ 74.63842, 34.02891 ], [ 74.63874, 34.02891 ], [ 74.63874, 34.02918 ], [ 74.63907, 34.02918 ], [ 74.63907, 34.02891 ], [ 74.63939, 34.02891 ], [ 74.63939, 34.02864 ], [ 74.64004, 34.02864 ], [ 74.64004, 34.02891 ], [ 74.64037, 34.02891 ], [ 74.64037, 34.02918 ], [ 74.64134, 34.02919 ], [ 74.64134, 34.02946 ], [ 74.64037, 34.02945 ], [ 74.64037, 34.02972 ], [ 74.64069, 34.02972 ], [ 74.64069, 34.03054 ], [ 74.64199, 34.03054 ], [ 74.64199, 34.03027 ], [ 74.64166, 34.03027 ], [ 74.64166, 34.03 ], [ 74.64134, 34.03 ], [ 74.64134, 34.03027 ], [ 74.64101, 34.03027 ], [ 74.64102, 34.02973 ], [ 74.64167, 34.02973 ], [ 74.64167, 34.02783 ], [ 74.642, 34.02783 ], [ 74.642, 34.02756 ], [ 74.6407, 34.02756 ], [ 74.6407, 34.02783 ], [ 74.64037, 34.02783 ], [ 74.64037, 34.0281 ], [ 74.64005, 34.0281 ], [ 74.64005, 34.02837 ], [ 74.6394, 34.02837 ], [ 74.6394, 34.0281 ], [ 74.63907, 34.0281 ], [ 74.63907, 34.02864 ], [ 74.63875, 34.02864 ] ], [ [ 74.64135, 34.02783 ], [ 74.64135, 34.0281 ], [ 74.6407, 34.0281 ], [ 74.6407, 34.02783 ], [ 74.64135, 34.02783 ] ] ], [ [ [ 74.65434, 34.02949 ], [ 74.65434, 34.02922 ], [ 74.65402, 34.02922 ], [ 74.65402, 34.02895 ], [ 74.65369, 34.02895 ], [ 74.65369, 34.02841 ], [ 74.65337, 34.02841 ], [ 74.65337, 34.02895 ], [ 74.65304, 34.02895 ], [ 74.65304, 34.02922 ], [ 74.65337, 34.02922 ], [ 74.65336, 34.02976 ], [ 74.65369, 34.02976 ], [ 74.65369, 34.03003 ], [ 74.65401, 34.03003 ], [ 74.65401, 34.0303 ], [ 74.65434, 34.0303 ], [ 74.65434, 34.03058 ], [ 74.65499, 34.03058 ], [ 74.65499, 34.03031 ], [ 74.65466, 34.03031 ], [ 74.65466, 34.03004 ], [ 74.65434, 34.03003 ], [ 74.65434, 34.02976 ], [ 74.65466, 34.02976 ], [ 74.65466, 34.02949 ], [ 74.65434, 34.02949 ] ] ], [ [ [ 74.65401, 34.03112 ], [ 74.65401, 34.03085 ], [ 74.65368, 34.03084 ], [ 74.65368, 34.03111 ], [ 74.65401, 34.03112 ] ] ], [ [ [ 74.64425, 34.03271 ], [ 74.64425, 34.03244 ], [ 74.64393, 34.03244 ], [ 74.64393, 34.03271 ], [ 74.64425, 34.03271 ] ] ], [ [ [ 74.64685, 34.03218 ], [ 74.64686, 34.03191 ], [ 74.64621, 34.03191 ], [ 74.64621, 34.03163 ], [ 74.64588, 34.03163 ], [ 74.64588, 34.0319 ], [ 74.64556, 34.0319 ], [ 74.64555, 34.03244 ], [ 74.64685, 34.03245 ], [ 74.64685, 34.03299 ], [ 74.64718, 34.03299 ], [ 74.64717, 34.03326 ], [ 74.6475, 34.03326 ], [ 74.6475, 34.03353 ], [ 74.64717, 34.03353 ], [ 74.64717, 34.03407 ], [ 74.6475, 34.03407 ], [ 74.64749, 34.03461 ], [ 74.64782, 34.03462 ], [ 74.64782, 34.03489 ], [ 74.64814, 34.03489 ], [ 74.64815, 34.03408 ], [ 74.64782, 34.03407 ], [ 74.64783, 34.03299 ], [ 74.6475, 34.03299 ], [ 74.6475, 34.03245 ], [ 74.64718, 34.03245 ], [ 74.64718, 34.03218 ], [ 74.64685, 34.03218 ] ] ], [ [ [ 74.64555, 34.03271 ], [ 74.64555, 34.03299 ], [ 74.64523, 34.03298 ], [ 74.64523, 34.03271 ], [ 74.64458, 34.03271 ], [ 74.64458, 34.03325 ], [ 74.64425, 34.03325 ], [ 74.64425, 34.03379 ], [ 74.64457, 34.03379 ], [ 74.64457, 34.03406 ], [ 74.6449, 34.03407 ], [ 74.6449, 34.0338 ], [ 74.64522, 34.0338 ], [ 74.64522, 34.03353 ], [ 74.64555, 34.03353 ], [ 74.64555, 34.03326 ], [ 74.64588, 34.03326 ], [ 74.64588, 34.03272 ], [ 74.64555, 34.03271 ] ] ], [ [ [ 74.65334, 34.0349 ], [ 74.65334, 34.03463 ], [ 74.65302, 34.03463 ], [ 74.65302, 34.0349 ], [ 74.65334, 34.0349 ] ] ], [ [ [ 74.64066, 34.03595 ], [ 74.64067, 34.03568 ], [ 74.64034, 34.03568 ], [ 74.64034, 34.03595 ], [ 74.64066, 34.03595 ] ] ], [ [ [ 74.64131, 34.03622 ], [ 74.64131, 34.03595 ], [ 74.64066, 34.03595 ], [ 74.64066, 34.03676 ], [ 74.64099, 34.03676 ], [ 74.64099, 34.03622 ], [ 74.64131, 34.03622 ] ] ], [ [ [ 74.64163, 34.03784 ], [ 74.64163, 34.03839 ], [ 74.64228, 34.03839 ], [ 74.64228, 34.03785 ], [ 74.64196, 34.03785 ], [ 74.64196, 34.03757 ], [ 74.64163, 34.03757 ], [ 74.64163, 34.0373 ], [ 74.64098, 34.0373 ], [ 74.64098, 34.03784 ], [ 74.64163, 34.03784 ] ] ], [ [ [ 74.64228, 34.03893 ], [ 74.64195, 34.03893 ], [ 74.64195, 34.03866 ], [ 74.64163, 34.03866 ], [ 74.64163, 34.0392 ], [ 74.64195, 34.0392 ], [ 74.64195, 34.03947 ], [ 74.64227, 34.03947 ], [ 74.64228, 34.03893 ] ] ], [ [ [ 74.64325, 34.0392 ], [ 74.6426, 34.0392 ], [ 74.6426, 34.03947 ], [ 74.64227, 34.03947 ], [ 74.64227, 34.03974 ], [ 74.64422, 34.03975 ], [ 74.64422, 34.03948 ], [ 74.6439, 34.03947 ], [ 74.6439, 34.0392 ], [ 74.64358, 34.0392 ], [ 74.64358, 34.03893 ], [ 74.64325, 34.03893 ], [ 74.64325, 34.0392 ] ] ], [ [ [ 74.666, 34.04062 ], [ 74.666, 34.03981 ], [ 74.66567, 34.03981 ], [ 74.66567, 34.04062 ], [ 74.666, 34.04062 ] ] ], [ [ [ 74.66728, 34.04495 ], [ 74.66728, 34.04468 ], [ 74.66695, 34.04468 ], [ 74.66695, 34.04495 ], [ 74.66728, 34.04495 ] ] ], [ [ [ 74.66726, 34.04847 ], [ 74.66727, 34.0482 ], [ 74.66694, 34.0482 ], [ 74.66694, 34.04847 ], [ 74.66726, 34.04847 ] ] ], [ [ [ 74.66204, 34.05387 ], [ 74.66204, 34.05359 ], [ 74.66172, 34.05359 ], [ 74.66172, 34.05386 ], [ 74.66204, 34.05387 ] ] ], [ [ [ 74.66172, 34.05414 ], [ 74.66172, 34.05386 ], [ 74.66139, 34.05386 ], [ 74.66139, 34.05468 ], [ 74.66204, 34.05468 ], [ 74.66204, 34.05414 ], [ 74.66172, 34.05414 ] ] ], [ [ [ 74.66138, 34.0563 ], [ 74.66138, 34.05603 ], [ 74.66106, 34.05603 ], [ 74.66106, 34.0563 ], [ 74.66138, 34.0563 ] ] ], [ [ [ 74.66431, 34.05712 ], [ 74.66431, 34.05685 ], [ 74.66398, 34.05685 ], [ 74.66398, 34.05712 ], [ 74.66431, 34.05712 ] ] ], [ [ [ 74.66268, 34.05738 ], [ 74.66268, 34.05711 ], [ 74.66235, 34.05711 ], [ 74.66235, 34.05738 ], [ 74.66268, 34.05738 ] ] ], [ [ [ 74.65942, 34.059 ], [ 74.65942, 34.05873 ], [ 74.6591, 34.05873 ], [ 74.6591, 34.059 ], [ 74.65942, 34.059 ] ] ], [ [ [ 74.66007, 34.059 ], [ 74.65975, 34.059 ], [ 74.65975, 34.05927 ], [ 74.66007, 34.05927 ], [ 74.66007, 34.059 ] ] ], [ [ [ 74.65031, 34.0606 ], [ 74.64999, 34.0606 ], [ 74.64999, 34.06087 ], [ 74.65031, 34.06087 ], [ 74.65031, 34.0606 ] ] ], [ [ [ 74.64868, 34.06222 ], [ 74.64868, 34.06194 ], [ 74.64836, 34.06194 ], [ 74.64836, 34.06221 ], [ 74.64868, 34.06222 ] ] ], [ [ [ 74.67773, 33.94514 ], [ 74.67773, 33.94487 ], [ 74.67741, 33.94487 ], [ 74.67741, 33.94514 ], [ 74.67773, 33.94514 ] ] ], [ [ [ 74.69161, 33.96817 ], [ 74.69161, 33.9679 ], [ 74.69128, 33.9679 ], [ 74.69128, 33.96817 ], [ 74.69161, 33.96817 ] ] ], [ [ [ 74.68991, 33.98981 ], [ 74.68991, 33.98954 ], [ 74.68958, 33.98954 ], [ 74.68958, 33.98981 ], [ 74.68991, 33.98981 ] ] ], [ [ [ 74.69022, 33.99171 ], [ 74.69022, 33.99144 ], [ 74.6899, 33.99144 ], [ 74.6899, 33.99171 ], [ 74.69022, 33.99171 ] ] ], [ [ [ 74.6834, 33.99169 ], [ 74.6834, 33.99142 ], [ 74.68308, 33.99142 ], [ 74.68308, 33.99169 ], [ 74.6834, 33.99169 ] ] ], [ [ [ 74.6899, 33.99198 ], [ 74.68957, 33.99198 ], [ 74.68957, 33.99225 ], [ 74.6899, 33.99225 ], [ 74.6899, 33.99198 ] ] ], [ [ [ 74.6899, 33.99252 ], [ 74.69022, 33.99252 ], [ 74.69022, 33.99225 ], [ 74.6899, 33.99225 ], [ 74.6899, 33.99252 ] ] ], [ [ [ 74.69441, 34.00146 ], [ 74.69441, 34.00119 ], [ 74.69376, 34.00119 ], [ 74.69376, 34.00146 ], [ 74.69441, 34.00146 ] ] ], [ [ [ 74.69571, 34.00309 ], [ 74.69571, 34.00282 ], [ 74.69506, 34.00281 ], [ 74.69506, 34.00309 ], [ 74.69571, 34.00309 ] ] ], [ [ [ 74.67296, 34.00492 ], [ 74.67296, 34.00519 ], [ 74.67328, 34.00519 ], [ 74.67328, 34.00546 ], [ 74.67361, 34.00547 ], [ 74.67361, 34.00492 ], [ 74.67296, 34.00492 ] ] ], [ [ [ 74.67165, 34.00708 ], [ 74.67165, 34.00681 ], [ 74.67133, 34.00681 ], [ 74.67132, 34.00708 ], [ 74.67165, 34.00708 ] ] ], [ [ [ 74.68464, 34.00874 ], [ 74.68464, 34.00793 ], [ 74.68432, 34.00793 ], [ 74.68432, 34.00766 ], [ 74.68399, 34.00766 ], [ 74.68399, 34.00712 ], [ 74.68367, 34.00712 ], [ 74.68367, 34.00684 ], [ 74.68335, 34.00684 ], [ 74.68335, 34.00603 ], [ 74.68302, 34.00603 ], [ 74.68303, 34.00549 ], [ 74.6827, 34.00549 ], [ 74.6827, 34.00495 ], [ 74.68303, 34.00495 ], [ 74.68303, 34.00468 ], [ 74.68205, 34.00468 ], [ 74.68205, 34.00495 ], [ 74.68173, 34.00495 ], [ 74.68173, 34.00522 ], [ 74.6814, 34.00522 ], [ 74.6814, 34.00549 ], [ 74.68173, 34.00549 ], [ 74.68173, 34.00576 ], [ 74.6814, 34.00576 ], [ 74.6814, 34.00657 ], [ 74.68107, 34.00657 ], [ 74.68107, 34.00819 ], [ 74.68074, 34.00819 ], [ 74.68074, 34.00873 ], [ 74.68106, 34.00873 ], [ 74.68106, 34.00927 ], [ 74.68269, 34.00928 ], [ 74.68269, 34.00955 ], [ 74.68334, 34.00955 ], [ 74.68334, 34.00982 ], [ 74.68366, 34.00982 ], [ 74.68366, 34.01009 ], [ 74.68431, 34.01009 ], [ 74.68431, 34.01036 ], [ 74.68463, 34.01036 ], [ 74.68463, 34.01009 ], [ 74.68496, 34.01009 ], [ 74.68496, 34.00982 ], [ 74.68463, 34.00982 ], [ 74.68464, 34.00901 ], [ 74.68496, 34.00901 ], [ 74.68496, 34.00874 ], [ 74.68464, 34.00874 ] ], [ [ 74.68204, 34.00873 ], [ 74.68236, 34.00874 ], [ 74.68236, 34.00901 ], [ 74.68204, 34.009 ], [ 74.68204, 34.00873 ] ], [ [ 74.68302, 34.00847 ], [ 74.68334, 34.00847 ], [ 74.68334, 34.00874 ], [ 74.68301, 34.00874 ], [ 74.68302, 34.00847 ] ], [ [ 74.68367, 34.00793 ], [ 74.68399, 34.00793 ], [ 74.68399, 34.0082 ], [ 74.68367, 34.0082 ], [ 74.68367, 34.00793 ] ] ], [ [ [ 74.67586, 34.0098 ], [ 74.67586, 34.00953 ], [ 74.67554, 34.00953 ], [ 74.67554, 34.0098 ], [ 74.67586, 34.0098 ] ] ], [ [ [ 74.67749, 34.01035 ], [ 74.67749, 34.01008 ], [ 74.67716, 34.01007 ], [ 74.67716, 34.01035 ], [ 74.67749, 34.01035 ] ] ], [ [ [ 74.68136, 34.01631 ], [ 74.68136, 34.01604 ], [ 74.68104, 34.01604 ], [ 74.68104, 34.01631 ], [ 74.68136, 34.01631 ] ] ], [ [ [ 74.67356, 34.01656 ], [ 74.67356, 34.01737 ], [ 74.67388, 34.01737 ], [ 74.67388, 34.01791 ], [ 74.67421, 34.01791 ], [ 74.67421, 34.0171 ], [ 74.67454, 34.0171 ], [ 74.67454, 34.01683 ], [ 74.67486, 34.01683 ], [ 74.67486, 34.01629 ], [ 74.67421, 34.01629 ], [ 74.67421, 34.01656 ], [ 74.67356, 34.01656 ] ] ], [ [ [ 74.67356, 34.01818 ], [ 74.67356, 34.01764 ], [ 74.67323, 34.01764 ], [ 74.67323, 34.01818 ], [ 74.67356, 34.01818 ] ] ], [ [ [ 74.67225, 34.01872 ], [ 74.67226, 34.01818 ], [ 74.67128, 34.01818 ], [ 74.67128, 34.01845 ], [ 74.67193, 34.01845 ], [ 74.67193, 34.01872 ], [ 74.67225, 34.01872 ] ] ], [ [ [ 74.67096, 34.01845 ], [ 74.67095, 34.01872 ], [ 74.67128, 34.01872 ], [ 74.67128, 34.01845 ], [ 74.67096, 34.01845 ] ] ], [ [ [ 74.6729, 34.01899 ], [ 74.6729, 34.01872 ], [ 74.67258, 34.01872 ], [ 74.67258, 34.01899 ], [ 74.6729, 34.01899 ] ] ], [ [ [ 74.67063, 34.01926 ], [ 74.67063, 34.01953 ], [ 74.67095, 34.01953 ], [ 74.67095, 34.0198 ], [ 74.67128, 34.0198 ], [ 74.67128, 34.01953 ], [ 74.6716, 34.01953 ], [ 74.6716, 34.0198 ], [ 74.67193, 34.0198 ], [ 74.67193, 34.01872 ], [ 74.67128, 34.01872 ], [ 74.67128, 34.01926 ], [ 74.67063, 34.01926 ] ] ], [ [ [ 74.66965, 34.01979 ], [ 74.66965, 34.01952 ], [ 74.669, 34.01952 ], [ 74.669, 34.01979 ], [ 74.66965, 34.01979 ] ] ], [ [ [ 74.67029, 34.02196 ], [ 74.67029, 34.02223 ], [ 74.66997, 34.02223 ], [ 74.66996, 34.02277 ], [ 74.67029, 34.02277 ], [ 74.67029, 34.0225 ], [ 74.67062, 34.0225 ], [ 74.67061, 34.02304 ], [ 74.66996, 34.02304 ], [ 74.66996, 34.02331 ], [ 74.67094, 34.02332 ], [ 74.67094, 34.02305 ], [ 74.67126, 34.02305 ], [ 74.67126, 34.02332 ], [ 74.67159, 34.02332 ], [ 74.67159, 34.02224 ], [ 74.67062, 34.02223 ], [ 74.67062, 34.02196 ], [ 74.67029, 34.02196 ] ] ], [ [ [ 74.66996, 34.02385 ], [ 74.66996, 34.02358 ], [ 74.66964, 34.02358 ], [ 74.66964, 34.02385 ], [ 74.66996, 34.02385 ] ] ], [ [ [ 74.67581, 34.02414 ], [ 74.67581, 34.02387 ], [ 74.67516, 34.02387 ], [ 74.67516, 34.02414 ], [ 74.67581, 34.02414 ] ] ], [ [ [ 74.67028, 34.0244 ], [ 74.67028, 34.02413 ], [ 74.66996, 34.02412 ], [ 74.66996, 34.0244 ], [ 74.67028, 34.0244 ] ] ], [ [ [ 74.6862, 34.02552 ], [ 74.6862, 34.02498 ], [ 74.68555, 34.02498 ], [ 74.68555, 34.02552 ], [ 74.6862, 34.02552 ] ] ], [ [ [ 74.67352, 34.02684 ], [ 74.6732, 34.02684 ], [ 74.6732, 34.02711 ], [ 74.67352, 34.02711 ], [ 74.67352, 34.02684 ] ] ], [ [ [ 74.67352, 34.02738 ], [ 74.67385, 34.02738 ], [ 74.67385, 34.02711 ], [ 74.67352, 34.02711 ], [ 74.67352, 34.02738 ] ] ], [ [ [ 74.67124, 34.02792 ], [ 74.67125, 34.02765 ], [ 74.67092, 34.02764 ], [ 74.67092, 34.02792 ], [ 74.67124, 34.02792 ] ] ], [ [ [ 74.67059, 34.02818 ], [ 74.67027, 34.02818 ], [ 74.67027, 34.02845 ], [ 74.67092, 34.02846 ], [ 74.67092, 34.02792 ], [ 74.67059, 34.02791 ], [ 74.67059, 34.02818 ] ] ], [ [ [ 74.66994, 34.02845 ], [ 74.66962, 34.02845 ], [ 74.66962, 34.02872 ], [ 74.66994, 34.02872 ], [ 74.66994, 34.02845 ] ] ], [ [ [ 74.66961, 34.02954 ], [ 74.66961, 34.02926 ], [ 74.66929, 34.02926 ], [ 74.66929, 34.02953 ], [ 74.66961, 34.02954 ] ] ], [ [ [ 74.69301, 34.03014 ], [ 74.69301, 34.03068 ], [ 74.69366, 34.03068 ], [ 74.69366, 34.03041 ], [ 74.69463, 34.03041 ], [ 74.69463, 34.02987 ], [ 74.69366, 34.02987 ], [ 74.69366, 34.0296 ], [ 74.69334, 34.0296 ], [ 74.69333, 34.03014 ], [ 74.69301, 34.03014 ] ] ], [ [ [ 74.68553, 34.03201 ], [ 74.68553, 34.03174 ], [ 74.68488, 34.03174 ], [ 74.68488, 34.03201 ], [ 74.68553, 34.03201 ] ] ], [ [ [ 74.67058, 34.03251 ], [ 74.67058, 34.03224 ], [ 74.67025, 34.03224 ], [ 74.67025, 34.03251 ], [ 74.67058, 34.03251 ] ] ], [ [ [ 74.68195, 34.032 ], [ 74.68228, 34.032 ], [ 74.68228, 34.03227 ], [ 74.6826, 34.03228 ], [ 74.6826, 34.03282 ], [ 74.68227, 34.03282 ], [ 74.68227, 34.03363 ], [ 74.68195, 34.03363 ], [ 74.68195, 34.0339 ], [ 74.6826, 34.0339 ], [ 74.6826, 34.03363 ], [ 74.68325, 34.03363 ], [ 74.68325, 34.03336 ], [ 74.68357, 34.03336 ], [ 74.68357, 34.03282 ], [ 74.68487, 34.03282 ], [ 74.68488, 34.03228 ], [ 74.68455, 34.03228 ], [ 74.68455, 34.03201 ], [ 74.68358, 34.03201 ], [ 74.68358, 34.03174 ], [ 74.6826, 34.03173 ], [ 74.6826, 34.03146 ], [ 74.68228, 34.03146 ], [ 74.68228, 34.03119 ], [ 74.68196, 34.03119 ], [ 74.68195, 34.032 ] ], [ [ 74.68292, 34.03282 ], [ 74.68293, 34.03255 ], [ 74.68358, 34.03255 ], [ 74.68357, 34.03282 ], [ 74.68292, 34.03282 ] ], [ [ 74.68455, 34.03255 ], [ 74.68423, 34.03255 ], [ 74.68423, 34.03228 ], [ 74.68455, 34.03228 ], [ 74.68455, 34.03255 ] ] ], [ [ [ 74.6917, 34.03311 ], [ 74.6917, 34.03284 ], [ 74.69105, 34.03284 ], [ 74.69105, 34.03311 ], [ 74.6917, 34.03311 ] ] ], [ [ [ 74.6709, 34.03279 ], [ 74.67058, 34.03278 ], [ 74.67057, 34.03306 ], [ 74.6709, 34.03306 ], [ 74.6709, 34.03279 ] ] ], [ [ [ 74.6709, 34.03333 ], [ 74.67122, 34.03333 ], [ 74.67122, 34.03306 ], [ 74.6709, 34.03306 ], [ 74.6709, 34.03333 ] ] ], [ [ [ 74.66927, 34.03386 ], [ 74.66927, 34.03359 ], [ 74.6696, 34.03359 ], [ 74.6696, 34.03386 ], [ 74.67057, 34.03387 ], [ 74.67057, 34.03333 ], [ 74.66895, 34.03332 ], [ 74.66895, 34.03386 ], [ 74.66927, 34.03386 ] ] ], [ [ [ 74.68812, 34.03364 ], [ 74.68812, 34.03391 ], [ 74.6878, 34.03391 ], [ 74.68779, 34.03418 ], [ 74.68844, 34.03418 ], [ 74.68845, 34.03364 ], [ 74.68812, 34.03364 ] ] ], [ [ [ 74.68292, 34.03444 ], [ 74.68292, 34.0339 ], [ 74.6826, 34.0339 ], [ 74.68259, 34.03471 ], [ 74.68324, 34.03471 ], [ 74.68324, 34.03444 ], [ 74.68292, 34.03444 ] ] ], [ [ [ 74.69039, 34.03419 ], [ 74.69039, 34.03473 ], [ 74.69072, 34.03473 ], [ 74.69072, 34.035 ], [ 74.69137, 34.035 ], [ 74.69137, 34.03419 ], [ 74.69039, 34.03419 ] ] ], [ [ [ 74.66894, 34.03494 ], [ 74.66927, 34.03495 ], [ 74.66927, 34.03467 ], [ 74.66959, 34.03468 ], [ 74.66959, 34.03441 ], [ 74.66894, 34.0344 ], [ 74.66894, 34.03494 ] ] ], [ [ [ 74.66927, 34.03549 ], [ 74.66959, 34.03549 ], [ 74.66959, 34.03522 ], [ 74.66992, 34.03522 ], [ 74.66992, 34.03468 ], [ 74.66959, 34.03468 ], [ 74.66959, 34.03495 ], [ 74.66927, 34.03495 ], [ 74.66927, 34.03549 ] ] ], [ [ [ 74.68649, 34.03634 ], [ 74.68649, 34.0358 ], [ 74.68616, 34.0358 ], [ 74.68616, 34.03634 ], [ 74.68649, 34.03634 ] ] ], [ [ [ 74.67771, 34.03632 ], [ 74.67771, 34.03605 ], [ 74.67706, 34.03605 ], [ 74.67706, 34.03632 ], [ 74.67771, 34.03632 ] ] ], [ [ [ 74.68421, 34.03634 ], [ 74.68421, 34.03661 ], [ 74.68454, 34.03661 ], [ 74.68454, 34.03634 ], [ 74.68486, 34.03634 ], [ 74.68486, 34.03607 ], [ 74.68454, 34.03607 ], [ 74.68454, 34.0358 ], [ 74.68389, 34.0358 ], [ 74.68389, 34.03634 ], [ 74.68421, 34.03634 ] ] ], [ [ [ 74.69038, 34.03906 ], [ 74.69038, 34.03879 ], [ 74.69005, 34.03879 ], [ 74.69005, 34.03906 ], [ 74.69038, 34.03906 ] ] ], [ [ [ 74.67445, 34.03929 ], [ 74.67445, 34.03848 ], [ 74.67315, 34.03847 ], [ 74.67315, 34.03874 ], [ 74.67283, 34.03874 ], [ 74.67283, 34.03901 ], [ 74.6725, 34.03901 ], [ 74.6725, 34.03928 ], [ 74.67348, 34.03929 ], [ 74.67348, 34.03902 ], [ 74.67413, 34.03902 ], [ 74.67412, 34.04037 ], [ 74.67445, 34.04037 ], [ 74.67445, 34.0401 ], [ 74.67477, 34.0401 ], [ 74.67477, 34.03983 ], [ 74.6751, 34.03983 ], [ 74.6751, 34.03956 ], [ 74.67477, 34.03956 ], [ 74.67478, 34.03929 ], [ 74.67445, 34.03929 ] ] ], [ [ [ 74.6894, 34.03987 ], [ 74.6894, 34.0396 ], [ 74.68907, 34.0396 ], [ 74.68907, 34.03987 ], [ 74.6894, 34.03987 ] ] ], [ [ [ 74.67281, 34.04415 ], [ 74.67281, 34.04388 ], [ 74.67248, 34.04388 ], [ 74.67248, 34.04415 ], [ 74.67281, 34.04415 ] ] ], [ [ [ 74.67605, 34.04525 ], [ 74.67605, 34.04497 ], [ 74.6754, 34.04497 ], [ 74.6754, 34.04524 ], [ 74.67605, 34.04525 ] ] ], [ [ [ 74.67443, 34.04551 ], [ 74.67443, 34.04524 ], [ 74.6741, 34.04524 ], [ 74.6741, 34.04551 ], [ 74.67443, 34.04551 ] ] ], [ [ [ 74.67703, 34.04579 ], [ 74.67703, 34.04552 ], [ 74.6767, 34.04552 ], [ 74.6767, 34.04579 ], [ 74.67703, 34.04579 ] ] ], [ [ [ 74.66792, 34.04604 ], [ 74.66793, 34.04576 ], [ 74.6676, 34.04576 ], [ 74.6676, 34.04603 ], [ 74.66792, 34.04604 ] ] ], [ [ [ 74.67085, 34.04631 ], [ 74.67085, 34.04604 ], [ 74.66987, 34.04604 ], [ 74.66987, 34.04631 ], [ 74.67085, 34.04631 ] ] ], [ [ [ 74.67605, 34.0466 ], [ 74.67605, 34.04633 ], [ 74.67572, 34.04633 ], [ 74.67572, 34.0466 ], [ 74.67605, 34.0466 ] ] ], [ [ [ 74.6676, 34.04658 ], [ 74.6676, 34.0463 ], [ 74.66727, 34.0463 ], [ 74.66727, 34.04657 ], [ 74.6676, 34.04658 ] ] ], [ [ [ 74.67507, 34.0466 ], [ 74.67507, 34.04632 ], [ 74.67475, 34.04632 ], [ 74.67475, 34.04659 ], [ 74.67507, 34.0466 ] ] ], [ [ [ 74.67637, 34.04687 ], [ 74.67637, 34.0466 ], [ 74.67605, 34.0466 ], [ 74.67605, 34.04687 ], [ 74.67637, 34.04687 ] ] ], [ [ [ 74.67572, 34.04687 ], [ 74.67572, 34.0466 ], [ 74.6754, 34.0466 ], [ 74.6754, 34.04687 ], [ 74.67572, 34.04687 ] ] ], [ [ [ 74.67605, 34.04714 ], [ 74.6754, 34.04714 ], [ 74.67539, 34.04741 ], [ 74.67604, 34.04741 ], [ 74.67605, 34.04714 ] ] ], [ [ [ 74.66791, 34.04901 ], [ 74.66726, 34.04901 ], [ 74.66726, 34.04928 ], [ 74.66791, 34.04928 ], [ 74.66791, 34.04901 ] ] ], [ [ [ 74.66823, 34.05009 ], [ 74.66824, 34.04955 ], [ 74.66791, 34.04955 ], [ 74.66791, 34.05009 ], [ 74.66823, 34.05009 ] ] ], [ [ [ 74.7136, 33.89815 ], [ 74.7136, 33.89788 ], [ 74.71328, 33.89788 ], [ 74.71328, 33.89815 ], [ 74.7136, 33.89815 ] ] ], [ [ [ 74.72917, 33.90089 ], [ 74.72917, 33.90062 ], [ 74.72884, 33.90062 ], [ 74.72884, 33.90089 ], [ 74.72917, 33.90089 ] ] ], [ [ [ 74.73014, 33.90143 ], [ 74.73014, 33.90116 ], [ 74.72981, 33.90116 ], [ 74.72981, 33.90143 ], [ 74.73014, 33.90143 ] ] ], [ [ [ 74.72749, 33.91847 ], [ 74.72749, 33.9182 ], [ 74.72716, 33.9182 ], [ 74.72716, 33.91847 ], [ 74.72749, 33.91847 ] ] ], [ [ [ 74.74497, 33.93285 ], [ 74.74497, 33.93258 ], [ 74.7453, 33.93258 ], [ 74.7453, 33.93231 ], [ 74.74562, 33.93231 ], [ 74.74562, 33.93204 ], [ 74.74465, 33.93204 ], [ 74.74465, 33.93285 ], [ 74.74497, 33.93285 ] ] ], [ [ [ 74.74367, 33.93339 ], [ 74.74367, 33.93393 ], [ 74.74399, 33.93393 ], [ 74.74399, 33.93339 ], [ 74.74464, 33.93339 ], [ 74.74464, 33.93312 ], [ 74.74367, 33.93312 ], [ 74.74367, 33.93285 ], [ 74.74335, 33.93285 ], [ 74.74335, 33.93339 ], [ 74.74367, 33.93339 ] ] ], [ [ [ 74.74334, 33.9342 ], [ 74.74334, 33.93393 ], [ 74.74302, 33.93393 ], [ 74.74302, 33.9342 ], [ 74.74334, 33.9342 ] ] ], [ [ [ 74.74302, 33.93447 ], [ 74.74302, 33.9342 ], [ 74.74269, 33.9342 ], [ 74.74269, 33.93447 ], [ 74.74302, 33.93447 ] ] ], [ [ [ 74.74399, 33.93528 ], [ 74.74399, 33.93501 ], [ 74.74334, 33.93501 ], [ 74.74334, 33.93528 ], [ 74.74399, 33.93528 ] ] ], [ [ [ 74.74039, 33.94583 ], [ 74.74039, 33.94556 ], [ 74.74006, 33.94556 ], [ 74.74006, 33.94583 ], [ 74.74039, 33.94583 ] ] ], [ [ [ 74.70983, 33.95685 ], [ 74.70983, 33.95658 ], [ 74.70951, 33.95658 ], [ 74.70951, 33.95685 ], [ 74.70983, 33.95685 ] ] ], [ [ [ 74.70918, 33.95712 ], [ 74.70918, 33.95685 ], [ 74.70886, 33.95685 ], [ 74.70886, 33.95712 ], [ 74.70918, 33.95712 ] ] ], [ [ [ 74.71178, 33.95713 ], [ 74.71178, 33.95686 ], [ 74.71146, 33.95686 ], [ 74.71145, 33.95713 ], [ 74.71178, 33.95713 ] ] ], [ [ [ 74.69911, 33.95953 ], [ 74.69911, 33.95926 ], [ 74.69878, 33.95926 ], [ 74.69878, 33.95953 ], [ 74.69911, 33.95953 ] ] ], [ [ [ 74.70948, 33.96605 ], [ 74.70948, 33.96578 ], [ 74.70915, 33.96578 ], [ 74.70915, 33.96605 ], [ 74.70948, 33.96605 ] ] ], [ [ [ 74.72406, 33.9742 ], [ 74.72406, 33.97393 ], [ 74.72374, 33.97393 ], [ 74.72374, 33.9742 ], [ 74.72406, 33.9742 ] ] ], [ [ [ 74.70846, 33.97958 ], [ 74.70846, 33.97931 ], [ 74.70813, 33.97931 ], [ 74.70813, 33.97958 ], [ 74.70846, 33.97958 ] ] ], [ [ [ 74.70845, 33.98039 ], [ 74.70845, 33.98012 ], [ 74.70813, 33.98012 ], [ 74.70813, 33.98039 ], [ 74.70845, 33.98039 ] ] ], [ [ [ 74.74677, 33.98264 ], [ 74.74677, 33.9821 ], [ 74.7471, 33.9821 ], [ 74.7471, 33.98156 ], [ 74.74742, 33.98156 ], [ 74.74742, 33.98129 ], [ 74.74775, 33.98129 ], [ 74.74775, 33.98048 ], [ 74.74743, 33.98048 ], [ 74.74743, 33.98075 ], [ 74.7471, 33.98075 ], [ 74.7471, 33.98129 ], [ 74.74677, 33.98129 ], [ 74.74677, 33.98156 ], [ 74.74645, 33.98156 ], [ 74.74645, 33.9821 ], [ 74.74612, 33.9821 ], [ 74.74612, 33.98264 ], [ 74.7458, 33.98264 ], [ 74.7458, 33.98291 ], [ 74.74547, 33.98291 ], [ 74.74547, 33.98345 ], [ 74.74514, 33.98345 ], [ 74.74514, 33.98372 ], [ 74.74482, 33.98372 ], [ 74.74482, 33.98399 ], [ 74.74514, 33.98399 ], [ 74.74514, 33.98426 ], [ 74.74547, 33.98426 ], [ 74.74547, 33.98372 ], [ 74.74579, 33.98372 ], [ 74.74579, 33.98345 ], [ 74.74612, 33.98345 ], [ 74.74612, 33.98291 ], [ 74.74644, 33.98291 ], [ 74.74645, 33.98264 ], [ 74.74677, 33.98264 ] ] ], [ [ [ 74.72987, 33.98639 ], [ 74.72987, 33.98612 ], [ 74.72955, 33.98612 ], [ 74.72954, 33.98639 ], [ 74.72987, 33.98639 ] ] ], [ [ [ 74.71165, 33.99636 ], [ 74.71165, 33.99609 ], [ 74.71132, 33.99609 ], [ 74.71132, 33.99636 ], [ 74.71165, 33.99636 ] ] ], [ [ [ 74.71197, 33.99663 ], [ 74.71197, 33.99636 ], [ 74.71165, 33.99636 ], [ 74.71165, 33.99663 ], [ 74.71197, 33.99663 ] ] ], [ [ [ 74.73243, 33.99695 ], [ 74.73244, 33.99668 ], [ 74.73211, 33.99668 ], [ 74.73211, 33.99695 ], [ 74.73243, 33.99695 ] ] ], [ [ [ 74.73146, 33.99668 ], [ 74.73146, 33.99641 ], [ 74.73049, 33.9964 ], [ 74.73048, 33.99749 ], [ 74.73081, 33.99749 ], [ 74.73081, 33.99776 ], [ 74.73146, 33.99776 ], [ 74.73146, 33.99749 ], [ 74.73211, 33.99749 ], [ 74.73211, 33.99695 ], [ 74.73146, 33.99695 ], [ 74.73146, 33.99722 ], [ 74.73113, 33.99722 ], [ 74.73114, 33.99668 ], [ 74.73146, 33.99668 ] ] ], [ [ [ 74.71197, 33.99771 ], [ 74.71197, 33.99744 ], [ 74.71132, 33.99744 ], [ 74.71132, 33.99771 ], [ 74.71197, 33.99771 ] ] ], [ [ [ 74.73048, 33.99776 ], [ 74.73048, 33.99749 ], [ 74.72983, 33.99748 ], [ 74.72983, 33.99776 ], [ 74.73048, 33.99776 ] ] ], [ [ [ 74.72918, 33.99775 ], [ 74.72918, 33.99802 ], [ 74.72983, 33.99803 ], [ 74.72983, 33.99776 ], [ 74.72918, 33.99775 ] ] ], [ [ [ 74.75452, 33.99781 ], [ 74.75452, 33.99808 ], [ 74.75485, 33.99808 ], [ 74.75484, 33.99835 ], [ 74.75517, 33.99835 ], [ 74.75517, 33.99781 ], [ 74.75452, 33.99781 ] ] ], [ [ [ 74.75289, 33.99889 ], [ 74.7529, 33.99862 ], [ 74.75354, 33.99862 ], [ 74.75355, 33.99808 ], [ 74.7529, 33.99807 ], [ 74.7529, 33.99835 ], [ 74.75257, 33.99834 ], [ 74.75257, 33.99889 ], [ 74.75289, 33.99889 ] ] ], [ [ [ 74.75257, 33.99916 ], [ 74.75257, 33.99889 ], [ 74.75224, 33.99888 ], [ 74.75224, 33.99916 ], [ 74.75257, 33.99916 ] ] ], [ [ [ 74.75419, 33.99916 ], [ 74.75387, 33.99916 ], [ 74.75387, 33.99943 ], [ 74.75484, 33.99943 ], [ 74.75484, 33.99889 ], [ 74.75419, 33.99889 ], [ 74.75419, 33.99916 ] ] ], [ [ [ 74.73308, 33.99966 ], [ 74.73275, 33.99966 ], [ 74.73275, 33.99993 ], [ 74.73307, 33.99993 ], [ 74.73308, 33.99966 ] ] ], [ [ [ 74.75094, 34.00051 ], [ 74.75094, 34.00024 ], [ 74.75062, 34.00023 ], [ 74.75062, 34.00051 ], [ 74.75094, 34.00051 ] ] ], [ [ [ 74.72202, 34.00207 ], [ 74.72202, 34.0018 ], [ 74.7217, 34.0018 ], [ 74.7217, 34.00207 ], [ 74.72202, 34.00207 ] ] ], [ [ [ 74.75191, 34.0024 ], [ 74.75191, 34.00213 ], [ 74.75159, 34.00213 ], [ 74.75158, 34.0024 ], [ 74.75191, 34.0024 ] ] ], [ [ [ 74.72267, 34.00261 ], [ 74.72267, 34.00234 ], [ 74.72235, 34.00234 ], [ 74.72235, 34.00261 ], [ 74.72267, 34.00261 ] ] ], [ [ [ 74.70382, 34.00527 ], [ 74.70382, 34.005 ], [ 74.7035, 34.005 ], [ 74.70349, 34.00527 ], [ 74.70382, 34.00527 ] ] ], [ [ [ 74.75937, 34.0062 ], [ 74.75937, 34.00566 ], [ 74.75775, 34.00566 ], [ 74.75775, 34.0062 ], [ 74.7571, 34.0062 ], [ 74.7571, 34.00647 ], [ 74.75645, 34.00647 ], [ 74.75645, 34.00674 ], [ 74.75612, 34.00674 ], [ 74.75612, 34.00701 ], [ 74.75644, 34.00701 ], [ 74.75644, 34.00728 ], [ 74.75677, 34.00728 ], [ 74.75677, 34.00701 ], [ 74.75807, 34.00701 ], [ 74.75807, 34.00674 ], [ 74.75872, 34.00674 ], [ 74.75872, 34.00647 ], [ 74.75905, 34.00647 ], [ 74.75905, 34.0062 ], [ 74.75937, 34.0062 ] ] ], [ [ [ 74.74116, 34.01185 ], [ 74.74084, 34.01185 ], [ 74.74083, 34.01212 ], [ 74.74116, 34.01212 ], [ 74.74116, 34.01185 ] ] ], [ [ [ 74.74148, 34.01212 ], [ 74.74116, 34.01212 ], [ 74.74116, 34.01239 ], [ 74.74083, 34.01239 ], [ 74.74083, 34.01266 ], [ 74.74051, 34.01266 ], [ 74.74051, 34.01293 ], [ 74.74116, 34.01293 ], [ 74.74116, 34.0132 ], [ 74.74148, 34.0132 ], [ 74.74148, 34.01212 ] ] ], [ [ [ 74.73823, 34.01347 ], [ 74.73823, 34.0132 ], [ 74.73791, 34.0132 ], [ 74.73791, 34.01347 ], [ 74.73823, 34.01347 ] ] ], [ [ [ 74.74116, 34.01347 ], [ 74.74116, 34.0132 ], [ 74.74083, 34.0132 ], [ 74.74083, 34.01347 ], [ 74.74116, 34.01347 ] ] ], [ [ [ 74.70899, 34.01286 ], [ 74.70899, 34.01313 ], [ 74.70867, 34.01313 ], [ 74.70866, 34.01475 ], [ 74.70899, 34.01475 ], [ 74.70899, 34.0134 ], [ 74.70931, 34.0134 ], [ 74.70932, 34.01232 ], [ 74.70834, 34.01232 ], [ 74.70834, 34.01259 ], [ 74.70867, 34.01259 ], [ 74.70867, 34.01286 ], [ 74.70899, 34.01286 ] ] ], [ [ [ 74.73725, 34.01455 ], [ 74.73725, 34.01428 ], [ 74.73693, 34.01428 ], [ 74.73693, 34.01455 ], [ 74.73725, 34.01455 ] ] ], [ [ [ 74.7379, 34.01509 ], [ 74.7379, 34.01428 ], [ 74.73758, 34.01428 ], [ 74.73758, 34.01509 ], [ 74.7379, 34.01509 ] ] ], [ [ [ 74.73725, 34.01509 ], [ 74.73725, 34.01536 ], [ 74.73758, 34.01536 ], [ 74.73758, 34.01509 ], [ 74.73725, 34.01509 ] ] ], [ [ [ 74.75512, 34.01567 ], [ 74.75512, 34.0154 ], [ 74.75545, 34.0154 ], [ 74.75545, 34.01513 ], [ 74.75512, 34.01512 ], [ 74.75512, 34.01485 ], [ 74.75415, 34.01485 ], [ 74.75415, 34.01566 ], [ 74.75512, 34.01567 ] ] ], [ [ [ 74.73725, 34.0159 ], [ 74.73725, 34.01536 ], [ 74.73693, 34.01536 ], [ 74.73692, 34.0159 ], [ 74.73725, 34.0159 ] ] ], [ [ [ 74.73888, 34.01536 ], [ 74.73888, 34.01509 ], [ 74.73823, 34.01509 ], [ 74.73822, 34.01563 ], [ 74.7379, 34.01563 ], [ 74.7379, 34.01671 ], [ 74.73822, 34.01671 ], [ 74.73822, 34.01698 ], [ 74.73855, 34.01698 ], [ 74.73855, 34.01671 ], [ 74.73887, 34.01671 ], [ 74.73887, 34.01644 ], [ 74.73855, 34.01644 ], [ 74.73855, 34.0159 ], [ 74.7392, 34.0159 ], [ 74.7392, 34.01536 ], [ 74.73888, 34.01536 ] ] ], [ [ [ 74.75707, 34.01648 ], [ 74.75707, 34.01621 ], [ 74.75674, 34.01621 ], [ 74.75674, 34.01648 ], [ 74.75707, 34.01648 ] ] ], [ [ [ 74.70931, 34.01394 ], [ 74.70931, 34.01475 ], [ 74.70899, 34.01475 ], [ 74.70897, 34.01854 ], [ 74.7093, 34.01854 ], [ 74.7093, 34.01719 ], [ 74.70995, 34.01719 ], [ 74.70995, 34.01692 ], [ 74.7093, 34.01692 ], [ 74.70931, 34.01611 ], [ 74.70963, 34.01611 ], [ 74.70964, 34.01394 ], [ 74.70931, 34.01394 ] ] ], [ [ [ 74.69988, 34.01798 ], [ 74.69988, 34.01744 ], [ 74.69955, 34.01744 ], [ 74.69955, 34.01798 ], [ 74.69988, 34.01798 ] ] ], [ [ [ 74.75934, 34.01838 ], [ 74.75934, 34.01811 ], [ 74.75901, 34.01811 ], [ 74.75901, 34.01838 ], [ 74.75934, 34.01838 ] ] ], [ [ [ 74.70995, 34.01854 ], [ 74.70995, 34.01827 ], [ 74.70962, 34.01827 ], [ 74.70962, 34.01854 ], [ 74.70995, 34.01854 ] ] ], [ [ [ 74.75023, 34.02053 ], [ 74.75023, 34.02026 ], [ 74.74958, 34.02025 ], [ 74.74958, 34.02052 ], [ 74.75023, 34.02053 ] ] ], [ [ [ 74.69824, 34.02041 ], [ 74.69824, 34.02014 ], [ 74.69792, 34.02014 ], [ 74.69792, 34.02041 ], [ 74.69824, 34.02041 ] ] ], [ [ [ 74.69922, 34.02095 ], [ 74.69922, 34.02068 ], [ 74.69889, 34.02068 ], [ 74.69889, 34.02095 ], [ 74.69922, 34.02095 ] ] ], [ [ [ 74.74925, 34.02134 ], [ 74.74926, 34.02079 ], [ 74.74893, 34.02079 ], [ 74.74893, 34.02134 ], [ 74.74925, 34.02134 ] ] ], [ [ [ 74.75153, 34.02134 ], [ 74.75153, 34.02107 ], [ 74.75121, 34.02107 ], [ 74.7512, 34.02134 ], [ 74.75153, 34.02134 ] ] ], [ [ [ 74.74828, 34.02133 ], [ 74.74828, 34.0216 ], [ 74.7486, 34.02161 ], [ 74.7486, 34.02188 ], [ 74.74893, 34.02188 ], [ 74.74893, 34.02134 ], [ 74.74828, 34.02133 ] ] ], [ [ [ 74.73657, 34.02429 ], [ 74.73657, 34.02401 ], [ 74.73625, 34.02401 ], [ 74.73625, 34.02428 ], [ 74.73657, 34.02429 ] ] ], [ [ [ 74.70698, 34.02963 ], [ 74.70699, 34.02909 ], [ 74.70731, 34.02909 ], [ 74.70731, 34.02828 ], [ 74.70699, 34.02828 ], [ 74.70699, 34.02882 ], [ 74.70666, 34.02882 ], [ 74.70666, 34.02963 ], [ 74.70698, 34.02963 ] ] ], [ [ [ 74.73542, 34.08137 ], [ 74.73542, 34.0811 ], [ 74.73477, 34.0811 ], [ 74.73477, 34.08137 ], [ 74.73542, 34.08137 ] ] ], [ [ [ 74.73249, 34.08407 ], [ 74.73216, 34.08407 ], [ 74.73216, 34.08434 ], [ 74.73249, 34.08434 ], [ 74.73249, 34.08407 ] ] ], [ [ [ 74.73341, 34.10166 ], [ 74.73308, 34.10166 ], [ 74.73308, 34.10193 ], [ 74.73341, 34.10193 ], [ 74.73341, 34.10166 ] ] ], [ [ [ 74.73242, 34.10409 ], [ 74.73242, 34.10382 ], [ 74.7321, 34.10382 ], [ 74.7321, 34.10409 ], [ 74.73242, 34.10409 ] ] ], [ [ [ 74.78242, 33.88584 ], [ 74.78242, 33.88557 ], [ 74.7821, 33.88557 ], [ 74.78209, 33.88584 ], [ 74.78242, 33.88584 ] ] ], [ [ [ 74.79961, 33.88723 ], [ 74.79961, 33.88696 ], [ 74.79929, 33.88695 ], [ 74.79929, 33.88723 ], [ 74.79961, 33.88723 ] ] ], [ [ [ 74.8022, 33.88939 ], [ 74.8022, 33.88912 ], [ 74.80188, 33.88912 ], [ 74.80188, 33.88939 ], [ 74.8022, 33.88939 ] ] ], [ [ [ 74.79694, 33.91888 ], [ 74.79694, 33.91861 ], [ 74.79629, 33.91861 ], [ 74.79629, 33.91888 ], [ 74.79694, 33.91888 ] ] ], [ [ [ 74.79596, 33.91942 ], [ 74.79597, 33.91915 ], [ 74.79532, 33.91915 ], [ 74.79532, 33.91942 ], [ 74.79596, 33.91942 ] ] ], [ [ [ 74.79304, 33.91968 ], [ 74.79304, 33.91941 ], [ 74.79272, 33.91941 ], [ 74.79272, 33.91968 ], [ 74.79304, 33.91968 ] ] ], [ [ [ 74.79369, 33.91996 ], [ 74.79369, 33.91968 ], [ 74.79337, 33.91968 ], [ 74.79337, 33.91995 ], [ 74.79369, 33.91996 ] ] ], [ [ [ 74.79335, 33.92645 ], [ 74.79335, 33.92618 ], [ 74.79303, 33.92618 ], [ 74.79303, 33.92645 ], [ 74.79335, 33.92645 ] ] ], [ [ [ 74.79432, 33.92672 ], [ 74.79433, 33.92645 ], [ 74.794, 33.92645 ], [ 74.794, 33.92672 ], [ 74.79432, 33.92672 ] ] ], [ [ [ 74.79303, 33.92699 ], [ 74.79303, 33.92645 ], [ 74.7927, 33.92645 ], [ 74.7927, 33.92699 ], [ 74.79303, 33.92699 ] ] ], [ [ [ 74.79659, 33.92808 ], [ 74.79659, 33.92781 ], [ 74.79627, 33.92781 ], [ 74.79627, 33.92808 ], [ 74.79659, 33.92808 ] ] ], [ [ [ 74.78186, 33.97594 ], [ 74.78186, 33.97621 ], [ 74.78154, 33.97621 ], [ 74.78154, 33.97648 ], [ 74.78219, 33.97648 ], [ 74.78219, 33.97594 ], [ 74.78186, 33.97594 ] ] ], [ [ [ 74.78056, 33.97648 ], [ 74.78057, 33.97621 ], [ 74.78024, 33.97621 ], [ 74.78024, 33.97648 ], [ 74.78056, 33.97648 ] ] ], [ [ [ 74.77147, 33.97674 ], [ 74.77147, 33.97647 ], [ 74.77115, 33.97646 ], [ 74.77115, 33.97673 ], [ 74.77147, 33.97674 ] ] ], [ [ [ 74.78803, 33.97785 ], [ 74.78803, 33.97758 ], [ 74.78771, 33.97758 ], [ 74.78771, 33.97785 ], [ 74.78803, 33.97785 ] ] ], [ [ [ 74.77277, 33.97782 ], [ 74.77277, 33.97809 ], [ 74.77309, 33.97809 ], [ 74.77309, 33.97836 ], [ 74.77341, 33.97836 ], [ 74.77342, 33.97782 ], [ 74.77277, 33.97782 ] ] ], [ [ [ 74.77049, 33.97755 ], [ 74.77049, 33.97809 ], [ 74.77017, 33.97809 ], [ 74.77016, 33.97944 ], [ 74.77114, 33.97944 ], [ 74.77114, 33.97863 ], [ 74.77147, 33.97863 ], [ 74.77147, 33.97836 ], [ 74.77114, 33.97836 ], [ 74.77114, 33.97782 ], [ 74.77082, 33.97782 ], [ 74.77082, 33.97755 ], [ 74.77049, 33.97755 ] ] ], [ [ [ 74.77244, 33.9789 ], [ 74.77211, 33.9789 ], [ 74.77211, 33.97917 ], [ 74.77244, 33.97917 ], [ 74.77244, 33.9789 ] ] ], [ [ [ 74.77244, 33.97944 ], [ 74.77276, 33.97944 ], [ 74.77276, 33.97917 ], [ 74.77244, 33.97917 ], [ 74.77244, 33.97944 ] ] ], [ [ [ 74.77309, 33.97971 ], [ 74.77309, 33.97944 ], [ 74.77276, 33.97944 ], [ 74.77276, 33.97971 ], [ 74.77309, 33.97971 ] ] ], [ [ [ 74.77307, 33.98486 ], [ 74.77307, 33.98459 ], [ 74.77275, 33.98458 ], [ 74.77275, 33.98485 ], [ 74.77307, 33.98486 ] ] ], [ [ [ 74.77794, 33.98514 ], [ 74.77794, 33.98541 ], [ 74.77892, 33.98541 ], [ 74.77892, 33.98568 ], [ 74.77924, 33.98568 ], [ 74.77924, 33.98514 ], [ 74.77794, 33.98514 ] ] ], [ [ [ 74.79353, 33.98597 ], [ 74.79353, 33.98624 ], [ 74.79321, 33.98624 ], [ 74.79321, 33.98679 ], [ 74.79353, 33.98679 ], [ 74.79353, 33.98652 ], [ 74.79386, 33.98652 ], [ 74.79386, 33.98625 ], [ 74.79418, 33.98625 ], [ 74.79418, 33.9857 ], [ 74.79386, 33.9857 ], [ 74.79386, 33.98597 ], [ 74.79353, 33.98597 ] ] ], [ [ [ 74.78671, 33.98677 ], [ 74.78671, 33.9865 ], [ 74.78639, 33.9865 ], [ 74.78638, 33.98677 ], [ 74.78671, 33.98677 ] ] ], [ [ [ 74.78574, 33.9865 ], [ 74.78573, 33.98704 ], [ 74.78638, 33.98704 ], [ 74.78638, 33.98677 ], [ 74.78606, 33.98677 ], [ 74.78606, 33.9865 ], [ 74.78574, 33.9865 ] ] ], [ [ [ 74.79515, 33.98679 ], [ 74.79515, 33.98652 ], [ 74.79451, 33.98652 ], [ 74.7945, 33.98706 ], [ 74.79483, 33.98706 ], [ 74.79483, 33.98679 ], [ 74.79515, 33.98679 ] ] ], [ [ [ 74.79028, 33.98922 ], [ 74.79028, 33.98894 ], [ 74.78995, 33.98894 ], [ 74.78995, 33.98921 ], [ 74.79028, 33.98922 ] ] ], [ [ [ 74.79222, 33.98976 ], [ 74.79223, 33.98922 ], [ 74.79125, 33.98922 ], [ 74.79125, 33.98949 ], [ 74.79157, 33.98949 ], [ 74.79157, 33.98976 ], [ 74.79222, 33.98976 ] ] ], [ [ [ 74.79157, 33.99057 ], [ 74.79157, 33.99003 ], [ 74.79125, 33.99003 ], [ 74.79125, 33.98949 ], [ 74.79093, 33.98949 ], [ 74.79092, 33.98976 ], [ 74.79027, 33.98976 ], [ 74.79027, 33.99003 ], [ 74.7906, 33.99003 ], [ 74.7906, 33.9903 ], [ 74.79125, 33.9903 ], [ 74.79125, 33.99057 ], [ 74.79157, 33.99057 ] ] ], [ [ [ 74.76591, 33.99079 ], [ 74.76624, 33.9908 ], [ 74.76624, 33.99025 ], [ 74.76591, 33.99025 ], [ 74.76591, 33.99079 ] ] ], [ [ [ 74.76396, 33.99106 ], [ 74.76494, 33.99106 ], [ 74.76494, 33.99079 ], [ 74.76526, 33.99079 ], [ 74.76526, 33.99052 ], [ 74.76559, 33.99052 ], [ 74.76559, 33.99025 ], [ 74.76591, 33.99025 ], [ 74.76591, 33.98998 ], [ 74.76494, 33.98998 ], [ 74.76494, 33.99025 ], [ 74.76364, 33.99025 ], [ 74.76364, 33.99052 ], [ 74.76331, 33.99052 ], [ 74.76331, 33.99079 ], [ 74.76396, 33.99079 ], [ 74.76396, 33.99106 ] ] ], [ [ [ 74.76299, 33.99106 ], [ 74.76299, 33.99133 ], [ 74.76266, 33.99133 ], [ 74.76266, 33.9916 ], [ 74.76331, 33.9916 ], [ 74.76331, 33.99106 ], [ 74.76299, 33.99106 ] ] ], [ [ [ 74.79677, 33.99193 ], [ 74.79677, 33.99166 ], [ 74.79644, 33.99166 ], [ 74.79644, 33.99193 ], [ 74.79677, 33.99193 ] ] ], [ [ [ 74.76493, 33.99215 ], [ 74.76493, 33.9916 ], [ 74.76461, 33.9916 ], [ 74.76461, 33.99215 ], [ 74.76493, 33.99215 ] ] ], [ [ [ 74.78215, 33.99245 ], [ 74.78215, 33.99218 ], [ 74.78182, 33.99218 ], [ 74.78182, 33.99245 ], [ 74.78215, 33.99245 ] ] ], [ [ [ 74.77792, 33.99244 ], [ 74.77793, 33.99217 ], [ 74.7776, 33.99217 ], [ 74.7776, 33.99244 ], [ 74.77792, 33.99244 ] ] ], [ [ [ 74.77533, 33.99217 ], [ 74.77533, 33.99244 ], [ 74.775, 33.99244 ], [ 74.775, 33.99271 ], [ 74.77598, 33.99271 ], [ 74.77598, 33.99217 ], [ 74.77533, 33.99217 ] ] ], [ [ [ 74.76331, 33.99214 ], [ 74.76331, 33.99268 ], [ 74.76298, 33.99268 ], [ 74.76298, 33.99322 ], [ 74.76331, 33.99322 ], [ 74.76331, 33.99295 ], [ 74.76396, 33.99296 ], [ 74.76396, 33.99268 ], [ 74.76363, 33.99268 ], [ 74.76363, 33.99241 ], [ 74.76396, 33.99241 ], [ 74.76396, 33.99214 ], [ 74.76331, 33.99214 ] ] ], [ [ [ 74.76298, 33.99377 ], [ 74.76298, 33.99349 ], [ 74.76265, 33.99349 ], [ 74.76265, 33.99376 ], [ 74.76298, 33.99377 ] ] ], [ [ [ 74.78182, 33.9938 ], [ 74.78182, 33.99353 ], [ 74.7815, 33.99353 ], [ 74.78149, 33.9938 ], [ 74.78182, 33.9938 ] ] ], [ [ [ 74.77564, 33.99622 ], [ 74.77564, 33.99595 ], [ 74.77532, 33.99595 ], [ 74.77532, 33.99622 ], [ 74.77564, 33.99622 ] ] ], [ [ [ 74.7685, 33.99594 ], [ 74.76817, 33.99594 ], [ 74.76817, 33.99621 ], [ 74.76849, 33.99621 ], [ 74.7685, 33.99594 ] ] ], [ [ [ 74.76849, 33.99648 ], [ 74.76882, 33.99648 ], [ 74.76882, 33.99621 ], [ 74.76849, 33.99621 ], [ 74.76849, 33.99648 ] ] ], [ [ [ 74.77336, 33.99784 ], [ 74.77336, 33.99757 ], [ 74.77304, 33.99757 ], [ 74.77304, 33.99784 ], [ 74.77336, 33.99784 ] ] ], [ [ [ 74.77174, 33.99838 ], [ 74.77174, 33.99811 ], [ 74.77141, 33.99811 ], [ 74.77141, 33.99838 ], [ 74.77174, 33.99838 ] ] ], [ [ [ 74.76524, 33.99999 ], [ 74.76524, 33.99972 ], [ 74.76491, 33.99972 ], [ 74.76491, 33.99999 ], [ 74.76524, 33.99999 ] ] ], [ [ [ 74.77141, 34.00027 ], [ 74.77141, 33.99946 ], [ 74.77108, 33.99946 ], [ 74.77108, 34.00027 ], [ 74.77141, 34.00027 ] ] ], [ [ [ 74.77173, 34.00055 ], [ 74.77173, 34.00028 ], [ 74.77141, 34.00027 ], [ 74.77141, 34.00055 ], [ 74.77173, 34.00055 ] ] ], [ [ [ 74.77108, 34.00054 ], [ 74.77108, 34.00082 ], [ 74.77141, 34.00082 ], [ 74.77141, 34.00055 ], [ 74.77108, 34.00054 ] ] ], [ [ [ 74.76588, 34.00135 ], [ 74.76588, 34.00108 ], [ 74.76556, 34.00108 ], [ 74.76556, 34.00135 ], [ 74.76588, 34.00135 ] ] ], [ [ [ 74.76425, 34.00324 ], [ 74.76425, 34.00297 ], [ 74.76393, 34.00297 ], [ 74.76393, 34.00324 ], [ 74.76425, 34.00324 ] ] ], [ [ [ 74.76165, 34.00459 ], [ 74.76165, 34.00486 ], [ 74.76132, 34.00486 ], [ 74.76132, 34.00567 ], [ 74.76165, 34.00567 ], [ 74.76165, 34.00594 ], [ 74.76262, 34.00594 ], [ 74.76262, 34.00567 ], [ 74.7623, 34.00567 ], [ 74.7623, 34.0054 ], [ 74.76262, 34.0054 ], [ 74.76262, 34.00486 ], [ 74.7623, 34.00486 ], [ 74.7623, 34.00459 ], [ 74.76165, 34.00459 ] ], [ [ 74.76165, 34.00513 ], [ 74.76197, 34.00513 ], [ 74.76197, 34.0054 ], [ 74.76165, 34.0054 ], [ 74.76165, 34.00513 ] ] ], [ [ [ 74.76197, 34.00648 ], [ 74.76197, 34.00621 ], [ 74.76164, 34.00621 ], [ 74.76164, 34.00648 ], [ 74.76197, 34.00648 ] ] ], [ [ [ 74.76944, 34.00731 ], [ 74.76944, 34.00595 ], [ 74.76912, 34.00595 ], [ 74.76911, 34.00731 ], [ 74.76944, 34.00731 ] ] ], [ [ [ 74.76814, 34.00703 ], [ 74.76814, 34.00676 ], [ 74.76749, 34.00676 ], [ 74.76749, 34.0073 ], [ 74.76781, 34.0073 ], [ 74.76782, 34.00703 ], [ 74.76814, 34.00703 ] ] ], [ [ [ 74.76781, 34.00784 ], [ 74.76781, 34.00757 ], [ 74.76749, 34.00757 ], [ 74.76749, 34.00784 ], [ 74.76781, 34.00784 ] ] ], [ [ [ 74.76034, 34.00837 ], [ 74.76034, 34.0081 ], [ 74.76002, 34.0081 ], [ 74.76001, 34.00837 ], [ 74.76034, 34.00837 ] ] ], [ [ [ 74.76943, 34.00947 ], [ 74.76943, 34.0092 ], [ 74.76878, 34.0092 ], [ 74.76878, 34.00947 ], [ 74.76943, 34.00947 ] ] ], [ [ [ 74.76293, 34.01081 ], [ 74.76293, 34.01054 ], [ 74.76261, 34.01054 ], [ 74.76261, 34.01081 ], [ 74.76293, 34.01081 ] ] ], [ [ [ 74.77203, 34.0111 ], [ 74.77203, 34.01083 ], [ 74.7717, 34.01083 ], [ 74.7717, 34.0111 ], [ 74.77203, 34.0111 ] ] ], [ [ [ 74.76878, 34.01163 ], [ 74.76878, 34.01109 ], [ 74.76845, 34.01109 ], [ 74.76845, 34.01163 ], [ 74.76878, 34.01163 ] ] ], [ [ [ 74.77268, 34.01164 ], [ 74.77268, 34.01137 ], [ 74.77235, 34.01137 ], [ 74.77235, 34.01164 ], [ 74.77268, 34.01164 ] ] ], [ [ [ 74.77657, 34.01219 ], [ 74.7769, 34.01219 ], [ 74.7769, 34.01165 ], [ 74.77658, 34.01165 ], [ 74.77657, 34.01192 ], [ 74.77625, 34.01192 ], [ 74.77625, 34.01246 ], [ 74.77657, 34.01246 ], [ 74.77657, 34.01219 ] ] ], [ [ [ 74.76748, 34.01217 ], [ 74.76683, 34.01217 ], [ 74.76683, 34.01244 ], [ 74.76748, 34.01244 ], [ 74.76748, 34.01217 ] ] ], [ [ [ 74.7769, 34.013 ], [ 74.7769, 34.01246 ], [ 74.77657, 34.01246 ], [ 74.77657, 34.013 ], [ 74.7769, 34.013 ] ] ], [ [ [ 74.76226, 34.01784 ], [ 74.76226, 34.01757 ], [ 74.76194, 34.01757 ], [ 74.76194, 34.01784 ], [ 74.76226, 34.01784 ] ] ], [ [ [ 74.81434, 33.82826 ], [ 74.81434, 33.82772 ], [ 74.81369, 33.82772 ], [ 74.81369, 33.82826 ], [ 74.81434, 33.82826 ] ] ], [ [ [ 74.8344, 33.85048 ], [ 74.8344, 33.85021 ], [ 74.83407, 33.85021 ], [ 74.83407, 33.85048 ], [ 74.8344, 33.85048 ] ] ], [ [ [ 74.8292, 33.85183 ], [ 74.82921, 33.85101 ], [ 74.82888, 33.85101 ], [ 74.82888, 33.85183 ], [ 74.8292, 33.85183 ] ] ], [ [ [ 74.83244, 33.85372 ], [ 74.83244, 33.85318 ], [ 74.83212, 33.85318 ], [ 74.83212, 33.85372 ], [ 74.83244, 33.85372 ] ] ], [ [ [ 74.8292, 33.85453 ], [ 74.8292, 33.85426 ], [ 74.82887, 33.85426 ], [ 74.82887, 33.85453 ], [ 74.8292, 33.85453 ] ] ], [ [ [ 74.8281, 33.91541 ], [ 74.8281, 33.91514 ], [ 74.82778, 33.91514 ], [ 74.82778, 33.91541 ], [ 74.8281, 33.91541 ] ] ], [ [ [ 74.84984, 33.91733 ], [ 74.84984, 33.91706 ], [ 74.84952, 33.91706 ], [ 74.84952, 33.91733 ], [ 74.84984, 33.91733 ] ] ], [ [ [ 74.85047, 33.93275 ], [ 74.85047, 33.93248 ], [ 74.85014, 33.93248 ], [ 74.85014, 33.93275 ], [ 74.85047, 33.93275 ] ] ], [ [ [ 74.84722, 33.93248 ], [ 74.8469, 33.93248 ], [ 74.8469, 33.93275 ], [ 74.84722, 33.93275 ], [ 74.84722, 33.93248 ] ] ], [ [ [ 74.84722, 33.93302 ], [ 74.84754, 33.93302 ], [ 74.84754, 33.93275 ], [ 74.84722, 33.93275 ], [ 74.84722, 33.93302 ] ] ], [ [ [ 74.85014, 33.93329 ], [ 74.85014, 33.93302 ], [ 74.84982, 33.93302 ], [ 74.84982, 33.93329 ], [ 74.85014, 33.93329 ] ] ], [ [ [ 74.84787, 33.93329 ], [ 74.84787, 33.93302 ], [ 74.84754, 33.93302 ], [ 74.84754, 33.93356 ], [ 74.84819, 33.93356 ], [ 74.84819, 33.93329 ], [ 74.84787, 33.93329 ] ] ], [ [ [ 74.84689, 33.9341 ], [ 74.8469, 33.93275 ], [ 74.84657, 33.93275 ], [ 74.84657, 33.9341 ], [ 74.84689, 33.9341 ] ] ], [ [ [ 74.85111, 33.93384 ], [ 74.85111, 33.93357 ], [ 74.85079, 33.93357 ], [ 74.85079, 33.93384 ], [ 74.85111, 33.93384 ] ] ], [ [ [ 74.84982, 33.93384 ], [ 74.84982, 33.93357 ], [ 74.84819, 33.93356 ], [ 74.84819, 33.9341 ], [ 74.84852, 33.9341 ], [ 74.84852, 33.93383 ], [ 74.84982, 33.93384 ] ] ], [ [ [ 74.84722, 33.93491 ], [ 74.84722, 33.9341 ], [ 74.84689, 33.9341 ], [ 74.84689, 33.93491 ], [ 74.84722, 33.93491 ] ] ], [ [ [ 74.84916, 33.93492 ], [ 74.84916, 33.93438 ], [ 74.84884, 33.93438 ], [ 74.84884, 33.93492 ], [ 74.84916, 33.93492 ] ] ], [ [ [ 74.83909, 33.9395 ], [ 74.83909, 33.93923 ], [ 74.83844, 33.93923 ], [ 74.83844, 33.9395 ], [ 74.83909, 33.9395 ] ] ], [ [ [ 74.84169, 33.93978 ], [ 74.84169, 33.93951 ], [ 74.84136, 33.93951 ], [ 74.84136, 33.93978 ], [ 74.84169, 33.93978 ] ] ], [ [ [ 74.83942, 33.94005 ], [ 74.83942, 33.93978 ], [ 74.83974, 33.93978 ], [ 74.83974, 33.9395 ], [ 74.83909, 33.9395 ], [ 74.83909, 33.93977 ], [ 74.83812, 33.93977 ], [ 74.83812, 33.94004 ], [ 74.83942, 33.94005 ] ] ], [ [ [ 74.83942, 33.94005 ], [ 74.83942, 33.94032 ], [ 74.84136, 33.94032 ], [ 74.84136, 33.93978 ], [ 74.84104, 33.93978 ], [ 74.84104, 33.94005 ], [ 74.84007, 33.94005 ], [ 74.84007, 33.93978 ], [ 74.83974, 33.93978 ], [ 74.83974, 33.94005 ], [ 74.83942, 33.94005 ] ] ], [ [ [ 74.84299, 33.94086 ], [ 74.84299, 33.94032 ], [ 74.84266, 33.94032 ], [ 74.84266, 33.94086 ], [ 74.84299, 33.94086 ] ] ], [ [ [ 74.84234, 33.94086 ], [ 74.84234, 33.94059 ], [ 74.84201, 33.94059 ], [ 74.84201, 33.94113 ], [ 74.84266, 33.94113 ], [ 74.84266, 33.94086 ], [ 74.84234, 33.94086 ] ] ], [ [ [ 74.84428, 33.94113 ], [ 74.84428, 33.94086 ], [ 74.84396, 33.94086 ], [ 74.84396, 33.94113 ], [ 74.84428, 33.94113 ] ] ], [ [ [ 74.8472, 33.94141 ], [ 74.84721, 33.94114 ], [ 74.84688, 33.94114 ], [ 74.84688, 33.94141 ], [ 74.8472, 33.94141 ] ] ], [ [ [ 74.84396, 33.94167 ], [ 74.84396, 33.94113 ], [ 74.84363, 33.94113 ], [ 74.84363, 33.94167 ], [ 74.84396, 33.94167 ] ] ], [ [ [ 74.84169, 33.94167 ], [ 74.84169, 33.9414 ], [ 74.84136, 33.9414 ], [ 74.84136, 33.94167 ], [ 74.84169, 33.94167 ] ] ], [ [ [ 74.83714, 33.94194 ], [ 74.83714, 33.94221 ], [ 74.83746, 33.94221 ], [ 74.83746, 33.94248 ], [ 74.83779, 33.94248 ], [ 74.83779, 33.94275 ], [ 74.83811, 33.94275 ], [ 74.83811, 33.94194 ], [ 74.83909, 33.94194 ], [ 74.83909, 33.94059 ], [ 74.83877, 33.94059 ], [ 74.83876, 33.94167 ], [ 74.83747, 33.94167 ], [ 74.83746, 33.94194 ], [ 74.83714, 33.94194 ] ] ], [ [ [ 74.84331, 33.94167 ], [ 74.84331, 33.94194 ], [ 74.84298, 33.94194 ], [ 74.84298, 33.94221 ], [ 74.84363, 33.94222 ], [ 74.84363, 33.94167 ], [ 74.84331, 33.94167 ] ] ], [ [ [ 74.8472, 33.94195 ], [ 74.84655, 33.94195 ], [ 74.84655, 33.94249 ], [ 74.84688, 33.94249 ], [ 74.84688, 33.94222 ], [ 74.8472, 33.94222 ], [ 74.8472, 33.94195 ] ] ], [ [ [ 74.84428, 33.94357 ], [ 74.84428, 33.9433 ], [ 74.84493, 33.9433 ], [ 74.84493, 33.94276 ], [ 74.84525, 33.94276 ], [ 74.84526, 33.94222 ], [ 74.84558, 33.94222 ], [ 74.84558, 33.94195 ], [ 74.84591, 33.94195 ], [ 74.84591, 33.94168 ], [ 74.84623, 33.94168 ], [ 74.84623, 33.94114 ], [ 74.84591, 33.94114 ], [ 74.84591, 33.94087 ], [ 74.84461, 33.94086 ], [ 74.84461, 33.94141 ], [ 74.84428, 33.9414 ], [ 74.84428, 33.94195 ], [ 74.84396, 33.94195 ], [ 74.84396, 33.94249 ], [ 74.84363, 33.94249 ], [ 74.84363, 33.94276 ], [ 74.84428, 33.94276 ], [ 74.84428, 33.94303 ], [ 74.84396, 33.94303 ], [ 74.84395, 33.9433 ], [ 74.84363, 33.9433 ], [ 74.84363, 33.94357 ], [ 74.84331, 33.94357 ], [ 74.8433, 33.94384 ], [ 74.84395, 33.94384 ], [ 74.84395, 33.94357 ], [ 74.84428, 33.94357 ] ], [ [ 74.84428, 33.94222 ], [ 74.84461, 33.94222 ], [ 74.84461, 33.94276 ], [ 74.84428, 33.94276 ], [ 74.84428, 33.94222 ] ], [ [ 74.84461, 33.94168 ], [ 74.84493, 33.94168 ], [ 74.84493, 33.94113 ], [ 74.84558, 33.94114 ], [ 74.84558, 33.94168 ], [ 74.84526, 33.94168 ], [ 74.84526, 33.94195 ], [ 74.84493, 33.94195 ], [ 74.84493, 33.94222 ], [ 74.84461, 33.94222 ], [ 74.84461, 33.94168 ] ] ], [ [ [ 74.84655, 33.94276 ], [ 74.84655, 33.94249 ], [ 74.84623, 33.94249 ], [ 74.84623, 33.94276 ], [ 74.84655, 33.94276 ] ] ], [ [ [ 74.84071, 33.94302 ], [ 74.84071, 33.94248 ], [ 74.84039, 33.94248 ], [ 74.84038, 33.94302 ], [ 74.84071, 33.94302 ] ] ], [ [ [ 74.84623, 33.94303 ], [ 74.84623, 33.94276 ], [ 74.8459, 33.94276 ], [ 74.8459, 33.94303 ], [ 74.84623, 33.94303 ] ] ], [ [ [ 74.8472, 33.94303 ], [ 74.8472, 33.94276 ], [ 74.84688, 33.94276 ], [ 74.84688, 33.94303 ], [ 74.8472, 33.94303 ] ] ], [ [ [ 74.8459, 33.9433 ], [ 74.8459, 33.94303 ], [ 74.84558, 33.94303 ], [ 74.84558, 33.9433 ], [ 74.8459, 33.9433 ] ] ], [ [ [ 74.84006, 33.94356 ], [ 74.84006, 33.94302 ], [ 74.83974, 33.94302 ], [ 74.83973, 33.94356 ], [ 74.84006, 33.94356 ] ] ], [ [ [ 74.84201, 33.94384 ], [ 74.84201, 33.94357 ], [ 74.84168, 33.94357 ], [ 74.84168, 33.94384 ], [ 74.84201, 33.94384 ] ] ], [ [ [ 74.8433, 33.94411 ], [ 74.8433, 33.94384 ], [ 74.84298, 33.94384 ], [ 74.84298, 33.94411 ], [ 74.8433, 33.94411 ] ] ], [ [ [ 74.84558, 33.94357 ], [ 74.84558, 33.9433 ], [ 74.84493, 33.9433 ], [ 74.84493, 33.94357 ], [ 74.8446, 33.94357 ], [ 74.8446, 33.94384 ], [ 74.84428, 33.94384 ], [ 74.84428, 33.94411 ], [ 74.84395, 33.94411 ], [ 74.84395, 33.94438 ], [ 74.84363, 33.94438 ], [ 74.84363, 33.94492 ], [ 74.84395, 33.94492 ], [ 74.84395, 33.94465 ], [ 74.84428, 33.94465 ], [ 74.84428, 33.94438 ], [ 74.8446, 33.94438 ], [ 74.8446, 33.94411 ], [ 74.84525, 33.94411 ], [ 74.84525, 33.94357 ], [ 74.84558, 33.94357 ] ] ], [ [ [ 74.8472, 33.94466 ], [ 74.8472, 33.94438 ], [ 74.84655, 33.94438 ], [ 74.84655, 33.94465 ], [ 74.8472, 33.94466 ] ] ], [ [ [ 74.84655, 33.94492 ], [ 74.84655, 33.94465 ], [ 74.84622, 33.94465 ], [ 74.84622, 33.94492 ], [ 74.84655, 33.94492 ] ] ], [ [ [ 74.84265, 33.94519 ], [ 74.84265, 33.94573 ], [ 74.84298, 33.94573 ], [ 74.84298, 33.94546 ], [ 74.8433, 33.94546 ], [ 74.8433, 33.94519 ], [ 74.84363, 33.94519 ], [ 74.84363, 33.94492 ], [ 74.84298, 33.94492 ], [ 74.84298, 33.94519 ], [ 74.84265, 33.94519 ] ] ], [ [ [ 74.85012, 33.94547 ], [ 74.85012, 33.9452 ], [ 74.8498, 33.9452 ], [ 74.84979, 33.94547 ], [ 74.85012, 33.94547 ] ] ], [ [ [ 74.8446, 33.94546 ], [ 74.8446, 33.94519 ], [ 74.84428, 33.94519 ], [ 74.84428, 33.94546 ], [ 74.8446, 33.94546 ] ] ], [ [ [ 74.84785, 33.94547 ], [ 74.84785, 33.94574 ], [ 74.84752, 33.94574 ], [ 74.84752, 33.94601 ], [ 74.84817, 33.94601 ], [ 74.84817, 33.94547 ], [ 74.84785, 33.94547 ] ] ], [ [ [ 74.84395, 33.946 ], [ 74.84395, 33.94573 ], [ 74.84363, 33.94573 ], [ 74.84363, 33.946 ], [ 74.84395, 33.946 ] ] ], [ [ [ 74.84979, 33.94601 ], [ 74.84979, 33.94574 ], [ 74.84947, 33.94574 ], [ 74.84947, 33.94601 ], [ 74.84979, 33.94601 ] ] ], [ [ [ 74.84752, 33.94628 ], [ 74.84752, 33.94601 ], [ 74.8472, 33.94601 ], [ 74.8472, 33.94628 ], [ 74.84752, 33.94628 ] ] ], [ [ [ 74.85109, 33.94682 ], [ 74.85109, 33.9471 ], [ 74.85142, 33.9471 ], [ 74.85142, 33.94574 ], [ 74.85109, 33.94574 ], [ 74.85109, 33.94628 ], [ 74.85077, 33.94628 ], [ 74.85077, 33.94655 ], [ 74.85044, 33.94655 ], [ 74.85044, 33.94682 ], [ 74.85109, 33.94682 ] ] ], [ [ [ 74.8472, 33.94655 ], [ 74.8472, 33.94628 ], [ 74.84687, 33.94628 ], [ 74.84687, 33.94655 ], [ 74.8472, 33.94655 ] ] ], [ [ [ 74.84947, 33.94682 ], [ 74.84947, 33.94655 ], [ 74.84914, 33.94655 ], [ 74.84914, 33.94682 ], [ 74.84947, 33.94682 ] ] ], [ [ [ 74.84395, 33.94682 ], [ 74.84395, 33.94655 ], [ 74.84362, 33.94654 ], [ 74.84362, 33.94682 ], [ 74.84395, 33.94682 ] ] ], [ [ [ 74.84103, 33.94708 ], [ 74.84103, 33.94654 ], [ 74.8407, 33.94654 ], [ 74.8407, 33.94708 ], [ 74.84103, 33.94708 ] ] ], [ [ [ 74.84914, 33.94709 ], [ 74.84914, 33.94682 ], [ 74.84849, 33.94682 ], [ 74.84849, 33.94709 ], [ 74.84914, 33.94709 ] ] ], [ [ [ 74.85044, 33.94709 ], [ 74.85044, 33.94682 ], [ 74.85012, 33.94682 ], [ 74.85012, 33.94709 ], [ 74.85044, 33.94709 ] ] ], [ [ [ 74.84622, 33.94736 ], [ 74.84622, 33.94682 ], [ 74.8459, 33.94682 ], [ 74.8459, 33.94736 ], [ 74.84622, 33.94736 ] ] ], [ [ [ 74.84947, 33.9479 ], [ 74.84947, 33.94763 ], [ 74.84882, 33.94763 ], [ 74.84882, 33.9479 ], [ 74.84947, 33.9479 ] ] ], [ [ [ 74.84654, 33.94844 ], [ 74.84654, 33.94817 ], [ 74.84622, 33.94817 ], [ 74.84622, 33.94844 ], [ 74.84654, 33.94844 ] ] ], [ [ [ 74.84589, 33.94898 ], [ 74.84589, 33.94871 ], [ 74.84622, 33.94871 ], [ 74.84622, 33.94844 ], [ 74.84557, 33.94844 ], [ 74.84557, 33.94871 ], [ 74.84524, 33.94871 ], [ 74.84524, 33.94898 ], [ 74.84589, 33.94898 ] ] ], [ [ [ 74.85109, 33.94926 ], [ 74.85109, 33.94899 ], [ 74.85076, 33.94899 ], [ 74.85076, 33.94926 ], [ 74.85109, 33.94926 ] ] ], [ [ [ 74.85011, 33.95007 ], [ 74.85011, 33.9498 ], [ 74.84979, 33.9498 ], [ 74.84979, 33.94953 ], [ 74.84946, 33.94953 ], [ 74.84946, 33.9498 ], [ 74.84849, 33.9498 ], [ 74.84849, 33.95007 ], [ 74.85011, 33.95007 ] ] ], [ [ [ 74.84849, 33.95007 ], [ 74.84784, 33.95007 ], [ 74.84784, 33.95034 ], [ 74.84849, 33.95034 ], [ 74.84849, 33.95007 ] ] ], [ [ [ 74.84881, 33.95115 ], [ 74.84849, 33.95115 ], [ 74.84849, 33.95142 ], [ 74.84881, 33.95142 ], [ 74.84881, 33.95115 ] ] ], [ [ [ 74.84913, 33.95169 ], [ 74.84913, 33.95142 ], [ 74.84881, 33.95142 ], [ 74.84881, 33.95169 ], [ 74.84913, 33.95169 ] ] ], [ [ [ 74.8065, 33.99736 ], [ 74.8065, 33.99709 ], [ 74.80617, 33.99709 ], [ 74.80617, 33.99736 ], [ 74.8065, 33.99736 ] ] ], [ [ [ 74.96606, 33.84166 ], [ 74.96606, 33.84139 ], [ 74.96574, 33.84139 ], [ 74.96574, 33.84166 ], [ 74.96606, 33.84166 ] ] ], [ [ [ 74.96541, 33.84166 ], [ 74.96541, 33.84193 ], [ 74.96574, 33.84193 ], [ 74.96574, 33.84166 ], [ 74.96541, 33.84166 ] ] ], [ [ [ 74.96347, 33.84193 ], [ 74.96347, 33.84166 ], [ 74.96249, 33.84166 ], [ 74.96249, 33.84193 ], [ 74.96347, 33.84193 ] ] ], [ [ [ 74.96314, 33.84247 ], [ 74.96314, 33.8422 ], [ 74.96282, 33.8422 ], [ 74.96282, 33.84274 ], [ 74.96347, 33.84274 ], [ 74.96347, 33.84247 ], [ 74.96314, 33.84247 ] ] ], [ [ [ 74.9599, 33.84247 ], [ 74.9599, 33.84274 ], [ 74.95958, 33.84274 ], [ 74.95958, 33.84301 ], [ 74.95925, 33.84301 ], [ 74.95925, 33.84328 ], [ 74.9599, 33.84328 ], [ 74.9599, 33.84301 ], [ 74.96217, 33.84301 ], [ 74.96217, 33.84274 ], [ 74.96249, 33.84274 ], [ 74.96249, 33.8422 ], [ 74.96185, 33.8422 ], [ 74.96185, 33.84247 ], [ 74.9599, 33.84247 ] ] ], [ [ [ 74.95179, 33.84355 ], [ 74.95179, 33.84328 ], [ 74.95147, 33.84328 ], [ 74.95147, 33.84355 ], [ 74.95179, 33.84355 ] ] ], [ [ [ 74.9599, 33.84517 ], [ 74.9599, 33.8449 ], [ 74.95957, 33.8449 ], [ 74.95957, 33.84517 ], [ 74.9599, 33.84517 ] ] ], [ [ [ 74.96184, 33.84653 ], [ 74.96184, 33.8468 ], [ 74.96152, 33.8468 ], [ 74.96152, 33.84626 ], [ 74.9612, 33.84626 ], [ 74.96119, 33.84707 ], [ 74.96152, 33.84707 ], [ 74.96152, 33.84761 ], [ 74.96184, 33.84761 ], [ 74.96184, 33.84788 ], [ 74.96217, 33.84788 ], [ 74.96217, 33.84761 ], [ 74.96249, 33.84761 ], [ 74.96249, 33.84734 ], [ 74.96282, 33.84734 ], [ 74.96282, 33.8468 ], [ 74.96217, 33.8468 ], [ 74.96217, 33.84653 ], [ 74.96184, 33.84653 ] ] ], [ [ [ 74.96345, 33.88576 ], [ 74.96345, 33.88549 ], [ 74.96312, 33.88549 ], [ 74.96312, 33.88576 ], [ 74.96345, 33.88576 ] ] ], [ [ [ 74.86349, 33.90761 ], [ 74.86349, 33.90734 ], [ 74.86317, 33.90734 ], [ 74.86317, 33.90761 ], [ 74.86349, 33.90761 ] ] ], [ [ [ 74.86317, 33.90788 ], [ 74.86317, 33.90761 ], [ 74.86284, 33.90761 ], [ 74.86284, 33.90788 ], [ 74.86317, 33.90788 ] ] ], [ [ [ 74.86381, 33.90842 ], [ 74.86381, 33.90815 ], [ 74.86349, 33.90815 ], [ 74.86349, 33.90842 ], [ 74.86381, 33.90842 ] ] ], [ [ [ 74.86284, 33.90842 ], [ 74.86284, 33.90815 ], [ 74.86252, 33.90815 ], [ 74.86252, 33.90869 ], [ 74.86316, 33.90869 ], [ 74.86316, 33.90842 ], [ 74.86284, 33.90842 ] ] ], [ [ [ 74.86381, 33.9095 ], [ 74.86381, 33.90896 ], [ 74.86349, 33.90896 ], [ 74.86349, 33.9095 ], [ 74.86381, 33.9095 ] ] ], [ [ [ 74.85765, 33.91003 ], [ 74.85765, 33.90976 ], [ 74.85732, 33.90976 ], [ 74.85732, 33.91003 ], [ 74.85765, 33.91003 ] ] ], [ [ [ 74.86608, 33.91031 ], [ 74.86608, 33.91004 ], [ 74.86446, 33.91004 ], [ 74.86446, 33.91031 ], [ 74.86608, 33.91031 ] ] ], [ [ [ 74.86218, 33.91545 ], [ 74.8625, 33.91545 ], [ 74.8625, 33.91518 ], [ 74.86218, 33.91518 ], [ 74.86218, 33.91491 ], [ 74.86186, 33.91491 ], [ 74.86186, 33.91518 ], [ 74.86153, 33.91518 ], [ 74.86153, 33.91572 ], [ 74.86218, 33.91572 ], [ 74.86218, 33.91545 ] ] ], [ [ [ 74.8625, 33.91572 ], [ 74.86283, 33.91572 ], [ 74.86283, 33.91545 ], [ 74.8625, 33.91545 ], [ 74.8625, 33.91572 ] ] ], [ [ [ 74.86218, 33.91572 ], [ 74.86218, 33.91626 ], [ 74.86185, 33.91626 ], [ 74.86185, 33.91599 ], [ 74.86153, 33.91599 ], [ 74.86153, 33.91572 ], [ 74.86088, 33.91572 ], [ 74.86088, 33.91545 ], [ 74.86121, 33.91545 ], [ 74.86121, 33.91491 ], [ 74.86088, 33.91491 ], [ 74.86088, 33.91518 ], [ 74.86023, 33.91518 ], [ 74.86023, 33.91545 ], [ 74.85991, 33.91545 ], [ 74.85991, 33.91599 ], [ 74.86023, 33.91599 ], [ 74.86023, 33.91572 ], [ 74.86056, 33.91572 ], [ 74.86056, 33.91599 ], [ 74.86121, 33.91599 ], [ 74.8612, 33.91653 ], [ 74.8625, 33.91653 ], [ 74.8625, 33.91572 ], [ 74.86218, 33.91572 ] ] ], [ [ [ 74.85958, 33.91599 ], [ 74.85958, 33.91626 ], [ 74.85991, 33.91626 ], [ 74.85991, 33.91599 ], [ 74.85958, 33.91599 ] ] ], [ [ [ 74.8677, 33.91627 ], [ 74.8677, 33.916 ], [ 74.86705, 33.916 ], [ 74.86705, 33.91627 ], [ 74.8677, 33.91627 ] ] ], [ [ [ 74.87191, 33.91709 ], [ 74.87191, 33.91681 ], [ 74.87159, 33.91681 ], [ 74.87159, 33.91708 ], [ 74.87191, 33.91709 ] ] ], [ [ [ 74.8625, 33.91897 ], [ 74.8625, 33.91843 ], [ 74.86217, 33.91843 ], [ 74.86217, 33.91897 ], [ 74.8625, 33.91897 ] ] ], [ [ [ 74.8599, 33.91897 ], [ 74.8599, 33.91843 ], [ 74.85925, 33.91842 ], [ 74.85925, 33.91924 ], [ 74.85958, 33.91924 ], [ 74.85958, 33.91897 ], [ 74.8599, 33.91897 ] ] ], [ [ [ 74.85795, 33.91923 ], [ 74.85795, 33.91951 ], [ 74.85893, 33.91951 ], [ 74.85893, 33.91924 ], [ 74.85828, 33.91923 ], [ 74.85828, 33.91869 ], [ 74.85796, 33.91869 ], [ 74.85795, 33.91896 ], [ 74.85763, 33.91896 ], [ 74.85763, 33.91923 ], [ 74.85795, 33.91923 ] ] ], [ [ [ 74.86088, 33.91951 ], [ 74.86088, 33.91924 ], [ 74.86023, 33.91924 ], [ 74.86023, 33.91951 ], [ 74.86088, 33.91951 ] ] ], [ [ [ 74.86023, 33.91978 ], [ 74.86023, 33.91951 ], [ 74.8599, 33.91951 ], [ 74.8599, 33.91978 ], [ 74.86023, 33.91978 ] ] ], [ [ [ 74.8586, 33.92059 ], [ 74.8586, 33.92032 ], [ 74.85828, 33.92032 ], [ 74.85828, 33.92059 ], [ 74.8586, 33.92059 ] ] ], [ [ [ 74.85957, 33.92357 ], [ 74.85957, 33.92329 ], [ 74.85925, 33.92329 ], [ 74.85925, 33.92357 ], [ 74.85957, 33.92357 ] ] ], [ [ [ 74.86054, 33.92411 ], [ 74.86022, 33.92411 ], [ 74.86022, 33.92465 ], [ 74.86054, 33.92465 ], [ 74.86054, 33.92411 ] ] ], [ [ [ 74.85989, 33.92438 ], [ 74.85957, 33.92438 ], [ 74.85957, 33.92465 ], [ 74.85989, 33.92465 ], [ 74.85989, 33.92438 ] ] ], [ [ [ 74.85924, 33.92492 ], [ 74.85924, 33.92465 ], [ 74.85827, 33.92465 ], [ 74.85827, 33.92492 ], [ 74.85924, 33.92492 ] ] ], [ [ [ 74.86898, 33.92547 ], [ 74.86898, 33.9252 ], [ 74.86833, 33.9252 ], [ 74.86833, 33.92547 ], [ 74.86898, 33.92547 ] ] ], [ [ [ 74.87028, 33.92655 ], [ 74.87028, 33.92628 ], [ 74.8706, 33.92628 ], [ 74.8706, 33.92574 ], [ 74.87028, 33.92574 ], [ 74.87028, 33.92601 ], [ 74.86995, 33.92601 ], [ 74.86995, 33.92655 ], [ 74.87028, 33.92655 ] ] ], [ [ [ 74.86768, 33.92628 ], [ 74.86768, 33.92682 ], [ 74.86833, 33.92682 ], [ 74.86833, 33.92709 ], [ 74.86865, 33.92709 ], [ 74.86865, 33.92574 ], [ 74.86833, 33.92574 ], [ 74.86833, 33.92547 ], [ 74.86801, 33.92547 ], [ 74.86801, 33.92601 ], [ 74.86736, 33.92601 ], [ 74.86736, 33.92628 ], [ 74.86768, 33.92628 ] ] ], [ [ [ 74.88261, 33.92981 ], [ 74.88261, 33.92954 ], [ 74.88228, 33.92954 ], [ 74.88228, 33.92981 ], [ 74.88261, 33.92981 ] ] ], [ [ [ 74.85177, 33.93249 ], [ 74.85177, 33.93221 ], [ 74.85209, 33.93221 ], [ 74.85209, 33.93194 ], [ 74.85047, 33.93194 ], [ 74.85047, 33.93221 ], [ 74.85144, 33.93221 ], [ 74.85144, 33.93248 ], [ 74.85177, 33.93249 ] ] ], [ [ [ 74.85241, 33.93222 ], [ 74.85209, 33.93221 ], [ 74.85209, 33.93249 ], [ 74.85241, 33.93249 ], [ 74.85241, 33.93222 ] ] ], [ [ [ 74.85241, 33.93303 ], [ 74.85209, 33.93303 ], [ 74.85209, 33.93357 ], [ 74.85241, 33.93357 ], [ 74.85241, 33.9333 ], [ 74.85274, 33.9333 ], [ 74.85274, 33.93249 ], [ 74.85241, 33.93249 ], [ 74.85241, 33.93303 ] ] ], [ [ [ 74.85112, 33.93275 ], [ 74.85111, 33.93303 ], [ 74.85144, 33.93303 ], [ 74.85144, 33.9333 ], [ 74.85176, 33.9333 ], [ 74.85176, 33.93276 ], [ 74.85112, 33.93275 ] ] ], [ [ [ 74.85274, 33.9333 ], [ 74.85274, 33.93384 ], [ 74.85241, 33.93384 ], [ 74.85241, 33.93411 ], [ 74.85306, 33.93411 ], [ 74.85306, 33.9333 ], [ 74.85274, 33.9333 ] ] ], [ [ [ 74.85144, 33.93438 ], [ 74.85144, 33.93411 ], [ 74.85111, 33.93411 ], [ 74.85111, 33.93438 ], [ 74.85144, 33.93438 ] ] ], [ [ [ 74.85209, 33.93411 ], [ 74.85209, 33.93438 ], [ 74.85176, 33.93438 ], [ 74.85176, 33.93465 ], [ 74.85241, 33.93465 ], [ 74.85241, 33.93411 ], [ 74.85209, 33.93411 ] ] ], [ [ [ 74.85144, 33.93546 ], [ 74.85079, 33.93546 ], [ 74.85079, 33.93573 ], [ 74.85143, 33.93573 ], [ 74.85144, 33.93546 ] ] ], [ [ [ 74.85143, 33.936 ], [ 74.85176, 33.936 ], [ 74.85176, 33.93573 ], [ 74.85143, 33.93573 ], [ 74.85143, 33.936 ] ] ], [ [ [ 74.86117, 33.93764 ], [ 74.86117, 33.93737 ], [ 74.8615, 33.93737 ], [ 74.8615, 33.9371 ], [ 74.86182, 33.9371 ], [ 74.86182, 33.93683 ], [ 74.86215, 33.93683 ], [ 74.86215, 33.93656 ], [ 74.86247, 33.93656 ], [ 74.86247, 33.93629 ], [ 74.8628, 33.93629 ], [ 74.8628, 33.93602 ], [ 74.86312, 33.93602 ], [ 74.86312, 33.93575 ], [ 74.86345, 33.93575 ], [ 74.86345, 33.93547 ], [ 74.8641, 33.93548 ], [ 74.8641, 33.93493 ], [ 74.86442, 33.93493 ], [ 74.86442, 33.93466 ], [ 74.86475, 33.93466 ], [ 74.86475, 33.93439 ], [ 74.86442, 33.93439 ], [ 74.86442, 33.93412 ], [ 74.8641, 33.93412 ], [ 74.8641, 33.93385 ], [ 74.86377, 33.93385 ], [ 74.86377, 33.93412 ], [ 74.86345, 33.93412 ], [ 74.86345, 33.93439 ], [ 74.86312, 33.93439 ], [ 74.86312, 33.93466 ], [ 74.86247, 33.93466 ], [ 74.86247, 33.93493 ], [ 74.86215, 33.93493 ], [ 74.86215, 33.9352 ], [ 74.86182, 33.9352 ], [ 74.86182, 33.93547 ], [ 74.8615, 33.93547 ], [ 74.8615, 33.93574 ], [ 74.86085, 33.93574 ], [ 74.86085, 33.93601 ], [ 74.86052, 33.93601 ], [ 74.86052, 33.93628 ], [ 74.8602, 33.93628 ], [ 74.8602, 33.93737 ], [ 74.85955, 33.93736 ], [ 74.85955, 33.93764 ], [ 74.85922, 33.93763 ], [ 74.85922, 33.93791 ], [ 74.8589, 33.9379 ], [ 74.8589, 33.93872 ], [ 74.85922, 33.93872 ], [ 74.85922, 33.93899 ], [ 74.85954, 33.93899 ], [ 74.85955, 33.93845 ], [ 74.85922, 33.93845 ], [ 74.85922, 33.93818 ], [ 74.85955, 33.93818 ], [ 74.85955, 33.93791 ], [ 74.86052, 33.93791 ], [ 74.86052, 33.93764 ], [ 74.86117, 33.93764 ] ] ], [ [ [ 74.85142, 33.94439 ], [ 74.85142, 33.94412 ], [ 74.85077, 33.94412 ], [ 74.85077, 33.94466 ], [ 74.85109, 33.94466 ], [ 74.8511, 33.94439 ], [ 74.85142, 33.94439 ] ] ], [ [ [ 74.85142, 33.94547 ], [ 74.85142, 33.9452 ], [ 74.85109, 33.9452 ], [ 74.85109, 33.94547 ], [ 74.85142, 33.94547 ] ] ], [ [ [ 74.86375, 33.9463 ], [ 74.86375, 33.94657 ], [ 74.86343, 33.94657 ], [ 74.86343, 33.94684 ], [ 74.86408, 33.94684 ], [ 74.86408, 33.9463 ], [ 74.86375, 33.9463 ] ] ], [ [ [ 74.8631, 33.9463 ], [ 74.86278, 33.9463 ], [ 74.86278, 33.94684 ], [ 74.8631, 33.94684 ], [ 74.8631, 33.9463 ] ] ], [ [ [ 74.8631, 33.94711 ], [ 74.86343, 33.94711 ], [ 74.86343, 33.94684 ], [ 74.8631, 33.94684 ], [ 74.8631, 33.94711 ] ] ], [ [ [ 74.8644, 33.94738 ], [ 74.8644, 33.94711 ], [ 74.86408, 33.94711 ], [ 74.86408, 33.94738 ], [ 74.8644, 33.94738 ] ] ], [ [ [ 74.85141, 33.94791 ], [ 74.85141, 33.94764 ], [ 74.85076, 33.94764 ], [ 74.85076, 33.94845 ], [ 74.85109, 33.94845 ], [ 74.85109, 33.94791 ], [ 74.85141, 33.94791 ] ] ], [ [ [ 74.96374, 33.96883 ], [ 74.96374, 33.96855 ], [ 74.96341, 33.96855 ], [ 74.96341, 33.96883 ], [ 74.96374, 33.96883 ] ] ], [ [ [ 74.95334, 33.97017 ], [ 74.95335, 33.9699 ], [ 74.95302, 33.9699 ], [ 74.95302, 33.97017 ], [ 74.95334, 33.97017 ] ] ], [ [ [ 74.95172, 33.98046 ], [ 74.95172, 33.98073 ], [ 74.95139, 33.98073 ], [ 74.95139, 33.981 ], [ 74.95204, 33.981 ], [ 74.95204, 33.98046 ], [ 74.95172, 33.98046 ] ] ], [ [ [ 74.94943, 34.00481 ], [ 74.94943, 34.00454 ], [ 74.9491, 34.00454 ], [ 74.9491, 34.00481 ], [ 74.94943, 34.00481 ] ] ], [ [ [ 74.92019, 34.0056 ], [ 74.92019, 34.00533 ], [ 74.92051, 34.00533 ], [ 74.92051, 34.00452 ], [ 74.92019, 34.00452 ], [ 74.92019, 34.00506 ], [ 74.91986, 34.00506 ], [ 74.91986, 34.0056 ], [ 74.92019, 34.0056 ] ] ], [ [ [ 74.9478, 34.00562 ], [ 74.9478, 34.00535 ], [ 74.94748, 34.00535 ], [ 74.94748, 34.00562 ], [ 74.9478, 34.00562 ] ] ], [ [ [ 74.92116, 34.00669 ], [ 74.92084, 34.00668 ], [ 74.92084, 34.00641 ], [ 74.92051, 34.00641 ], [ 74.92051, 34.00723 ], [ 74.92084, 34.00723 ], [ 74.92084, 34.00696 ], [ 74.92116, 34.00696 ], [ 74.92116, 34.00669 ] ] ], [ [ [ 74.92116, 34.0075 ], [ 74.92149, 34.0075 ], [ 74.92149, 34.00696 ], [ 74.92116, 34.00696 ], [ 74.92116, 34.0075 ] ] ], [ [ [ 74.93026, 34.00831 ], [ 74.93026, 34.00804 ], [ 74.92993, 34.00804 ], [ 74.92993, 34.00831 ], [ 74.93026, 34.00831 ] ] ], [ [ [ 74.91791, 34.00966 ], [ 74.91726, 34.00966 ], [ 74.91726, 34.0102 ], [ 74.91791, 34.0102 ], [ 74.91791, 34.00966 ] ] ], [ [ [ 74.95397, 34.01428 ], [ 74.95365, 34.01428 ], [ 74.95365, 34.01455 ], [ 74.95397, 34.01455 ], [ 74.95397, 34.01428 ] ] ], [ [ [ 74.92928, 34.01589 ], [ 74.92928, 34.01562 ], [ 74.92895, 34.01562 ], [ 74.92895, 34.01589 ], [ 74.92928, 34.01589 ] ] ], [ [ [ 74.96047, 34.01942 ], [ 74.96047, 34.01915 ], [ 74.96014, 34.01915 ], [ 74.96014, 34.01942 ], [ 74.96047, 34.01942 ] ] ], [ [ [ 75.1236, 33.80697 ], [ 75.1236, 33.8067 ], [ 75.12328, 33.8067 ], [ 75.12328, 33.80697 ], [ 75.1236, 33.80697 ] ] ], [ [ [ 75.12328, 33.80751 ], [ 75.12328, 33.80724 ], [ 75.12295, 33.80724 ], [ 75.12295, 33.80751 ], [ 75.12328, 33.80751 ] ] ], [ [ [ 75.12749, 33.8094 ], [ 75.12749, 33.80913 ], [ 75.12717, 33.80913 ], [ 75.12717, 33.8094 ], [ 75.12749, 33.8094 ] ] ], [ [ [ 75.13398, 33.80966 ], [ 75.13398, 33.80939 ], [ 75.13365, 33.80939 ], [ 75.13365, 33.80966 ], [ 75.13398, 33.80966 ] ] ], [ [ [ 75.12814, 33.80994 ], [ 75.12814, 33.80967 ], [ 75.12782, 33.80967 ], [ 75.12782, 33.80994 ], [ 75.12814, 33.80994 ] ] ], [ [ [ 75.13074, 33.81075 ], [ 75.13074, 33.81048 ], [ 75.13009, 33.81048 ], [ 75.13009, 33.81075 ], [ 75.13074, 33.81075 ] ] ], [ [ [ 75.13592, 33.81128 ], [ 75.13592, 33.81101 ], [ 75.13528, 33.81101 ], [ 75.13528, 33.81128 ], [ 75.13592, 33.81128 ] ] ], [ [ [ 74.99816, 33.83517 ], [ 74.99816, 33.83544 ], [ 74.99784, 33.83544 ], [ 74.99784, 33.83598 ], [ 74.99849, 33.83598 ], [ 74.99849, 33.83517 ], [ 74.99816, 33.83517 ] ] ], [ [ [ 74.99103, 33.87034 ], [ 74.9907, 33.87034 ], [ 74.9907, 33.87061 ], [ 74.99103, 33.87061 ], [ 74.99103, 33.87034 ] ] ], [ [ [ 74.99103, 33.87088 ], [ 74.99135, 33.87088 ], [ 74.99135, 33.87061 ], [ 74.99103, 33.87061 ], [ 74.99103, 33.87088 ] ] ], [ [ [ 74.9894, 33.87088 ], [ 74.9894, 33.87061 ], [ 74.98908, 33.87061 ], [ 74.98908, 33.87088 ], [ 74.9894, 33.87088 ] ] ], [ [ [ 74.98876, 33.87088 ], [ 74.98876, 33.87115 ], [ 74.98908, 33.87115 ], [ 74.98908, 33.87088 ], [ 74.98876, 33.87088 ] ] ], [ [ [ 74.99038, 33.87142 ], [ 74.99038, 33.87115 ], [ 74.99103, 33.87115 ], [ 74.99103, 33.87088 ], [ 74.98973, 33.87088 ], [ 74.98973, 33.87115 ], [ 74.99005, 33.87115 ], [ 74.99005, 33.87142 ], [ 74.99038, 33.87142 ] ] ], [ [ [ 74.98421, 33.87386 ], [ 74.98421, 33.87359 ], [ 74.98389, 33.87359 ], [ 74.98389, 33.87386 ], [ 74.98421, 33.87386 ] ] ], [ [ [ 74.98389, 33.87413 ], [ 74.98389, 33.87386 ], [ 74.98356, 33.87386 ], [ 74.98356, 33.87413 ], [ 74.98389, 33.87413 ] ] ], [ [ [ 74.98227, 33.87494 ], [ 74.98227, 33.87467 ], [ 74.98194, 33.87467 ], [ 74.98194, 33.87494 ], [ 74.98227, 33.87494 ] ] ], [ [ [ 74.98194, 33.87521 ], [ 74.98194, 33.87494 ], [ 74.98162, 33.87494 ], [ 74.98162, 33.87521 ], [ 74.98194, 33.87521 ] ] ], [ [ [ 74.98097, 33.87575 ], [ 74.98097, 33.87548 ], [ 74.98064, 33.87548 ], [ 74.98064, 33.87575 ], [ 74.98097, 33.87575 ] ] ], [ [ [ 74.98454, 33.87657 ], [ 74.98454, 33.87602 ], [ 74.98421, 33.87602 ], [ 74.98421, 33.87657 ], [ 74.98454, 33.87657 ] ] ], [ [ [ 74.98064, 33.87684 ], [ 74.98064, 33.87656 ], [ 74.98032, 33.87656 ], [ 74.98032, 33.87684 ], [ 74.98064, 33.87684 ] ] ], [ [ [ 74.9787, 33.87738 ], [ 74.9787, 33.87765 ], [ 74.97837, 33.87765 ], [ 74.97837, 33.87792 ], [ 74.97967, 33.87792 ], [ 74.97967, 33.87738 ], [ 74.98, 33.87738 ], [ 74.98, 33.87683 ], [ 74.97967, 33.87683 ], [ 74.97967, 33.87711 ], [ 74.97902, 33.87711 ], [ 74.97902, 33.87738 ], [ 74.9787, 33.87738 ] ] ], [ [ [ 74.98648, 33.87738 ], [ 74.98648, 33.87711 ], [ 74.98583, 33.87711 ], [ 74.98583, 33.87765 ], [ 74.98681, 33.87765 ], [ 74.98681, 33.87738 ], [ 74.98648, 33.87738 ] ] ], [ [ [ 74.98421, 33.87846 ], [ 74.98421, 33.87819 ], [ 74.98356, 33.87819 ], [ 74.98356, 33.87846 ], [ 74.98421, 33.87846 ] ] ], [ [ [ 74.98454, 33.87819 ], [ 74.98454, 33.87873 ], [ 74.98486, 33.87873 ], [ 74.98486, 33.879 ], [ 74.98583, 33.879 ], [ 74.98583, 33.87927 ], [ 74.98746, 33.87927 ], [ 74.98746, 33.87981 ], [ 74.98778, 33.87981 ], [ 74.98778, 33.879 ], [ 74.98713, 33.879 ], [ 74.98713, 33.87873 ], [ 74.98648, 33.87873 ], [ 74.98648, 33.87846 ], [ 74.98551, 33.87846 ], [ 74.98551, 33.87819 ], [ 74.98454, 33.87819 ] ] ], [ [ [ 75.05136, 33.87899 ], [ 75.05136, 33.87926 ], [ 75.05169, 33.87926 ], [ 75.05169, 33.87953 ], [ 75.05201, 33.87953 ], [ 75.05201, 33.87899 ], [ 75.05136, 33.87899 ] ] ], [ [ [ 74.97383, 33.87981 ], [ 74.97383, 33.87954 ], [ 74.97351, 33.87954 ], [ 74.97351, 33.87981 ], [ 74.97383, 33.87981 ] ] ], [ [ [ 74.97513, 33.87954 ], [ 74.97513, 33.88008 ], [ 74.97545, 33.88008 ], [ 74.97545, 33.87981 ], [ 74.97578, 33.87981 ], [ 74.97578, 33.87954 ], [ 74.9761, 33.87954 ], [ 74.9761, 33.87927 ], [ 74.97545, 33.87927 ], [ 74.97545, 33.87954 ], [ 74.97513, 33.87954 ] ] ], [ [ [ 74.98389, 33.87981 ], [ 74.98389, 33.87954 ], [ 74.98356, 33.87954 ], [ 74.98356, 33.87927 ], [ 74.98324, 33.87927 ], [ 74.98324, 33.879 ], [ 74.98291, 33.879 ], [ 74.98291, 33.88062 ], [ 74.98324, 33.88062 ], [ 74.98324, 33.88035 ], [ 74.98389, 33.88035 ], [ 74.98389, 33.88062 ], [ 74.98421, 33.88062 ], [ 74.98421, 33.88035 ], [ 74.98486, 33.88035 ], [ 74.98486, 33.87981 ], [ 74.98389, 33.87981 ] ] ], [ [ [ 74.98746, 33.88062 ], [ 74.98746, 33.88008 ], [ 74.98616, 33.88008 ], [ 74.98616, 33.88089 ], [ 74.98713, 33.88089 ], [ 74.98713, 33.88062 ], [ 74.98746, 33.88062 ] ] ], [ [ [ 74.97059, 33.88441 ], [ 74.97026, 33.88441 ], [ 74.97026, 33.88468 ], [ 74.97059, 33.88468 ], [ 74.97059, 33.88441 ] ] ], [ [ [ 74.97188, 33.88468 ], [ 74.97156, 33.88468 ], [ 74.97156, 33.88495 ], [ 74.97188, 33.88495 ], [ 74.97188, 33.88468 ] ] ], [ [ [ 74.97221, 33.88793 ], [ 74.97221, 33.88739 ], [ 74.97188, 33.88739 ], [ 74.97188, 33.88712 ], [ 74.97156, 33.88712 ], [ 74.97156, 33.88739 ], [ 74.97123, 33.88739 ], [ 74.97123, 33.88793 ], [ 74.97221, 33.88793 ] ] ], [ [ [ 74.97318, 33.88874 ], [ 74.97318, 33.88793 ], [ 74.97286, 33.88793 ], [ 74.97286, 33.88874 ], [ 74.97318, 33.88874 ] ] ], [ [ [ 75.05106, 33.91254 ], [ 75.05106, 33.91227 ], [ 75.05073, 33.91227 ], [ 75.05073, 33.91254 ], [ 75.05106, 33.91254 ] ] ], [ [ [ 75.05009, 33.91281 ], [ 75.05009, 33.91254 ], [ 75.04976, 33.91254 ], [ 75.04976, 33.91281 ], [ 75.05009, 33.91281 ] ] ], [ [ [ 75.04749, 33.91308 ], [ 75.04749, 33.91281 ], [ 75.04716, 33.91281 ], [ 75.04716, 33.91308 ], [ 75.04749, 33.91308 ] ] ], [ [ [ 75.06566, 33.91335 ], [ 75.06566, 33.91308 ], [ 75.06534, 33.91308 ], [ 75.06534, 33.91335 ], [ 75.06566, 33.91335 ] ] ], [ [ [ 75.06696, 33.91443 ], [ 75.06696, 33.91389 ], [ 75.06664, 33.91389 ], [ 75.06664, 33.91443 ], [ 75.06696, 33.91443 ] ] ], [ [ [ 75.07086, 33.91605 ], [ 75.07086, 33.91578 ], [ 75.07053, 33.91578 ], [ 75.07053, 33.91605 ], [ 75.07086, 33.91605 ] ] ], [ [ [ 75.06924, 33.91686 ], [ 75.06924, 33.91632 ], [ 75.06859, 33.91632 ], [ 75.06859, 33.91686 ], [ 75.06924, 33.91686 ] ] ], [ [ [ 75.06794, 33.91659 ], [ 75.06794, 33.91632 ], [ 75.06729, 33.91632 ], [ 75.06729, 33.91686 ], [ 75.06761, 33.91686 ], [ 75.06761, 33.91659 ], [ 75.06794, 33.91659 ] ] ], [ [ [ 75.06015, 33.92065 ], [ 75.06015, 33.92038 ], [ 75.05983, 33.92038 ], [ 75.05983, 33.92065 ], [ 75.06015, 33.92065 ] ] ], [ [ [ 75.07281, 33.92281 ], [ 75.07281, 33.92227 ], [ 75.07249, 33.92227 ], [ 75.07249, 33.92281 ], [ 75.07281, 33.92281 ] ] ], [ [ [ 75.07249, 33.92335 ], [ 75.07249, 33.92308 ], [ 75.07216, 33.92308 ], [ 75.07216, 33.92335 ], [ 75.07249, 33.92335 ] ] ], [ [ [ 75.01861, 33.92527 ], [ 75.01861, 33.925 ], [ 75.01828, 33.925 ], [ 75.01828, 33.92527 ], [ 75.01861, 33.92527 ] ] ], [ [ [ 75.02088, 33.92608 ], [ 75.02088, 33.92554 ], [ 75.02056, 33.92554 ], [ 75.02056, 33.92608 ], [ 75.02088, 33.92608 ] ] ], [ [ [ 75.02023, 33.92689 ], [ 75.02023, 33.92635 ], [ 75.01991, 33.92635 ], [ 75.01991, 33.92689 ], [ 75.02023, 33.92689 ] ] ], [ [ [ 75.01991, 33.92716 ], [ 75.01991, 33.92689 ], [ 75.01958, 33.92689 ], [ 75.01958, 33.92716 ], [ 75.01991, 33.92716 ] ] ], [ [ [ 75.01731, 33.92797 ], [ 75.01731, 33.9277 ], [ 75.01699, 33.9277 ], [ 75.01699, 33.92797 ], [ 75.01731, 33.92797 ] ] ], [ [ [ 75.06048, 33.92904 ], [ 75.06048, 33.92823 ], [ 75.05983, 33.92823 ], [ 75.05983, 33.9285 ], [ 75.06016, 33.9285 ], [ 75.06016, 33.92877 ], [ 75.05983, 33.92877 ], [ 75.05983, 33.92904 ], [ 75.06048, 33.92904 ] ] ], [ [ [ 75.05172, 33.92959 ], [ 75.05172, 33.92932 ], [ 75.05139, 33.92932 ], [ 75.05139, 33.92959 ], [ 75.05172, 33.92959 ] ] ], [ [ [ 75.06113, 33.92985 ], [ 75.06113, 33.92958 ], [ 75.06081, 33.92958 ], [ 75.06081, 33.92985 ], [ 75.06113, 33.92985 ] ] ], [ [ [ 75.06081, 33.93148 ], [ 75.06081, 33.93121 ], [ 75.06048, 33.93121 ], [ 75.06048, 33.93148 ], [ 75.06081, 33.93148 ] ] ], [ [ [ 75.06178, 33.93148 ], [ 75.06178, 33.93121 ], [ 75.06146, 33.93121 ], [ 75.06146, 33.93148 ], [ 75.06178, 33.93148 ] ] ], [ [ [ 75.06081, 33.93202 ], [ 75.06081, 33.93175 ], [ 75.06048, 33.93175 ], [ 75.06048, 33.93202 ], [ 75.06081, 33.93202 ] ] ], [ [ [ 74.96666, 33.96747 ], [ 74.96666, 33.9672 ], [ 74.96634, 33.9672 ], [ 74.96634, 33.96747 ], [ 74.96666, 33.96747 ] ] ], [ [ [ 74.9803, 33.97695 ], [ 74.9803, 33.97668 ], [ 74.97997, 33.97668 ], [ 74.97997, 33.97695 ], [ 74.9803, 33.97695 ] ] ], [ [ [ 74.98192, 33.98073 ], [ 74.98192, 33.98046 ], [ 74.9816, 33.98046 ], [ 74.9816, 33.98073 ], [ 74.98192, 33.98073 ] ] ], [ [ [ 74.99004, 33.99021 ], [ 74.99004, 33.98993 ], [ 74.98971, 33.98993 ], [ 74.98971, 33.99021 ], [ 74.99004, 33.99021 ] ] ], [ [ [ 74.99101, 33.99102 ], [ 74.99101, 33.99075 ], [ 74.99069, 33.99075 ], [ 74.99069, 33.99102 ], [ 74.99101, 33.99102 ] ] ], [ [ [ 74.98452, 33.99535 ], [ 74.98452, 33.99507 ], [ 74.98419, 33.99507 ], [ 74.98419, 33.9948 ], [ 74.98387, 33.9948 ], [ 74.98387, 33.99507 ], [ 74.98354, 33.99507 ], [ 74.98354, 33.99535 ], [ 74.98452, 33.99535 ] ] ], [ [ [ 74.9712, 33.99967 ], [ 74.9712, 33.9994 ], [ 74.97087, 33.9994 ], [ 74.97087, 33.99967 ], [ 74.9712, 33.99967 ] ] ], [ [ [ 74.97347, 34.00427 ], [ 74.97314, 34.00427 ], [ 74.97314, 34.00454 ], [ 74.97347, 34.00454 ], [ 74.97347, 34.00427 ] ] ], [ [ [ 75.07647, 34.02725 ], [ 75.07615, 34.02725 ], [ 75.07615, 34.02752 ], [ 75.07647, 34.02752 ], [ 75.07647, 34.02725 ] ] ] ] } }
]
}
