{
"type": "FeatureCollection",
"name": "terraces",
"crs": { "type": "name", "properties": { "name": "urn:ogc:def:crs:OGC:1.3:CRS84" } },
"xy_coordinate_resolution": 1e-05,
"features": [
{ "type": "Feature", "properties": { "terrace_id": 1, "area_km2": 22.248, "scarp_frac": 0.65, "strict_ha": 0.45, "drop_ha": 14.76 }, "geometry": { "type": "Polygon", "coordinates": [ [ [ 74.96664, 33.90904 ], [ 74.96693, 33.90784 ], [ 74.96837, 33.90664 ], [ 74.96837, 33.90545 ], [ 74.96923, 33.90401 ], [ 74.97096, 33.90281 ], [ 74.97153, 33.90281 ], [ 74.97182, 33.90233 ], [ 74.9724, 33.90233 ], [ 74.97297, 33.90113 ], [ 74.97441, 33.89993 ], [ 74.97412, 33.89873 ], [ 74.97096, 33.89705 ], [ 74.97125, 33.89561 ], [ 74.97067, 33.89513 ], [ 74.97067, 33.89393 ], [ 74.9701, 33.89369 ], [ 74.9701, 33.89297 ], [ 74.96952, 33.89249 ], [ 74.96924, 33.89081 ], [ 74.96981, 33.89057 ], [ 74.96981, 33.89105 ], [ 74.97154, 33.89105 ], [ 74.97154, 33.89033 ], [ 74.97183, 33.89033 ], [ 74.97269, 33.89153 ], [ 74.97269, 33.89249 ], [ 74.97384, 33.89345 ], [ 74.97441, 33.89345 ], [ 74.9747, 33.89249 ], [ 74.97585, 33.89249 ], [ 74.97672, 33.89201 ], [ 74.97672, 33.89129 ], [ 74.97758, 33.89081 ], [ 74.97585, 33.89009 ], [ 74.97585, 33.88913 ], [ 74.97643, 33.88865 ], [ 74.97729, 33.88865 ], [ 74.977, 33.88745 ], [ 74.97758, 33.88697 ], [ 74.97442, 33.88649 ], [ 74.97384, 33.88577 ], [ 74.97442, 33.88481 ], [ 74.97528, 33.88481 ], [ 74.97528, 33.88385 ], [ 74.97585, 33.88338 ], [ 74.97701, 33.88338 ], [ 74.97787, 33.8841 ], [ 74.97816, 33.88242 ], [ 74.97902, 33.88242 ], [ 74.97902, 33.88218 ], [ 74.98046, 33.88314 ], [ 74.98132, 33.88578 ], [ 74.98247, 33.8865 ], [ 74.98276, 33.88793 ], [ 74.98362, 33.88817 ], [ 74.98362, 33.88769 ], [ 74.98448, 33.88745 ], [ 74.9842, 33.88554 ], [ 74.98477, 33.88506 ], [ 74.9865, 33.8853 ], [ 74.98736, 33.88434 ], [ 74.98822, 33.8841 ], [ 74.98851, 33.88338 ], [ 74.98794, 33.88314 ], [ 74.98794, 33.88242 ], [ 74.98765, 33.88242 ], [ 74.98794, 33.8817 ], [ 74.98995, 33.8817 ], [ 74.99024, 33.87978 ], [ 74.99168, 33.87906 ], [ 74.9911, 33.8781 ], [ 74.98938, 33.87762 ], [ 74.9888, 33.87666 ], [ 74.98765, 33.87618 ], [ 74.98621, 33.87282 ], [ 74.98679, 33.87234 ], [ 74.98794, 33.87234 ], [ 74.98938, 33.87378 ], [ 74.99254, 33.87354 ], [ 74.99254, 33.8721 ], [ 74.99196, 33.87114 ], [ 74.99254, 33.87066 ], [ 74.9957, 33.8709 ], [ 74.99599, 33.8697 ], [ 74.99657, 33.86946 ], [ 74.99657, 33.86802 ], [ 74.99685, 33.86778 ], [ 74.99858, 33.86802 ], [ 74.99887, 33.86682 ], [ 74.99858, 33.86658 ], [ 74.99599, 33.86682 ], [ 74.99542, 33.86634 ], [ 74.99542, 33.86562 ], [ 74.99484, 33.86586 ], [ 74.99312, 33.86562 ], [ 74.99196, 33.86658 ], [ 74.99053, 33.86658 ], [ 74.98909, 33.86562 ], [ 74.9888, 33.8661 ], [ 74.98708, 33.86682 ], [ 74.98708, 33.86826 ], [ 74.98736, 33.86826 ], [ 74.98708, 33.86922 ], [ 74.9865, 33.86946 ], [ 74.98477, 33.86922 ], [ 74.98391, 33.87018 ], [ 74.98276, 33.87018 ], [ 74.98247, 33.86922 ], [ 74.98161, 33.86922 ], [ 74.98161, 33.8697 ], [ 74.97988, 33.8709 ], [ 74.97988, 33.87234 ], [ 74.97528, 33.87258 ], [ 74.97528, 33.87354 ], [ 74.97298, 33.87426 ], [ 74.97183, 33.87522 ], [ 74.97183, 33.8757 ], [ 74.96982, 33.87714 ], [ 74.9678, 33.87738 ], [ 74.96665, 33.87546 ], [ 74.96608, 33.87546 ], [ 74.9655, 33.87642 ], [ 74.96349, 33.87689 ], [ 74.96291, 33.87857 ], [ 74.96234, 33.87905 ], [ 74.95946, 33.87833 ], [ 74.96061, 33.87785 ], [ 74.96032, 33.87737 ], [ 74.95946, 33.87737 ], [ 74.95946, 33.87713 ], [ 74.96032, 33.87713 ], [ 74.96061, 33.87665 ], [ 74.95774, 33.87425 ], [ 74.95774, 33.87377 ], [ 74.95889, 33.87449 ], [ 74.95946, 33.87353 ], [ 74.9609, 33.87497 ], [ 74.96176, 33.87497 ], [ 74.9632, 33.8745 ], [ 74.96291, 33.87354 ], [ 74.96378, 33.87354 ], [ 74.96349, 33.87306 ], [ 74.96435, 33.87306 ], [ 74.96378, 33.87186 ], [ 74.9632, 33.87186 ], [ 74.96177, 33.8709 ], [ 74.96234, 33.87018 ], [ 74.96234, 33.86898 ], [ 74.96177, 33.86802 ], [ 74.96206, 33.86586 ], [ 74.96119, 33.86586 ], [ 74.96119, 33.86562 ], [ 74.96263, 33.86538 ], [ 74.96177, 33.8637 ], [ 74.96292, 33.86442 ], [ 74.96292, 33.8649 ], [ 74.96378, 33.86562 ], [ 74.96378, 33.86754 ], [ 74.96436, 33.86778 ], [ 74.96464, 33.87042 ], [ 74.96522, 33.8709 ], [ 74.96608, 33.87042 ], [ 74.9678, 33.87162 ], [ 74.96809, 33.87066 ], [ 74.96896, 33.87114 ], [ 74.96896, 33.87042 ], [ 74.96924, 33.87042 ], [ 74.97011, 33.87186 ], [ 74.97154, 33.87114 ], [ 74.96982, 33.8697 ], [ 74.97011, 33.86922 ], [ 74.97097, 33.86922 ], [ 74.97097, 33.86898 ], [ 74.96924, 33.86826 ], [ 74.96924, 33.8673 ], [ 74.97011, 33.86706 ], [ 74.96982, 33.86586 ], [ 74.9704, 33.86586 ], [ 74.97068, 33.86634 ], [ 74.97068, 33.86562 ], [ 74.97155, 33.86562 ], [ 74.97155, 33.86514 ], [ 74.97011, 33.86418 ], [ 74.96982, 33.86322 ], [ 74.96896, 33.86346 ], [ 74.96953, 33.8625 ], [ 74.97011, 33.86274 ], [ 74.97011, 33.86202 ], [ 74.96925, 33.86106 ], [ 74.96867, 33.86106 ], [ 74.96896, 33.86154 ], [ 74.9681, 33.86154 ], [ 74.96723, 33.8601 ], [ 74.96723, 33.85962 ], [ 74.96752, 33.85986 ], [ 74.9681, 33.85962 ], [ 74.96781, 33.85914 ], [ 74.96896, 33.85962 ], [ 74.97068, 33.8625 ], [ 74.97126, 33.8625 ], [ 74.97212, 33.8637 ], [ 74.97327, 33.86346 ], [ 74.97356, 33.86298 ], [ 74.97327, 33.86226 ], [ 74.97385, 33.86226 ], [ 74.97413, 33.86274 ], [ 74.97414, 33.86202 ], [ 74.97471, 33.86202 ], [ 74.975, 33.86346 ], [ 74.97586, 33.86394 ], [ 74.97586, 33.86322 ], [ 74.97672, 33.8625 ], [ 74.97816, 33.86226 ], [ 74.97845, 33.86178 ], [ 74.97701, 33.86106 ], [ 74.97442, 33.86082 ], [ 74.97385, 33.8601 ], [ 74.97299, 33.85986 ], [ 74.9727, 33.85842 ], [ 74.97212, 33.85818 ], [ 74.97241, 33.8577 ], [ 74.97299, 33.8577 ], [ 74.97299, 33.85842 ], [ 74.97327, 33.85842 ], [ 74.97327, 33.8577 ], [ 74.97385, 33.8577 ], [ 74.97442, 33.85842 ], [ 74.97557, 33.8589 ], [ 74.97586, 33.85722 ], [ 74.97672, 33.85675 ], [ 74.97673, 33.85555 ], [ 74.97759, 33.85579 ], [ 74.9773, 33.85531 ], [ 74.97845, 33.85579 ], [ 74.97845, 33.85675 ], [ 74.97816, 33.85675 ], [ 74.97845, 33.85771 ], [ 74.97903, 33.85723 ], [ 74.97989, 33.85723 ], [ 74.98046, 33.85795 ], [ 74.98104, 33.85795 ], [ 74.98133, 33.85723 ], [ 74.9819, 33.85723 ], [ 74.98161, 33.85675 ], [ 74.98046, 33.85651 ], [ 74.98046, 33.85579 ], [ 74.98104, 33.85579 ], [ 74.98104, 33.85531 ], [ 74.9819, 33.85531 ], [ 74.9819, 33.85363 ], [ 74.98133, 33.85315 ], [ 74.98133, 33.85219 ], [ 74.9819, 33.85219 ], [ 74.98219, 33.85267 ], [ 74.98219, 33.85195 ], [ 74.98248, 33.85195 ], [ 74.98305, 33.85267 ], [ 74.98391, 33.85267 ], [ 74.98363, 33.85315 ], [ 74.98449, 33.85291 ], [ 74.98506, 33.85339 ], [ 74.98535, 33.85555 ], [ 74.9842, 33.85603 ], [ 74.9842, 33.85675 ], [ 74.98535, 33.85699 ], [ 74.98621, 33.85795 ], [ 74.98679, 33.85771 ], [ 74.98679, 33.85651 ], [ 74.98736, 33.85603 ], [ 74.98823, 33.85603 ], [ 74.98909, 33.85747 ], [ 74.98967, 33.85747 ], [ 74.99082, 33.85699 ], [ 74.99053, 33.85531 ], [ 74.99139, 33.85555 ], [ 74.99139, 33.85483 ], [ 74.99197, 33.85483 ], [ 74.99225, 33.85531 ], [ 74.9934, 33.85507 ], [ 74.99139, 33.85315 ], [ 74.98995, 33.85291 ], [ 74.98909, 33.85147 ], [ 74.98737, 33.85147 ], [ 74.98622, 33.85075 ], [ 74.98535, 33.85075 ], [ 74.98507, 33.85027 ], [ 74.98161, 33.85099 ], [ 74.98104, 33.85195 ], [ 74.97989, 33.85243 ], [ 74.97701, 33.85219 ], [ 74.97644, 33.85291 ], [ 74.97471, 33.85267 ], [ 74.97471, 33.85291 ], [ 74.9727, 33.85315 ], [ 74.97241, 33.85363 ], [ 74.97126, 33.85363 ], [ 74.97126, 33.85291 ], [ 74.97097, 33.85267 ], [ 74.9704, 33.85291 ], [ 74.9704, 33.85219 ], [ 74.96983, 33.85171 ], [ 74.96925, 33.85171 ], [ 74.9681, 33.85051 ], [ 74.96638, 33.85003 ], [ 74.96638, 33.84979 ], [ 74.96724, 33.84979 ], [ 74.96724, 33.84931 ], [ 74.96638, 33.84931 ], [ 74.96638, 33.84907 ], [ 74.96695, 33.84883 ], [ 74.9681, 33.84907 ], [ 74.96868, 33.84931 ], [ 74.96839, 33.84979 ], [ 74.96868, 33.85027 ], [ 74.96925, 33.85003 ], [ 74.97069, 33.85099 ], [ 74.97126, 33.85099 ], [ 74.97155, 33.85147 ], [ 74.97328, 33.85171 ], [ 74.975, 33.85075 ], [ 74.9796, 33.85003 ], [ 74.9796, 33.84931 ], [ 74.97874, 33.84931 ], [ 74.97874, 33.84883 ], [ 74.97816, 33.84883 ], [ 74.97903, 33.84787 ], [ 74.98075, 33.84787 ], [ 74.98162, 33.84859 ], [ 74.98162, 33.84931 ], [ 74.98219, 33.84907 ], [ 74.98248, 33.84811 ], [ 74.9842, 33.84883 ], [ 74.9842, 33.84811 ], [ 74.98564, 33.84739 ], [ 74.98507, 33.84691 ], [ 74.98305, 33.84667 ], [ 74.98334, 33.84619 ], [ 74.98248, 33.84619 ], [ 74.98277, 33.84571 ], [ 74.99168, 33.84619 ], [ 74.99168, 33.84643 ], [ 74.99312, 33.84619 ], [ 74.9934, 33.84667 ], [ 74.99427, 33.84667 ], [ 74.99513, 33.84739 ], [ 74.99657, 33.85003 ], [ 74.99743, 33.84931 ], [ 74.998, 33.84931 ], [ 74.99829, 33.84979 ], [ 74.99944, 33.84955 ], [ 74.99944, 33.84907 ], [ 74.99887, 33.84907 ], [ 74.99829, 33.84835 ], [ 74.99685, 33.84811 ], [ 74.99685, 33.84667 ], [ 74.99714, 33.84691 ], [ 74.99772, 33.84667 ], [ 74.99743, 33.84619 ], [ 75.00088, 33.84763 ], [ 75.00203, 33.84763 ], [ 75.00232, 33.84715 ], [ 75.00318, 33.84715 ], [ 75.00318, 33.84691 ], [ 75.00404, 33.84691 ], [ 75.00462, 33.84739 ], [ 75.00462, 33.84667 ], [ 75.00836, 33.84763 ], [ 75.00836, 33.84643 ], [ 75.00778, 33.84547 ], [ 75.00836, 33.84571 ], [ 75.00807, 33.84499 ], [ 75.00864, 33.84499 ], [ 75.00922, 33.84595 ], [ 75.01238, 33.84667 ], [ 75.01324, 33.84619 ], [ 75.01296, 33.84451 ], [ 75.00979, 33.84427 ], [ 75.00836, 33.84355 ], [ 75.00778, 33.84259 ], [ 75.00692, 33.84259 ], [ 75.00692, 33.84283 ], [ 75.00519, 33.84259 ], [ 75.00519, 33.84187 ], [ 75.00548, 33.84187 ], [ 75.00491, 33.84091 ], [ 75.00491, 33.84043 ], [ 75.00548, 33.84019 ], [ 75.00519, 33.83971 ], [ 75.00146, 33.83995 ], [ 75.00146, 33.84019 ], [ 74.99973, 33.83995 ], [ 74.99772, 33.84067 ], [ 74.99714, 33.84187 ], [ 74.99628, 33.84187 ], [ 74.99628, 33.84115 ], [ 74.9957, 33.84139 ], [ 74.9957, 33.84115 ], [ 74.99398, 33.84091 ], [ 74.99398, 33.84115 ], [ 74.99024, 33.84139 ], [ 74.98938, 33.84187 ], [ 74.98765, 33.84163 ], [ 74.98765, 33.84187 ], [ 74.98593, 33.84187 ], [ 74.98593, 33.84211 ], [ 74.98334, 33.84211 ], [ 74.98305, 33.84163 ], [ 74.98392, 33.84163 ], [ 74.98392, 33.84139 ], [ 74.98305, 33.84091 ], [ 74.9842, 33.84091 ], [ 74.98478, 33.84043 ], [ 74.98765, 33.84067 ], [ 74.98765, 33.84043 ], [ 74.9888, 33.84043 ], [ 74.98909, 33.83995 ], [ 74.99082, 33.83995 ], [ 74.99139, 33.83947 ], [ 74.99254, 33.83971 ], [ 74.99283, 33.83923 ], [ 74.99427, 33.83923 ], [ 74.99427, 33.83947 ], [ 74.99714, 33.83923 ], [ 74.99858, 33.83827 ], [ 75.00002, 33.83851 ], [ 75.00031, 33.83755 ], [ 75.00088, 33.83707 ], [ 75.00174, 33.83707 ], [ 75.00117, 33.83659 ], [ 75.00117, 33.83587 ], [ 75.0026, 33.83563 ], [ 75.00347, 33.83635 ], [ 75.00376, 33.83803 ], [ 75.00433, 33.83803 ], [ 75.0049, 33.83731 ], [ 75.00605, 33.83683 ], [ 75.0072, 33.83707 ], [ 75.00778, 33.83779 ], [ 75.00749, 33.83875 ], [ 75.00893, 33.83947 ], [ 75.00893, 33.84043 ], [ 75.01008, 33.84115 ], [ 75.01037, 33.84019 ], [ 75.01123, 33.84019 ], [ 75.01037, 33.83971 ], [ 75.01123, 33.83971 ], [ 75.01152, 33.83923 ], [ 75.01037, 33.83899 ], [ 75.00979, 33.83803 ], [ 75.01037, 33.83803 ], [ 75.01065, 33.83731 ], [ 75.01152, 33.83731 ], [ 75.01267, 33.83587 ], [ 75.01439, 33.83587 ], [ 75.01468, 33.83491 ], [ 75.01382, 33.83347 ], [ 75.01209, 33.833 ], [ 75.01065, 33.83348 ], [ 75.0095, 33.83443 ], [ 75.00778, 33.8342 ], [ 75.00749, 33.83468 ], [ 75.00663, 33.83468 ], [ 75.00548, 33.83348 ], [ 75.00375, 33.8342 ], [ 75.0026, 33.8342 ], [ 75.00232, 33.83372 ], [ 75.00289, 33.83372 ], [ 75.00289, 33.83324 ], [ 75.00203, 33.83324 ], [ 75.00203, 33.833 ], [ 75.00347, 33.83156 ], [ 75.00404, 33.83156 ], [ 75.00404, 33.83108 ], [ 75.00117, 33.83036 ], [ 75.00117, 33.83108 ], [ 75.00145, 33.83108 ], [ 75.00117, 33.83228 ], [ 75.00059, 33.83276 ], [ 74.99916, 33.83276 ], [ 74.99916, 33.83348 ], [ 74.99887, 33.83348 ], [ 74.99916, 33.83492 ], [ 74.99772, 33.83539 ], [ 74.99714, 33.83683 ], [ 74.99628, 33.83683 ], [ 74.99599, 33.83539 ], [ 74.99398, 33.83587 ], [ 74.99427, 33.83515 ], [ 74.99341, 33.83515 ], [ 74.99341, 33.83491 ], [ 74.99398, 33.83492 ], [ 74.99398, 33.8342 ], [ 74.99456, 33.83396 ], [ 74.99686, 33.83372 ], [ 74.99714, 33.83324 ], [ 74.99686, 33.83252 ], [ 74.99772, 33.83132 ], [ 74.99484, 33.83108 ], [ 74.99484, 33.83132 ], [ 74.99312, 33.83156 ], [ 74.99312, 33.83252 ], [ 74.99254, 33.833 ], [ 74.99168, 33.833 ], [ 74.99168, 33.83372 ], [ 74.99197, 33.83372 ], [ 74.99168, 33.83491 ], [ 74.98967, 33.83467 ], [ 74.98909, 33.83419 ], [ 74.98909, 33.83348 ], [ 74.98852, 33.83324 ], [ 74.98708, 33.83419 ], [ 74.98679, 33.83563 ], [ 74.98564, 33.83563 ], [ 74.98507, 33.83491 ], [ 74.98392, 33.83491 ], [ 74.98392, 33.83587 ], [ 74.98306, 33.83635 ], [ 74.98191, 33.83611 ], [ 74.98191, 33.83539 ], [ 74.98047, 33.83611 ], [ 74.97846, 33.83611 ], [ 74.97731, 33.83707 ], [ 74.97673, 33.83707 ], [ 74.97702, 33.83731 ], [ 74.97673, 33.83851 ], [ 74.97558, 33.83851 ], [ 74.975, 33.83779 ], [ 74.97414, 33.83779 ], [ 74.9727, 33.83899 ], [ 74.9704, 33.83995 ], [ 74.9681, 33.83995 ], [ 74.96494, 33.84091 ], [ 74.96408, 33.84163 ], [ 74.96264, 33.84163 ], [ 74.96149, 33.84235 ], [ 74.95977, 33.84211 ], [ 74.95948, 33.84259 ], [ 74.95718, 33.84282 ], [ 74.95689, 33.8433 ], [ 74.95631, 33.8433 ], [ 74.9566, 33.84378 ], [ 74.95574, 33.84378 ], [ 74.95459, 33.84234 ], [ 74.952, 33.84234 ], [ 74.95057, 33.84162 ], [ 74.94711, 33.84186 ], [ 74.94712, 33.84162 ], [ 74.94625, 33.84162 ], [ 74.94597, 33.84114 ], [ 74.94309, 33.84138 ], [ 74.94252, 33.8409 ], [ 74.93993, 33.84186 ], [ 74.93849, 33.84306 ], [ 74.93906, 33.84474 ], [ 74.93992, 33.84522 ], [ 74.94021, 33.84738 ], [ 74.9405, 33.84738 ], [ 74.9405, 33.8505 ], [ 74.93992, 33.85145 ], [ 74.94049, 33.85385 ], [ 74.93992, 33.85433 ], [ 74.93992, 33.85529 ], [ 74.94078, 33.85625 ], [ 74.94078, 33.85721 ], [ 74.94135, 33.85769 ], [ 74.94308, 33.85793 ], [ 74.94394, 33.85865 ], [ 74.94365, 33.86009 ], [ 74.94452, 33.86009 ], [ 74.94452, 33.86033 ], [ 74.94595, 33.86009 ], [ 74.94797, 33.86129 ], [ 74.94825, 33.86225 ], [ 74.94739, 33.86225 ], [ 74.94739, 33.86297 ], [ 74.94624, 33.86273 ], [ 74.94538, 33.86321 ], [ 74.94509, 33.86273 ], [ 74.94566, 33.86225 ], [ 74.94653, 33.86225 ], [ 74.94682, 33.86153 ], [ 74.94595, 33.86105 ], [ 74.94423, 33.86105 ], [ 74.94451, 33.86417 ], [ 74.94509, 33.86441 ], [ 74.94509, 33.86369 ], [ 74.94566, 33.86369 ], [ 74.94653, 33.86465 ], [ 74.94652, 33.86585 ], [ 74.94595, 33.86609 ], [ 74.94595, 33.86705 ], [ 74.94739, 33.86969 ], [ 74.94911, 33.87089 ], [ 74.94911, 33.87305 ], [ 74.95026, 33.87353 ], [ 74.95026, 33.87425 ], [ 74.94968, 33.87449 ], [ 74.94968, 33.87497 ], [ 74.95026, 33.87593 ], [ 74.95141, 33.87617 ], [ 74.95141, 33.87785 ], [ 74.95285, 33.87809 ], [ 74.95256, 33.87881 ], [ 74.95342, 33.88001 ], [ 74.95371, 33.88001 ], [ 74.95371, 33.87929 ], [ 74.95428, 33.87929 ], [ 74.95457, 33.87977 ], [ 74.95457, 33.87905 ], [ 74.95515, 33.87905 ], [ 74.95543, 33.87953 ], [ 74.95514, 33.88097 ], [ 74.95342, 33.88241 ], [ 74.95428, 33.88361 ], [ 74.95572, 33.88385 ], [ 74.95629, 33.88433 ], [ 74.95629, 33.88529 ], [ 74.95514, 33.88553 ], [ 74.95543, 33.88889 ], [ 74.95485, 33.88937 ], [ 74.95485, 33.89081 ], [ 74.95658, 33.89225 ], [ 74.95686, 33.89369 ], [ 74.9583, 33.89441 ], [ 74.9583, 33.89513 ], [ 74.95916, 33.89657 ], [ 74.96031, 33.89729 ], [ 74.96175, 33.89753 ], [ 74.96175, 33.89873 ], [ 74.96118, 33.89897 ], [ 74.96118, 33.89993 ], [ 74.96175, 33.90065 ], [ 74.96175, 33.90232 ], [ 74.96146, 33.90232 ], [ 74.96175, 33.90568 ], [ 74.96405, 33.9076 ], [ 74.9652, 33.90784 ], [ 74.96578, 33.90904 ], [ 74.96664, 33.90904 ] ] ] } },
{ "type": "Feature", "properties": { "terrace_id": 2, "area_km2": 14.123, "scarp_frac": 0.65, "strict_ha": 1.35, "drop_ha": 21.42 }, "geometry": { "type": "Polygon", "coordinates": [ [ [ 74.75568, 34.02468 ], [ 74.75569, 34.02444 ], [ 74.7577, 34.02421 ], [ 74.75857, 34.02325 ], [ 74.75972, 34.02301 ], [ 74.7603, 34.02205 ], [ 74.76174, 34.02229 ], [ 74.76318, 34.02158 ], [ 74.76232, 34.0211 ], [ 74.76232, 34.02038 ], [ 74.7629, 34.02014 ], [ 74.7629, 34.01918 ], [ 74.76175, 34.01846 ], [ 74.76233, 34.01726 ], [ 74.76407, 34.01558 ], [ 74.76349, 34.01462 ], [ 74.76292, 34.01462 ], [ 74.76321, 34.0139 ], [ 74.76206, 34.01318 ], [ 74.76206, 34.0127 ], [ 74.76263, 34.01294 ], [ 74.76292, 34.01222 ], [ 74.76407, 34.0127 ], [ 74.76493, 34.01414 ], [ 74.76551, 34.01414 ], [ 74.7658, 34.01342 ], [ 74.76638, 34.01343 ], [ 74.76608, 34.01463 ], [ 74.76666, 34.01439 ], [ 74.76695, 34.01583 ], [ 74.76752, 34.01631 ], [ 74.7681, 34.01607 ], [ 74.7681, 34.01535 ], [ 74.76983, 34.01463 ], [ 74.76983, 34.01415 ], [ 74.76897, 34.01415 ], [ 74.76811, 34.01319 ], [ 74.76926, 34.01343 ], [ 74.76954, 34.01391 ], [ 74.77012, 34.01367 ], [ 74.77012, 34.01295 ], [ 74.77041, 34.01295 ], [ 74.77013, 34.00959 ], [ 74.771, 34.00984 ], [ 74.77099, 34.01056 ], [ 74.77157, 34.0108 ], [ 74.77214, 34.01224 ], [ 74.77301, 34.012 ], [ 74.77387, 34.01032 ], [ 74.77416, 34.01176 ], [ 74.77358, 34.01176 ], [ 74.77358, 34.01224 ], [ 74.77473, 34.01248 ], [ 74.77473, 34.01296 ], [ 74.77588, 34.01296 ], [ 74.77617, 34.01368 ], [ 74.77732, 34.01345 ], [ 74.77733, 34.01249 ], [ 74.77704, 34.01249 ], [ 74.77733, 34.01057 ], [ 74.77618, 34.01033 ], [ 74.7756, 34.0096 ], [ 74.77445, 34.0096 ], [ 74.77446, 34.00792 ], [ 74.77302, 34.00792 ], [ 74.77302, 34.0072 ], [ 74.77244, 34.00672 ], [ 74.77158, 34.00792 ], [ 74.771, 34.00744 ], [ 74.77014, 34.00768 ], [ 74.77014, 34.00672 ], [ 74.76956, 34.00695 ], [ 74.76957, 34.00576 ], [ 74.76899, 34.00527 ], [ 74.76841, 34.00551 ], [ 74.76841, 34.00623 ], [ 74.76755, 34.00671 ], [ 74.76813, 34.00575 ], [ 74.76784, 34.00383 ], [ 74.76842, 34.00311 ], [ 74.76842, 34.00215 ], [ 74.76756, 34.00119 ], [ 74.76641, 34.00071 ], [ 74.76613, 33.99903 ], [ 74.76498, 33.99903 ], [ 74.76555, 33.99855 ], [ 74.7644, 33.99831 ], [ 74.76527, 33.99759 ], [ 74.76527, 33.99711 ], [ 74.76556, 33.99711 ], [ 74.76555, 33.99783 ], [ 74.76613, 33.99783 ], [ 74.76613, 33.99711 ], [ 74.76699, 33.99783 ], [ 74.76757, 33.99783 ], [ 74.76843, 33.99856 ], [ 74.76843, 33.99952 ], [ 74.77045, 33.99976 ], [ 74.77102, 34.00024 ], [ 74.77102, 34.00096 ], [ 74.7716, 34.00096 ], [ 74.77246, 34.00024 ], [ 74.77333, 34.00024 ], [ 74.77332, 34.00048 ], [ 74.7739, 34.00025 ], [ 74.77362, 33.99761 ], [ 74.77391, 33.99761 ], [ 74.77391, 33.99833 ], [ 74.77448, 33.99833 ], [ 74.77448, 33.99761 ], [ 74.77477, 33.99761 ], [ 74.77506, 33.99929 ], [ 74.77649, 34.00073 ], [ 74.77678, 34.00049 ], [ 74.78139, 34.00074 ], [ 74.78139, 34.00098 ], [ 74.78369, 34.00122 ], [ 74.78398, 34.0017 ], [ 74.78484, 34.0017 ], [ 74.78542, 34.00219 ], [ 74.78686, 34.00195 ], [ 74.78686, 34.00123 ], [ 74.78802, 33.99979 ], [ 74.78802, 33.99907 ], [ 74.78658, 33.99859 ], [ 74.78543, 33.99739 ], [ 74.78658, 33.99715 ], [ 74.7863, 33.99643 ], [ 74.78658, 33.99667 ], [ 74.78716, 33.99643 ], [ 74.78687, 33.99571 ], [ 74.78745, 33.99595 ], [ 74.78803, 33.99571 ], [ 74.78803, 33.99499 ], [ 74.78774, 33.99499 ], [ 74.78803, 33.99427 ], [ 74.78688, 33.99331 ], [ 74.78573, 33.99331 ], [ 74.78487, 33.99259 ], [ 74.78285, 33.99234 ], [ 74.78285, 33.9921 ], [ 74.78084, 33.9921 ], [ 74.77969, 33.99138 ], [ 74.77969, 33.9909 ], [ 74.78055, 33.9909 ], [ 74.78055, 33.99042 ], [ 74.7817, 33.99018 ], [ 74.78228, 33.98922 ], [ 74.78229, 33.98803 ], [ 74.78085, 33.98562 ], [ 74.78085, 33.98538 ], [ 74.78172, 33.98539 ], [ 74.78114, 33.98442 ], [ 74.78229, 33.98443 ], [ 74.78201, 33.98491 ], [ 74.78287, 33.98515 ], [ 74.78315, 33.98659 ], [ 74.7843, 33.98779 ], [ 74.78458, 33.99019 ], [ 74.78602, 33.99043 ], [ 74.78746, 33.99139 ], [ 74.78948, 33.99164 ], [ 74.79063, 33.99308 ], [ 74.79264, 33.99356 ], [ 74.7935, 33.99452 ], [ 74.7961, 33.99405 ], [ 74.79753, 33.99573 ], [ 74.79868, 33.99573 ], [ 74.79926, 33.99621 ], [ 74.79926, 33.99693 ], [ 74.80069, 33.99837 ], [ 74.80098, 33.99933 ], [ 74.80184, 33.99885 ], [ 74.80185, 33.99669 ], [ 74.80243, 33.9967 ], [ 74.80271, 33.99718 ], [ 74.803, 33.99622 ], [ 74.80329, 33.99622 ], [ 74.80329, 33.99694 ], [ 74.80473, 33.99742 ], [ 74.80502, 33.99814 ], [ 74.80761, 33.9979 ], [ 74.80761, 33.99718 ], [ 74.8079, 33.99718 ], [ 74.80761, 33.9967 ], [ 74.8056, 33.99622 ], [ 74.80473, 33.99526 ], [ 74.80243, 33.9943 ], [ 74.80243, 33.99358 ], [ 74.8033, 33.9931 ], [ 74.8033, 33.99238 ], [ 74.80503, 33.99238 ], [ 74.80647, 33.9931 ], [ 74.80762, 33.99287 ], [ 74.80762, 33.99239 ], [ 74.80647, 33.99166 ], [ 74.80676, 33.99023 ], [ 74.8059, 33.9895 ], [ 74.80619, 33.98878 ], [ 74.80418, 33.98758 ], [ 74.80418, 33.9871 ], [ 74.80504, 33.9871 ], [ 74.80475, 33.98638 ], [ 74.80562, 33.98638 ], [ 74.80476, 33.9847 ], [ 74.80476, 33.98302 ], [ 74.80332, 33.98254 ], [ 74.80304, 33.98182 ], [ 74.8016, 33.98182 ], [ 74.8016, 33.98158 ], [ 74.799, 33.98182 ], [ 74.79785, 33.98133 ], [ 74.79786, 33.98061 ], [ 74.79901, 33.98038 ], [ 74.7993, 33.97966 ], [ 74.79815, 33.97894 ], [ 74.79786, 33.9775 ], [ 74.79643, 33.97629 ], [ 74.79643, 33.97557 ], [ 74.797, 33.97534 ], [ 74.79701, 33.97486 ], [ 74.79585, 33.97461 ], [ 74.79586, 33.97389 ], [ 74.79499, 33.97389 ], [ 74.79672, 33.9727 ], [ 74.79787, 33.97366 ], [ 74.79845, 33.97342 ], [ 74.79816, 33.97318 ], [ 74.79845, 33.9727 ], [ 74.79931, 33.9727 ], [ 74.80162, 33.97366 ], [ 74.80334, 33.97343 ], [ 74.80449, 33.97415 ], [ 74.80478, 33.97367 ], [ 74.8045, 33.97223 ], [ 74.80363, 33.97223 ], [ 74.80363, 33.97199 ], [ 74.79932, 33.97222 ], [ 74.79874, 33.97174 ], [ 74.79672, 33.97174 ], [ 74.79672, 33.97198 ], [ 74.79557, 33.97197 ], [ 74.79528, 33.97245 ], [ 74.79356, 33.97269 ], [ 74.79327, 33.97317 ], [ 74.79067, 33.97317 ], [ 74.7901, 33.97364 ], [ 74.78895, 33.97364 ], [ 74.78808, 33.97436 ], [ 74.78635, 33.9746 ], [ 74.78347, 33.97579 ], [ 74.78203, 33.97579 ], [ 74.78203, 33.97555 ], [ 74.778, 33.97554 ], [ 74.77713, 33.97602 ], [ 74.77425, 33.97578 ], [ 74.77425, 33.97554 ], [ 74.77051, 33.97577 ], [ 74.77022, 33.97601 ], [ 74.77022, 33.97745 ], [ 74.77051, 33.97745 ], [ 74.77021, 33.98009 ], [ 74.76963, 33.9808 ], [ 74.76963, 33.98368 ], [ 74.76905, 33.98416 ], [ 74.76905, 33.98488 ], [ 74.76616, 33.98728 ], [ 74.76558, 33.98895 ], [ 74.76414, 33.98991 ], [ 74.76356, 33.98991 ], [ 74.76327, 33.99111 ], [ 74.7624, 33.99183 ], [ 74.76183, 33.99183 ], [ 74.76125, 33.99254 ], [ 74.7601, 33.99278 ], [ 74.75952, 33.9935 ], [ 74.75347, 33.99421 ], [ 74.75202, 33.99588 ], [ 74.75001, 33.99612 ], [ 74.74943, 33.9966 ], [ 74.74942, 33.9978 ], [ 74.74827, 33.999 ], [ 74.74769, 34.00091 ], [ 74.74596, 34.00211 ], [ 74.74595, 34.00331 ], [ 74.74681, 34.00379 ], [ 74.74682, 34.00307 ], [ 74.74739, 34.00283 ], [ 74.74826, 34.00307 ], [ 74.74855, 34.00236 ], [ 74.74912, 34.00236 ], [ 74.7497, 34.00164 ], [ 74.75085, 34.0014 ], [ 74.75114, 34.00188 ], [ 74.75027, 34.00284 ], [ 74.74941, 34.0026 ], [ 74.74912, 34.0038 ], [ 74.74825, 34.00451 ], [ 74.74883, 34.00475 ], [ 74.74854, 34.00547 ], [ 74.74767, 34.00547 ], [ 74.7445, 34.00762 ], [ 74.74392, 34.00762 ], [ 74.74421, 34.00714 ], [ 74.74364, 34.0069 ], [ 74.74219, 34.00882 ], [ 74.74478, 34.00906 ], [ 74.74507, 34.00859 ], [ 74.74651, 34.00859 ], [ 74.74651, 34.00907 ], [ 74.74478, 34.01026 ], [ 74.74535, 34.01051 ], [ 74.74506, 34.01146 ], [ 74.74564, 34.01171 ], [ 74.74592, 34.01243 ], [ 74.7465, 34.01243 ], [ 74.74795, 34.01099 ], [ 74.74881, 34.01075 ], [ 74.75026, 34.00932 ], [ 74.75026, 34.00884 ], [ 74.75083, 34.00884 ], [ 74.75112, 34.00932 ], [ 74.7517, 34.00908 ], [ 74.75083, 34.01076 ], [ 74.75025, 34.011 ], [ 74.74909, 34.01291 ], [ 74.74765, 34.01411 ], [ 74.74764, 34.01675 ], [ 74.74793, 34.01675 ], [ 74.74763, 34.01891 ], [ 74.74648, 34.0201 ], [ 74.74648, 34.02106 ], [ 74.74791, 34.02131 ], [ 74.7482, 34.02203 ], [ 74.75051, 34.02155 ], [ 74.7528, 34.02444 ], [ 74.75568, 34.02468 ] ] ] } },
{ "type": "Feature", "properties": { "terrace_id": 3, "area_km2": 10.088, "scarp_frac": 0.72, "strict_ha": 10.98, "drop_ha": 31.32 }, "geometry": { "type": "Polygon", "coordinates": [ [ [ 74.86443, 33.94736 ], [ 74.86472, 33.94688 ], [ 74.86415, 33.94592 ], [ 74.8653, 33.944 ], [ 74.86588, 33.944 ], [ 74.86616, 33.94496 ], [ 74.86674, 33.94496 ], [ 74.8676, 33.944 ], [ 74.86847, 33.944 ], [ 74.86875, 33.94448 ], [ 74.86933, 33.94449 ], [ 74.87077, 33.94545 ], [ 74.87135, 33.94377 ], [ 74.87192, 33.94329 ], [ 74.87279, 33.94329 ], [ 74.87336, 33.94401 ], [ 74.87422, 33.94425 ], [ 74.87422, 33.94473 ], [ 74.8748, 33.94473 ], [ 74.87509, 33.94377 ], [ 74.87365, 33.94257 ], [ 74.87365, 33.94065 ], [ 74.87509, 33.93921 ], [ 74.87625, 33.93897 ], [ 74.8774, 33.94065 ], [ 74.87941, 33.94138 ], [ 74.87941, 33.94066 ], [ 74.87999, 33.94018 ], [ 74.88085, 33.93778 ], [ 74.88172, 33.93754 ], [ 74.88172, 33.93682 ], [ 74.88114, 33.93634 ], [ 74.88114, 33.93514 ], [ 74.88086, 33.93514 ], [ 74.88086, 33.93394 ], [ 74.88143, 33.9337 ], [ 74.88115, 33.93154 ], [ 74.88144, 33.93202 ], [ 74.88172, 33.93202 ], [ 74.88173, 33.9313 ], [ 74.88259, 33.93202 ], [ 74.88316, 33.93178 ], [ 74.88317, 33.93034 ], [ 74.88202, 33.92938 ], [ 74.8823, 33.92914 ], [ 74.88202, 33.92818 ], [ 74.88259, 33.92818 ], [ 74.88288, 33.92675 ], [ 74.88317, 33.92675 ], [ 74.88289, 33.92531 ], [ 74.8826, 33.92531 ], [ 74.88289, 33.92291 ], [ 74.88318, 33.92291 ], [ 74.88289, 33.92099 ], [ 74.88232, 33.92051 ], [ 74.88203, 33.91931 ], [ 74.88117, 33.92003 ], [ 74.88088, 33.91955 ], [ 74.88002, 33.91979 ], [ 74.88002, 33.91931 ], [ 74.87886, 33.9193 ], [ 74.87887, 33.91906 ], [ 74.87771, 33.91906 ], [ 74.87599, 33.92026 ], [ 74.87426, 33.92002 ], [ 74.87311, 33.91882 ], [ 74.87426, 33.91834 ], [ 74.87369, 33.91786 ], [ 74.87398, 33.91642 ], [ 74.8711, 33.9145 ], [ 74.87111, 33.91258 ], [ 74.87082, 33.91258 ], [ 74.87082, 33.91186 ], [ 74.86996, 33.91138 ], [ 74.86996, 33.9109 ], [ 74.86938, 33.91042 ], [ 74.86794, 33.91042 ], [ 74.86679, 33.90946 ], [ 74.86593, 33.90945 ], [ 74.86564, 33.90993 ], [ 74.8642, 33.90993 ], [ 74.86392, 33.90777 ], [ 74.86334, 33.90729 ], [ 74.86191, 33.90705 ], [ 74.86191, 33.90585 ], [ 74.86018, 33.90465 ], [ 74.86018, 33.90417 ], [ 74.85932, 33.90417 ], [ 74.85932, 33.90369 ], [ 74.85702, 33.90465 ], [ 74.85529, 33.90656 ], [ 74.85327, 33.9068 ], [ 74.8527, 33.90584 ], [ 74.85385, 33.90632 ], [ 74.85356, 33.90584 ], [ 74.85414, 33.9056 ], [ 74.85328, 33.90488 ], [ 74.85328, 33.9044 ], [ 74.85414, 33.90416 ], [ 74.85472, 33.90344 ], [ 74.85357, 33.90248 ], [ 74.85213, 33.90224 ], [ 74.85156, 33.9008 ], [ 74.85098, 33.9008 ], [ 74.84983, 33.8996 ], [ 74.84983, 33.90032 ], [ 74.84782, 33.90152 ], [ 74.84695, 33.90296 ], [ 74.84695, 33.90367 ], [ 74.84752, 33.90392 ], [ 74.84752, 33.9044 ], [ 74.8458, 33.90583 ], [ 74.84407, 33.90559 ], [ 74.84321, 33.90511 ], [ 74.84263, 33.90535 ], [ 74.84291, 33.90847 ], [ 74.84205, 33.90871 ], [ 74.84176, 33.90919 ], [ 74.84176, 33.91039 ], [ 74.84291, 33.91135 ], [ 74.84262, 33.91159 ], [ 74.8429, 33.91351 ], [ 74.84204, 33.91446 ], [ 74.84232, 33.91614 ], [ 74.84059, 33.91806 ], [ 74.83915, 33.91854 ], [ 74.83972, 33.9207 ], [ 74.84117, 33.91974 ], [ 74.8426, 33.91974 ], [ 74.84347, 33.91854 ], [ 74.84635, 33.91879 ], [ 74.84606, 33.91903 ], [ 74.84635, 33.91951 ], [ 74.84692, 33.91903 ], [ 74.84779, 33.91903 ], [ 74.84779, 33.91927 ], [ 74.84634, 33.92023 ], [ 74.84491, 33.92047 ], [ 74.84404, 33.92142 ], [ 74.84202, 33.9219 ], [ 74.84145, 33.92286 ], [ 74.83972, 33.92334 ], [ 74.83885, 33.9243 ], [ 74.84087, 33.92478 ], [ 74.84231, 33.92382 ], [ 74.84317, 33.92382 ], [ 74.84403, 33.92454 ], [ 74.84519, 33.92263 ], [ 74.8472, 33.92287 ], [ 74.8472, 33.92407 ], [ 74.84691, 33.92407 ], [ 74.8472, 33.92503 ], [ 74.84662, 33.92623 ], [ 74.84777, 33.92719 ], [ 74.84892, 33.92719 ], [ 74.8495, 33.92815 ], [ 74.84892, 33.92839 ], [ 74.84805, 33.93031 ], [ 74.84719, 33.93102 ], [ 74.84661, 33.93102 ], [ 74.8466, 33.93558 ], [ 74.84718, 33.93582 ], [ 74.84776, 33.9351 ], [ 74.84977, 33.93511 ], [ 74.85035, 33.93607 ], [ 74.85207, 33.93631 ], [ 74.85207, 33.93703 ], [ 74.85236, 33.93703 ], [ 74.85265, 33.93679 ], [ 74.85236, 33.93631 ], [ 74.85322, 33.93607 ], [ 74.85323, 33.93487 ], [ 74.85438, 33.93463 ], [ 74.85294, 33.93391 ], [ 74.85265, 33.93247 ], [ 74.85323, 33.93247 ], [ 74.85323, 33.93199 ], [ 74.85381, 33.93223 ], [ 74.85438, 33.93151 ], [ 74.85582, 33.93152 ], [ 74.85611, 33.9296 ], [ 74.8564, 33.9296 ], [ 74.85611, 33.92888 ], [ 74.8564, 33.92888 ], [ 74.8564, 33.92816 ], [ 74.85698, 33.92792 ], [ 74.85612, 33.9272 ], [ 74.8541, 33.92671 ], [ 74.85295, 33.92575 ], [ 74.85267, 33.92431 ], [ 74.85325, 33.92359 ], [ 74.85325, 33.92216 ], [ 74.85411, 33.92216 ], [ 74.85411, 33.92192 ], [ 74.85613, 33.92216 ], [ 74.85699, 33.92144 ], [ 74.85785, 33.92144 ], [ 74.8593, 33.91976 ], [ 74.86073, 33.91953 ], [ 74.86131, 33.91857 ], [ 74.86189, 33.91857 ], [ 74.86189, 33.91929 ], [ 74.86246, 33.91953 ], [ 74.86333, 33.91833 ], [ 74.86448, 33.91809 ], [ 74.86448, 33.91857 ], [ 74.86333, 33.91881 ], [ 74.86332, 33.91953 ], [ 74.86246, 33.92097 ], [ 74.86188, 33.92097 ], [ 74.86015, 33.9224 ], [ 74.86015, 33.92288 ], [ 74.85785, 33.92432 ], [ 74.85814, 33.9248 ], [ 74.86015, 33.92504 ], [ 74.86044, 33.92552 ], [ 74.86159, 33.92576 ], [ 74.86216, 33.92648 ], [ 74.86216, 33.9272 ], [ 74.86187, 33.9272 ], [ 74.86216, 33.92864 ], [ 74.86072, 33.93008 ], [ 74.86014, 33.93008 ], [ 74.86014, 33.93152 ], [ 74.85898, 33.93368 ], [ 74.85898, 33.9344 ], [ 74.85956, 33.9344 ], [ 74.85985, 33.93488 ], [ 74.85985, 33.9356 ], [ 74.85869, 33.93656 ], [ 74.85898, 33.93872 ], [ 74.85955, 33.93896 ], [ 74.86071, 33.93752 ], [ 74.86301, 33.938 ], [ 74.86301, 33.93752 ], [ 74.86387, 33.93704 ], [ 74.86474, 33.93704 ], [ 74.86502, 33.93848 ], [ 74.8656, 33.93872 ], [ 74.86617, 33.93752 ], [ 74.86733, 33.93729 ], [ 74.86733, 33.93657 ], [ 74.86848, 33.93561 ], [ 74.86877, 33.93609 ], [ 74.87021, 33.93609 ], [ 74.8705, 33.93537 ], [ 74.87136, 33.93465 ], [ 74.87194, 33.93465 ], [ 74.87251, 33.93393 ], [ 74.87309, 33.93393 ], [ 74.87309, 33.93345 ], [ 74.87453, 33.93226 ], [ 74.8751, 33.93226 ], [ 74.87453, 33.93321 ], [ 74.87482, 33.93346 ], [ 74.87539, 33.93322 ], [ 74.8751, 33.93442 ], [ 74.87453, 33.93489 ], [ 74.87452, 33.93585 ], [ 74.87395, 33.93681 ], [ 74.87308, 33.93729 ], [ 74.87308, 33.93777 ], [ 74.87164, 33.93873 ], [ 74.87049, 33.93873 ], [ 74.86761, 33.94184 ], [ 74.8653, 33.9428 ], [ 74.86357, 33.94424 ], [ 74.86357, 33.94496 ], [ 74.86271, 33.94592 ], [ 74.86271, 33.94688 ], [ 74.86328, 33.94736 ], [ 74.86443, 33.94736 ] ] ] } },
{ "type": "Feature", "properties": { "terrace_id": 4, "area_km2": 7.708, "scarp_frac": 0.53, "strict_ha": 0.0, "drop_ha": 0.54 }, "geometry": { "type": "Polygon", "coordinates": [ [ [ 74.92917, 33.9906 ], [ 74.92917, 33.99036 ], [ 74.93032, 33.99036 ], [ 74.93118, 33.9894 ], [ 74.93176, 33.9894 ], [ 74.93234, 33.9882 ], [ 74.93349, 33.9882 ], [ 74.93406, 33.98868 ], [ 74.93464, 33.98772 ], [ 74.93464, 33.98628 ], [ 74.93522, 33.9858 ], [ 74.93723, 33.98556 ], [ 74.9381, 33.98412 ], [ 74.9381, 33.9834 ], [ 74.94012, 33.98221 ], [ 74.94041, 33.98101 ], [ 74.93753, 33.97885 ], [ 74.93724, 33.97837 ], [ 74.93753, 33.97741 ], [ 74.9381, 33.97789 ], [ 74.93868, 33.97693 ], [ 74.93983, 33.97789 ], [ 74.9407, 33.97789 ], [ 74.94156, 33.97717 ], [ 74.94329, 33.97693 ], [ 74.94415, 33.97621 ], [ 74.94559, 33.97573 ], [ 74.9453, 33.97669 ], [ 74.94646, 33.97717 ], [ 74.94473, 33.97909 ], [ 74.943, 33.97957 ], [ 74.94357, 33.98053 ], [ 74.94357, 33.98149 ], [ 74.94415, 33.98197 ], [ 74.94472, 33.98149 ], [ 74.94616, 33.98149 ], [ 74.94674, 33.98029 ], [ 74.94732, 33.98077 ], [ 74.94732, 33.98173 ], [ 74.94674, 33.98221 ], [ 74.94703, 33.98269 ], [ 74.94847, 33.98269 ], [ 74.94991, 33.98173 ], [ 74.95048, 33.98173 ], [ 74.95048, 33.98245 ], [ 74.95077, 33.98245 ], [ 74.95221, 33.98125 ], [ 74.9525, 33.98053 ], [ 74.95509, 33.97957 ], [ 74.95538, 33.97813 ], [ 74.95596, 33.97813 ], [ 74.95653, 33.97693 ], [ 74.95797, 33.97574 ], [ 74.95826, 33.9731 ], [ 74.95913, 33.97214 ], [ 74.95971, 33.97046 ], [ 74.9623, 33.96878 ], [ 74.96287, 33.96902 ], [ 74.9597, 33.97118 ], [ 74.9597, 33.97238 ], [ 74.95942, 33.97238 ], [ 74.95942, 33.9731 ], [ 74.96028, 33.97334 ], [ 74.96028, 33.97286 ], [ 74.96114, 33.97262 ], [ 74.96143, 33.97118 ], [ 74.9623, 33.9707 ], [ 74.9623, 33.97118 ], [ 74.96172, 33.97142 ], [ 74.96172, 33.97238 ], [ 74.96086, 33.9731 ], [ 74.96114, 33.97718 ], [ 74.96489, 33.97622 ], [ 74.96575, 33.9755 ], [ 74.96575, 33.97502 ], [ 74.96633, 33.97526 ], [ 74.96661, 33.9743 ], [ 74.96777, 33.97382 ], [ 74.96892, 33.97262 ], [ 74.97007, 33.97262 ], [ 74.97065, 33.9719 ], [ 74.97151, 33.9719 ], [ 74.97237, 33.97046 ], [ 74.97381, 33.97046 ], [ 74.97468, 33.96974 ], [ 74.97669, 33.9695 ], [ 74.97756, 33.96806 ], [ 74.97986, 33.9671 ], [ 74.98015, 33.96638 ], [ 74.98073, 33.96614 ], [ 74.98476, 33.96663 ], [ 74.98418, 33.96687 ], [ 74.9836, 33.97046 ], [ 74.98418, 33.97118 ], [ 74.98418, 33.97214 ], [ 74.98504, 33.97214 ], [ 74.98677, 33.97286 ], [ 74.98677, 33.97214 ], [ 74.98706, 33.97214 ], [ 74.98677, 33.97166 ], [ 74.98706, 33.96806 ], [ 74.98677, 33.96782 ], [ 74.98792, 33.96759 ], [ 74.98764, 33.96711 ], [ 74.98677, 33.96711 ], [ 74.98706, 33.96687 ], [ 74.98677, 33.96375 ], [ 74.98706, 33.96327 ], [ 74.98764, 33.96327 ], [ 74.98821, 33.96423 ], [ 74.98821, 33.96351 ], [ 74.98879, 33.96327 ], [ 74.98879, 33.96255 ], [ 74.98936, 33.96183 ], [ 74.98908, 33.96039 ], [ 74.98936, 33.96015 ], [ 74.99023, 33.96039 ], [ 74.9908, 33.95967 ], [ 74.99023, 33.95751 ], [ 74.98879, 33.95631 ], [ 74.98764, 33.95679 ], [ 74.98735, 33.95991 ], [ 74.98677, 33.95967 ], [ 74.98677, 33.95919 ], [ 74.9862, 33.95943 ], [ 74.98533, 33.95895 ], [ 74.98505, 33.95775 ], [ 74.98332, 33.95799 ], [ 74.98332, 33.95823 ], [ 74.98217, 33.95775 ], [ 74.98073, 33.95823 ], [ 74.97814, 33.95823 ], [ 74.97814, 33.95871 ], [ 74.97756, 33.95895 ], [ 74.97785, 33.96015 ], [ 74.9767, 33.96111 ], [ 74.97612, 33.96135 ], [ 74.97411, 33.96111 ], [ 74.97353, 33.96183 ], [ 74.9718, 33.96182 ], [ 74.9695, 33.96278 ], [ 74.9695, 33.9635 ], [ 74.96806, 33.96422 ], [ 74.96835, 33.9647 ], [ 74.96921, 33.9647 ], [ 74.96863, 33.96542 ], [ 74.9695, 33.96542 ], [ 74.96863, 33.96638 ], [ 74.96662, 33.96638 ], [ 74.96575, 33.96686 ], [ 74.96345, 33.96662 ], [ 74.96345, 33.96638 ], [ 74.96259, 33.96638 ], [ 74.9623, 33.96686 ], [ 74.96057, 33.96686 ], [ 74.96057, 33.9671 ], [ 74.95913, 33.96686 ], [ 74.95913, 33.96758 ], [ 74.95855, 33.96806 ], [ 74.95769, 33.96806 ], [ 74.95712, 33.9671 ], [ 74.95654, 33.9683 ], [ 74.95567, 33.9683 ], [ 74.95539, 33.96782 ], [ 74.95452, 33.96782 ], [ 74.95452, 33.96758 ], [ 74.95337, 33.96758 ], [ 74.95308, 33.9683 ], [ 74.95193, 33.96854 ], [ 74.95222, 33.96782 ], [ 74.95164, 33.96806 ], [ 74.95164, 33.9671 ], [ 74.95049, 33.9671 ], [ 74.95021, 33.96638 ], [ 74.94905, 33.96686 ], [ 74.94589, 33.96661 ], [ 74.94502, 33.96589 ], [ 74.94301, 33.96589 ], [ 74.94128, 33.96493 ], [ 74.94013, 33.96493 ], [ 74.93984, 33.96445 ], [ 74.93927, 33.96445 ], [ 74.93898, 33.96493 ], [ 74.93783, 33.96493 ], [ 74.93696, 33.96565 ], [ 74.93696, 33.96613 ], [ 74.93552, 33.96661 ], [ 74.93494, 33.96733 ], [ 74.93379, 33.96757 ], [ 74.93322, 33.96685 ], [ 74.93235, 33.96685 ], [ 74.93062, 33.96829 ], [ 74.92947, 33.96805 ], [ 74.9289, 33.96709 ], [ 74.92803, 33.96732 ], [ 74.92717, 33.96684 ], [ 74.92659, 33.96756 ], [ 74.92659, 33.96876 ], [ 74.92746, 33.96924 ], [ 74.92745, 33.97092 ], [ 74.92573, 33.97164 ], [ 74.92544, 33.97236 ], [ 74.924, 33.9726 ], [ 74.92457, 33.97332 ], [ 74.92428, 33.97452 ], [ 74.92486, 33.97572 ], [ 74.9237, 33.97836 ], [ 74.9237, 33.98028 ], [ 74.92601, 33.98004 ], [ 74.92716, 33.981 ], [ 74.92716, 33.98172 ], [ 74.92543, 33.98268 ], [ 74.92543, 33.98364 ], [ 74.926, 33.98388 ], [ 74.92572, 33.9846 ], [ 74.92658, 33.9846 ], [ 74.92658, 33.98532 ], [ 74.92802, 33.98484 ], [ 74.9286, 33.9834 ], [ 74.92917, 33.98316 ], [ 74.92917, 33.9822 ], [ 74.93033, 33.98028 ], [ 74.93062, 33.9786 ], [ 74.93119, 33.97956 ], [ 74.93177, 33.97956 ], [ 74.93177, 33.97884 ], [ 74.93206, 33.97884 ], [ 74.93234, 33.9798 ], [ 74.93292, 33.98004 ], [ 74.9335, 33.97908 ], [ 74.9335, 33.97788 ], [ 74.93407, 33.9774 ], [ 74.93407, 33.98004 ], [ 74.93436, 33.98028 ], [ 74.93522, 33.98004 ], [ 74.93522, 33.98052 ], [ 74.93465, 33.98076 ], [ 74.93465, 33.98172 ], [ 74.93234, 33.98268 ], [ 74.93205, 33.98484 ], [ 74.93263, 33.9858 ], [ 74.93205, 33.98652 ], [ 74.93147, 33.98652 ], [ 74.93147, 33.98748 ], [ 74.93003, 33.98844 ], [ 74.92917, 33.98844 ], [ 74.92888, 33.98916 ], [ 74.92859, 33.98892 ], [ 74.92802, 33.98916 ], [ 74.9283, 33.9906 ], [ 74.92917, 33.9906 ] ] ] } },
{ "type": "Feature", "properties": { "terrace_id": 5, "area_km2": 7.442, "scarp_frac": 0.31, "strict_ha": 0.0, "drop_ha": 2.52 }, "geometry": { "type": "Polygon", "coordinates": [ [ [ 75.05787, 33.93375 ], [ 75.05816, 33.93303 ], [ 75.05672, 33.93255 ], [ 75.05643, 33.93207 ], [ 75.05988, 33.93278 ], [ 75.05988, 33.93254 ], [ 75.06075, 33.93254 ], [ 75.06103, 33.93182 ], [ 75.0619, 33.93158 ], [ 75.06276, 33.93062 ], [ 75.06334, 33.93062 ], [ 75.06334, 33.93134 ], [ 75.0642, 33.93134 ], [ 75.06449, 33.93182 ], [ 75.06765, 33.93134 ], [ 75.06823, 33.93038 ], [ 75.07111, 33.93014 ], [ 75.07111, 33.9299 ], [ 75.07168, 33.93014 ], [ 75.07197, 33.93086 ], [ 75.07283, 33.93086 ], [ 75.07312, 33.9299 ], [ 75.07427, 33.92966 ], [ 75.07456, 33.92894 ], [ 75.07686, 33.92918 ], [ 75.07773, 33.9299 ], [ 75.07773, 33.93038 ], [ 75.07859, 33.93061 ], [ 75.07888, 33.93013 ], [ 75.07859, 33.92918 ], [ 75.07916, 33.9287 ], [ 75.0783, 33.92774 ], [ 75.07801, 33.92582 ], [ 75.07686, 33.92582 ], [ 75.07715, 33.92486 ], [ 75.07484, 33.92294 ], [ 75.07542, 33.92222 ], [ 75.07657, 33.92222 ], [ 75.07743, 33.92078 ], [ 75.07743, 33.91982 ], [ 75.0757, 33.9167 ], [ 75.07397, 33.91598 ], [ 75.07368, 33.91454 ], [ 75.07282, 33.91358 ], [ 75.07253, 33.91143 ], [ 75.0708, 33.90999 ], [ 75.07022, 33.90783 ], [ 75.06879, 33.90663 ], [ 75.06763, 33.90639 ], [ 75.06591, 33.90471 ], [ 75.06533, 33.90471 ], [ 75.06245, 33.90255 ], [ 75.0613, 33.90232 ], [ 75.05986, 33.90136 ], [ 75.059, 33.90136 ], [ 75.05871, 33.90208 ], [ 75.05785, 33.90208 ], [ 75.05698, 33.90112 ], [ 75.05583, 33.90112 ], [ 75.05612, 33.90232 ], [ 75.05871, 33.90376 ], [ 75.05871, 33.90496 ], [ 75.05929, 33.90496 ], [ 75.05958, 33.90543 ], [ 75.06188, 33.90567 ], [ 75.06217, 33.90615 ], [ 75.0613, 33.90615 ], [ 75.0613, 33.90663 ], [ 75.06217, 33.90663 ], [ 75.06303, 33.90735 ], [ 75.06303, 33.90783 ], [ 75.06476, 33.90783 ], [ 75.06562, 33.90927 ], [ 75.06533, 33.90951 ], [ 75.06562, 33.91023 ], [ 75.06505, 33.91119 ], [ 75.06418, 33.90975 ], [ 75.06332, 33.90975 ], [ 75.06246, 33.90927 ], [ 75.06188, 33.90759 ], [ 75.06102, 33.90759 ], [ 75.06044, 33.90831 ], [ 75.05987, 33.90831 ], [ 75.05872, 33.90735 ], [ 75.05497, 33.90688 ], [ 75.05411, 33.90592 ], [ 75.05296, 33.90544 ], [ 75.05181, 33.90544 ], [ 75.05123, 33.90448 ], [ 75.05152, 33.90256 ], [ 75.05037, 33.90136 ], [ 75.0495, 33.90136 ], [ 75.04922, 33.90448 ], [ 75.04807, 33.90544 ], [ 75.04922, 33.90592 ], [ 75.04979, 33.90568 ], [ 75.05008, 33.9064 ], [ 75.05066, 33.9064 ], [ 75.05066, 33.90688 ], [ 75.05181, 33.90688 ], [ 75.0521, 33.90808 ], [ 75.05267, 33.90808 ], [ 75.05267, 33.90856 ], [ 75.05382, 33.90928 ], [ 75.05383, 33.90976 ], [ 75.0544, 33.90976 ], [ 75.05584, 33.91071 ], [ 75.05613, 33.91143 ], [ 75.05929, 33.91167 ], [ 75.06045, 33.91263 ], [ 75.06217, 33.91239 ], [ 75.06246, 33.91287 ], [ 75.06332, 33.91287 ], [ 75.06419, 33.91359 ], [ 75.0639, 33.91407 ], [ 75.06448, 33.91431 ], [ 75.06476, 33.91599 ], [ 75.06592, 33.91647 ], [ 75.06592, 33.91719 ], [ 75.06678, 33.91719 ], [ 75.06678, 33.91767 ], [ 75.06793, 33.91839 ], [ 75.06793, 33.91887 ], [ 75.06908, 33.9191 ], [ 75.06908, 33.92006 ], [ 75.06851, 33.92078 ], [ 75.06707, 33.92079 ], [ 75.06707, 33.92127 ], [ 75.06649, 33.92151 ], [ 75.06563, 33.92127 ], [ 75.06477, 33.92175 ], [ 75.06448, 33.92151 ], [ 75.06391, 33.92175 ], [ 75.06362, 33.92079 ], [ 75.06333, 33.92103 ], [ 75.06218, 33.92079 ], [ 75.0616, 33.92007 ], [ 75.06103, 33.92007 ], [ 75.06103, 33.91935 ], [ 75.06045, 33.91911 ], [ 75.05987, 33.91935 ], [ 75.05959, 33.91887 ], [ 75.05959, 33.91959 ], [ 75.05901, 33.91959 ], [ 75.05872, 33.91911 ], [ 75.0593, 33.91887 ], [ 75.05815, 33.91839 ], [ 75.05728, 33.91839 ], [ 75.05728, 33.91815 ], [ 75.05585, 33.91839 ], [ 75.05498, 33.91719 ], [ 75.05498, 33.91623 ], [ 75.05383, 33.91527 ], [ 75.05268, 33.91527 ], [ 75.05296, 33.91335 ], [ 75.05325, 33.91335 ], [ 75.05325, 33.91144 ], [ 75.05239, 33.91072 ], [ 75.05181, 33.91072 ], [ 75.05181, 33.90976 ], [ 75.05152, 33.90952 ], [ 75.05095, 33.90976 ], [ 75.05066, 33.90928 ], [ 75.04749, 33.90952 ], [ 75.0475, 33.91 ], [ 75.04663, 33.91 ], [ 75.04606, 33.91048 ], [ 75.04577, 33.91 ], [ 75.04606, 33.90904 ], [ 75.04289, 33.90664 ], [ 75.04289, 33.90592 ], [ 75.04087, 33.90568 ], [ 75.03972, 33.9064 ], [ 75.03829, 33.9064 ], [ 75.03771, 33.90832 ], [ 75.03656, 33.90856 ], [ 75.03685, 33.91048 ], [ 75.03627, 33.91048 ], [ 75.03656, 33.91096 ], [ 75.0357, 33.91096 ], [ 75.03512, 33.91048 ], [ 75.03512, 33.9112 ], [ 75.03426, 33.9112 ], [ 75.03426, 33.91168 ], [ 75.03541, 33.91192 ], [ 75.03656, 33.91288 ], [ 75.03743, 33.91288 ], [ 75.03743, 33.91312 ], [ 75.03915, 33.91288 ], [ 75.04088, 33.9136 ], [ 75.04145, 33.9136 ], [ 75.04145, 33.91288 ], [ 75.04289, 33.91264 ], [ 75.04289, 33.91288 ], [ 75.04376, 33.91288 ], [ 75.04404, 33.91336 ], [ 75.04491, 33.91336 ], [ 75.04491, 33.91384 ], [ 75.04635, 33.91384 ], [ 75.04692, 33.9148 ], [ 75.04807, 33.9148 ], [ 75.04807, 33.91528 ], [ 75.0475, 33.91528 ], [ 75.04779, 33.91864 ], [ 75.0498, 33.91887 ], [ 75.0498, 33.91959 ], [ 75.05038, 33.91959 ], [ 75.05067, 33.92031 ], [ 75.05211, 33.92079 ], [ 75.05239, 33.92223 ], [ 75.05211, 33.92271 ], [ 75.04894, 33.92223 ], [ 75.04894, 33.92199 ], [ 75.04721, 33.92223 ], [ 75.04779, 33.92271 ], [ 75.04779, 33.92607 ], [ 75.04664, 33.92559 ], [ 75.04664, 33.92463 ], [ 75.04463, 33.92439 ], [ 75.04462, 33.92319 ], [ 75.04549, 33.92247 ], [ 75.04549, 33.92151 ], [ 75.04606, 33.92127 ], [ 75.04606, 33.91984 ], [ 75.04549, 33.91912 ], [ 75.04548, 33.91744 ], [ 75.04433, 33.91672 ], [ 75.04433, 33.916 ], [ 75.04376, 33.916 ], [ 75.04347, 33.91696 ], [ 75.04289, 33.916 ], [ 75.04203, 33.916 ], [ 75.04203, 33.91672 ], [ 75.04146, 33.91744 ], [ 75.04059, 33.91672 ], [ 75.04002, 33.91672 ], [ 75.04002, 33.91744 ], [ 75.03944, 33.91744 ], [ 75.03944, 33.91792 ], [ 75.04002, 33.91816 ], [ 75.04031, 33.92008 ], [ 75.04117, 33.9208 ], [ 75.04031, 33.92128 ], [ 75.04031, 33.92224 ], [ 75.0406, 33.92224 ], [ 75.04088, 33.92368 ], [ 75.04175, 33.92392 ], [ 75.04088, 33.92488 ], [ 75.04175, 33.92535 ], [ 75.04175, 33.92607 ], [ 75.04204, 33.92607 ], [ 75.04146, 33.92703 ], [ 75.04204, 33.92727 ], [ 75.04232, 33.92871 ], [ 75.04261, 33.92919 ], [ 75.04348, 33.92919 ], [ 75.04434, 33.93039 ], [ 75.0452, 33.93063 ], [ 75.0452, 33.93135 ], [ 75.04549, 33.93135 ], [ 75.04549, 33.93063 ], [ 75.04636, 33.93063 ], [ 75.04693, 33.93135 ], [ 75.04895, 33.93135 ], [ 75.04923, 33.93231 ], [ 75.05125, 33.93255 ], [ 75.05183, 33.93303 ], [ 75.05154, 33.93351 ], [ 75.05211, 33.93351 ], [ 75.0524, 33.93303 ], [ 75.05442, 33.93303 ], [ 75.05442, 33.93327 ], [ 75.05528, 33.93327 ], [ 75.05557, 33.93375 ], [ 75.05787, 33.93375 ] ] ] } },
{ "type": "Feature", "properties": { "terrace_id": 6, "area_km2": 6.404, "scarp_frac": 0.48, "strict_ha": 0.0, "drop_ha": 0.72 }, "geometry": { "type": "Polygon", "coordinates": [ [ [ 74.95334, 34.02276 ], [ 74.95392, 34.02204 ], [ 74.95709, 34.02108 ], [ 74.95824, 34.01988 ], [ 74.96026, 34.01964 ], [ 74.96112, 34.01892 ], [ 74.96285, 34.01916 ], [ 74.96372, 34.01772 ], [ 74.96544, 34.01772 ], [ 74.96573, 34.01724 ], [ 74.9666, 34.01724 ], [ 74.96775, 34.01532 ], [ 74.96804, 34.01316 ], [ 74.97006, 34.01125 ], [ 74.97236, 34.01101 ], [ 74.97294, 34.01197 ], [ 74.97323, 34.01101 ], [ 74.9738, 34.01101 ], [ 74.97438, 34.01221 ], [ 74.97351, 34.01269 ], [ 74.97467, 34.01317 ], [ 74.97351, 34.01388 ], [ 74.97467, 34.01413 ], [ 74.97438, 34.0146 ], [ 74.97553, 34.01437 ], [ 74.97639, 34.01509 ], [ 74.97639, 34.01604 ], [ 74.97582, 34.0158 ], [ 74.97553, 34.01652 ], [ 74.97639, 34.01652 ], [ 74.97668, 34.01724 ], [ 74.97726, 34.01748 ], [ 74.97783, 34.01724 ], [ 74.97783, 34.01652 ], [ 74.97755, 34.01652 ], [ 74.97783, 34.01557 ], [ 74.9787, 34.01557 ], [ 74.9787, 34.01533 ], [ 74.98043, 34.01557 ], [ 74.98158, 34.01509 ], [ 74.98187, 34.01485 ], [ 74.98158, 34.01341 ], [ 74.98216, 34.01317 ], [ 74.98216, 34.01245 ], [ 74.98187, 34.01245 ], [ 74.98187, 34.01101 ], [ 74.98158, 34.01101 ], [ 74.98187, 34.00909 ], [ 74.98129, 34.00861 ], [ 74.98158, 34.00813 ], [ 74.98129, 34.00573 ], [ 74.98245, 34.00477 ], [ 74.98245, 34.00285 ], [ 74.98389, 34.00189 ], [ 74.98331, 34.00021 ], [ 74.98418, 33.99997 ], [ 74.98418, 33.99901 ], [ 74.98475, 33.99853 ], [ 74.98533, 33.99853 ], [ 74.98677, 33.99757 ], [ 74.98619, 33.99709 ], [ 74.98504, 33.99709 ], [ 74.98504, 33.99733 ], [ 74.98216, 33.99757 ], [ 74.98158, 33.99805 ], [ 74.97985, 33.99805 ], [ 74.97957, 33.99853 ], [ 74.97755, 33.99829 ], [ 74.9764, 33.99877 ], [ 74.97582, 33.99973 ], [ 74.97409, 33.99973 ], [ 74.97352, 33.99901 ], [ 74.97237, 33.99925 ], [ 74.97035, 33.99829 ], [ 74.96776, 33.99829 ], [ 74.96603, 33.99901 ], [ 74.96516, 33.99901 ], [ 74.96401, 34.00021 ], [ 74.96286, 34.00069 ], [ 74.95854, 34.00069 ], [ 74.95652, 33.99973 ], [ 74.95624, 33.99877 ], [ 74.9548, 33.99781 ], [ 74.9548, 33.99733 ], [ 74.9522, 33.99709 ], [ 74.95134, 33.9978 ], [ 74.94961, 33.99828 ], [ 74.94759, 33.99756 ], [ 74.94673, 33.9966 ], [ 74.94558, 33.9966 ], [ 74.94471, 33.99708 ], [ 74.94241, 33.99732 ], [ 74.94183, 33.9978 ], [ 74.94183, 33.99804 ], [ 74.9427, 33.99804 ], [ 74.94241, 33.99852 ], [ 74.94155, 33.99852 ], [ 74.9427, 33.99948 ], [ 74.94212, 34.0002 ], [ 74.94039, 34.00068 ], [ 74.93982, 34.0014 ], [ 74.93722, 34.00164 ], [ 74.93751, 34.00284 ], [ 74.93866, 34.00284 ], [ 74.94068, 34.0038 ], [ 74.94068, 34.00428 ], [ 74.93952, 34.005 ], [ 74.93808, 34.00476 ], [ 74.9378, 34.00596 ], [ 74.93607, 34.00619 ], [ 74.93463, 34.00523 ], [ 74.93376, 34.00379 ], [ 74.93031, 34.00427 ], [ 74.93088, 34.00475 ], [ 74.93088, 34.00571 ], [ 74.93031, 34.00595 ], [ 74.93146, 34.00619 ], [ 74.93146, 34.00715 ], [ 74.93117, 34.00763 ], [ 74.93002, 34.00763 ], [ 74.92915, 34.00811 ], [ 74.92944, 34.00931 ], [ 74.92857, 34.00979 ], [ 74.92973, 34.01027 ], [ 74.92972, 34.01171 ], [ 74.92886, 34.01171 ], [ 74.92886, 34.01219 ], [ 74.92972, 34.01243 ], [ 74.92972, 34.01315 ], [ 74.92915, 34.01339 ], [ 74.92943, 34.01483 ], [ 74.92857, 34.01531 ], [ 74.92943, 34.01627 ], [ 74.93059, 34.01459 ], [ 74.93232, 34.01411 ], [ 74.93289, 34.01315 ], [ 74.93433, 34.01243 ], [ 74.93491, 34.01075 ], [ 74.93722, 34.00883 ], [ 74.9401, 34.0086 ], [ 74.94212, 34.0074 ], [ 74.94384, 34.00764 ], [ 74.94384, 34.00692 ], [ 74.945, 34.0062 ], [ 74.9473, 34.00644 ], [ 74.9473, 34.00716 ], [ 74.94788, 34.00716 ], [ 74.94788, 34.00644 ], [ 74.94845, 34.00596 ], [ 74.94932, 34.00596 ], [ 74.94932, 34.0062 ], [ 74.95018, 34.00596 ], [ 74.95018, 34.00644 ], [ 74.95105, 34.00644 ], [ 74.95278, 34.005 ], [ 74.95422, 34.00476 ], [ 74.95479, 34.00428 ], [ 74.95479, 34.00356 ], [ 74.95537, 34.00356 ], [ 74.95537, 34.00428 ], [ 74.95594, 34.00428 ], [ 74.95652, 34.00332 ], [ 74.95681, 34.00452 ], [ 74.95594, 34.00452 ], [ 74.95594, 34.005 ], [ 74.95681, 34.005 ], [ 74.95681, 34.00548 ], [ 74.95508, 34.00716 ], [ 74.9545, 34.00716 ], [ 74.95421, 34.0086 ], [ 74.95335, 34.00932 ], [ 74.95364, 34.0098 ], [ 74.9545, 34.0098 ], [ 74.95421, 34.01028 ], [ 74.95508, 34.01076 ], [ 74.95594, 34.00908 ], [ 74.95767, 34.00836 ], [ 74.95767, 34.0074 ], [ 74.9594, 34.00668 ], [ 74.95998, 34.005 ], [ 74.96113, 34.00453 ], [ 74.96142, 34.00357 ], [ 74.96199, 34.00309 ], [ 74.96401, 34.00357 ], [ 74.96488, 34.00213 ], [ 74.96574, 34.00165 ], [ 74.96545, 34.00333 ], [ 74.96631, 34.00357 ], [ 74.96603, 34.00429 ], [ 74.96833, 34.00477 ], [ 74.96689, 34.00573 ], [ 74.96891, 34.00645 ], [ 74.96516, 34.00645 ], [ 74.96487, 34.00597 ], [ 74.96315, 34.00621 ], [ 74.96343, 34.00788 ], [ 74.9617, 34.00932 ], [ 74.9617, 34.01052 ], [ 74.96084, 34.01052 ], [ 74.96113, 34.01076 ], [ 74.96084, 34.01172 ], [ 74.96199, 34.01196 ], [ 74.9617, 34.0122 ], [ 74.96199, 34.01268 ], [ 74.96372, 34.01244 ], [ 74.96372, 34.01292 ], [ 74.96257, 34.01364 ], [ 74.96257, 34.01436 ], [ 74.96141, 34.01388 ], [ 74.96141, 34.01436 ], [ 74.96055, 34.01436 ], [ 74.96055, 34.01484 ], [ 74.95968, 34.01484 ], [ 74.96026, 34.01604 ], [ 74.95968, 34.01604 ], [ 74.95796, 34.01484 ], [ 74.95594, 34.01484 ], [ 74.95507, 34.01436 ], [ 74.9545, 34.0146 ], [ 74.95104, 34.01436 ], [ 74.95104, 34.01412 ], [ 74.9496, 34.01412 ], [ 74.94903, 34.01364 ], [ 74.94816, 34.01364 ], [ 74.94787, 34.01412 ], [ 74.9473, 34.01412 ], [ 74.9473, 34.01484 ], [ 74.94672, 34.01508 ], [ 74.94701, 34.01556 ], [ 74.9496, 34.01508 ], [ 74.94931, 34.01604 ], [ 74.95018, 34.01604 ], [ 74.94989, 34.01652 ], [ 74.95075, 34.01652 ], [ 74.95248, 34.01508 ], [ 74.95277, 34.0158 ], [ 74.95219, 34.01628 ], [ 74.95421, 34.01652 ], [ 74.95392, 34.017 ], [ 74.95334, 34.017 ], [ 74.95277, 34.01868 ], [ 74.95219, 34.01916 ], [ 74.95104, 34.01916 ], [ 74.94989, 34.01964 ], [ 74.94989, 34.02012 ], [ 74.95075, 34.02012 ], [ 74.95075, 34.02084 ], [ 74.95104, 34.02084 ], [ 74.95075, 34.02179 ], [ 74.95133, 34.02156 ], [ 74.95133, 34.02227 ], [ 74.9519, 34.02228 ], [ 74.95219, 34.02156 ], [ 74.95305, 34.02132 ], [ 74.95277, 34.02252 ], [ 74.95334, 34.02276 ] ] ] } },
{ "type": "Feature", "properties": { "terrace_id": 7, "area_km2": 6.087, "scarp_frac": 0.32, "strict_ha": 0.0, "drop_ha": 0.72 }, "geometry": { "type": "Polygon", "coordinates": [ [ [ 74.99685, 34.00189 ], [ 74.99685, 34.00165 ], [ 74.998, 34.00165 ], [ 74.998, 34.00117 ], [ 74.99887, 34.00069 ], [ 74.99944, 33.99757 ], [ 75.00002, 33.99757 ], [ 75.00002, 33.99805 ], [ 75.00059, 33.99805 ], [ 75.00088, 33.99877 ], [ 75.00146, 33.99853 ], [ 75.00203, 33.99901 ], [ 75.00203, 33.99829 ], [ 75.00261, 33.99781 ], [ 75.00261, 33.99565 ], [ 75.00088, 33.99542 ], [ 75.00203, 33.99494 ], [ 75.00203, 33.99446 ], [ 75.00002, 33.99374 ], [ 75.00002, 33.99326 ], [ 74.99887, 33.99374 ], [ 74.99858, 33.99302 ], [ 74.99599, 33.9947 ], [ 74.9957, 33.9935 ], [ 74.99397, 33.99326 ], [ 74.99368, 33.9923 ], [ 74.99282, 33.99206 ], [ 74.99138, 33.99086 ], [ 74.99167, 33.99014 ], [ 74.9908, 33.99014 ], [ 74.99051, 33.9887 ], [ 74.99167, 33.98942 ], [ 74.99195, 33.98846 ], [ 74.99138, 33.98798 ], [ 74.99109, 33.98678 ], [ 74.98965, 33.98582 ], [ 74.98994, 33.98366 ], [ 74.98792, 33.9827 ], [ 74.98792, 33.98126 ], [ 74.98706, 33.98126 ], [ 74.98706, 33.9803 ], [ 74.98677, 33.9803 ], [ 74.98706, 33.9779 ], [ 74.98735, 33.97814 ], [ 74.98792, 33.9779 ], [ 74.98792, 33.97718 ], [ 74.98735, 33.9767 ], [ 74.98677, 33.9767 ], [ 74.98562, 33.97814 ], [ 74.98418, 33.97862 ], [ 74.98389, 33.9791 ], [ 74.98216, 33.97934 ], [ 74.98101, 33.97886 ], [ 74.98072, 33.97766 ], [ 74.98015, 33.97718 ], [ 74.98015, 33.9743 ], [ 74.98044, 33.9743 ], [ 74.98015, 33.97382 ], [ 74.979, 33.97358 ], [ 74.979, 33.9743 ], [ 74.97813, 33.97454 ], [ 74.97756, 33.97526 ], [ 74.97698, 33.97526 ], [ 74.97669, 33.97646 ], [ 74.97612, 33.97622 ], [ 74.97093, 33.97646 ], [ 74.97151, 33.97574 ], [ 74.97007, 33.9755 ], [ 74.96748, 33.97766 ], [ 74.96748, 33.97886 ], [ 74.96546, 33.97862 ], [ 74.96431, 33.97934 ], [ 74.96344, 33.97934 ], [ 74.96287, 33.98006 ], [ 74.96229, 33.98006 ], [ 74.96143, 33.98077 ], [ 74.96085, 33.98197 ], [ 74.96028, 33.98221 ], [ 74.9574, 33.98197 ], [ 74.95567, 33.98341 ], [ 74.95394, 33.98389 ], [ 74.95567, 33.98533 ], [ 74.95567, 33.98605 ], [ 74.9548, 33.98629 ], [ 74.9548, 33.98677 ], [ 74.95567, 33.98677 ], [ 74.95538, 33.98701 ], [ 74.95567, 33.98749 ], [ 74.95682, 33.98725 ], [ 74.95624, 33.98797 ], [ 74.95566, 33.98797 ], [ 74.9548, 33.98869 ], [ 74.9548, 33.98941 ], [ 74.95538, 33.98917 ], [ 74.95538, 33.98989 ], [ 74.95595, 33.98989 ], [ 74.95595, 33.98917 ], [ 74.95682, 33.98941 ], [ 74.95682, 33.99037 ], [ 74.95768, 33.99061 ], [ 74.95739, 33.99109 ], [ 74.95854, 33.99133 ], [ 74.95854, 33.99181 ], [ 74.95797, 33.99205 ], [ 74.95825, 33.99253 ], [ 74.95941, 33.99253 ], [ 74.95941, 33.99277 ], [ 74.96401, 33.99253 ], [ 74.96459, 33.99277 ], [ 74.96459, 33.99325 ], [ 74.96517, 33.99325 ], [ 74.96574, 33.99181 ], [ 74.96718, 33.99061 ], [ 74.9692, 33.99109 ], [ 74.96949, 33.98917 ], [ 74.97122, 33.98821 ], [ 74.97122, 33.98869 ], [ 74.97006, 33.98941 ], [ 74.97035, 33.99037 ], [ 74.97093, 33.99037 ], [ 74.97122, 33.98965 ], [ 74.97179, 33.98965 ], [ 74.97122, 33.99061 ], [ 74.97122, 33.99157 ], [ 74.97035, 33.99181 ], [ 74.97035, 33.99109 ], [ 74.96978, 33.99085 ], [ 74.9692, 33.99181 ], [ 74.96834, 33.99205 ], [ 74.96776, 33.99157 ], [ 74.9669, 33.99229 ], [ 74.96718, 33.99325 ], [ 74.96776, 33.99277 ], [ 74.97064, 33.99301 ], [ 74.97035, 33.99349 ], [ 74.96862, 33.99349 ], [ 74.96805, 33.99397 ], [ 74.96805, 33.99469 ], [ 74.96747, 33.99493 ], [ 74.96776, 33.99541 ], [ 74.96891, 33.99541 ], [ 74.96949, 33.99445 ], [ 74.97064, 33.99445 ], [ 74.97121, 33.99541 ], [ 74.97179, 33.99541 ], [ 74.97294, 33.99445 ], [ 74.9741, 33.99421 ], [ 74.97554, 33.99301 ], [ 74.97582, 33.99229 ], [ 74.97611, 33.99253 ], [ 74.97669, 33.99229 ], [ 74.97726, 33.99301 ], [ 74.97726, 33.99397 ], [ 74.9764, 33.99517 ], [ 74.97669, 33.99565 ], [ 74.97957, 33.99565 ], [ 74.98014, 33.99445 ], [ 74.9813, 33.99373 ], [ 74.98216, 33.99373 ], [ 74.98072, 33.99469 ], [ 74.98072, 33.99493 ], [ 74.98158, 33.99493 ], [ 74.9813, 33.99517 ], [ 74.98158, 33.99565 ], [ 74.98446, 33.99541 ], [ 74.98446, 33.99517 ], [ 74.98533, 33.99517 ], [ 74.98562, 33.99421 ], [ 74.98648, 33.99373 ], [ 74.98648, 33.99326 ], [ 74.98734, 33.99278 ], [ 74.98763, 33.99182 ], [ 74.98821, 33.99182 ], [ 74.9885, 33.9911 ], [ 74.98936, 33.9911 ], [ 74.99109, 33.99182 ], [ 74.99138, 33.9923 ], [ 74.99195, 33.9923 ], [ 74.99138, 33.99302 ], [ 74.99253, 33.99326 ], [ 74.99224, 33.99374 ], [ 74.9931, 33.99422 ], [ 74.9931, 33.9947 ], [ 74.99195, 33.99446 ], [ 74.99166, 33.9935 ], [ 74.99138, 33.9935 ], [ 74.99138, 33.99422 ], [ 74.9908, 33.99422 ], [ 74.99051, 33.99374 ], [ 74.99022, 33.99398 ], [ 74.98907, 33.99374 ], [ 74.98878, 33.99469 ], [ 74.98936, 33.99493 ], [ 74.98936, 33.99541 ], [ 74.98792, 33.99589 ], [ 74.98821, 33.99637 ], [ 74.98907, 33.99637 ], [ 74.98907, 33.99733 ], [ 74.98936, 33.99733 ], [ 74.98821, 33.99853 ], [ 74.98821, 33.99973 ], [ 74.9908, 33.99949 ], [ 74.9908, 33.99925 ], [ 74.9931, 33.99973 ], [ 74.9931, 33.99925 ], [ 74.99397, 33.99901 ], [ 74.99397, 33.99949 ], [ 74.99541, 33.99997 ], [ 74.99512, 34.00069 ], [ 74.99598, 34.00069 ], [ 74.99627, 34.00165 ], [ 74.99685, 34.00189 ] ] ] } },
{ "type": "Feature", "properties": { "terrace_id": 8, "area_km2": 6.0, "scarp_frac": 0.55, "strict_ha": 0.0, "drop_ha": 0.0 }, "geometry": { "type": "Polygon", "coordinates": [ [ [ 75.10209, 33.85023 ], [ 75.10238, 33.84951 ], [ 75.10439, 33.84783 ], [ 75.10439, 33.84735 ], [ 75.10554, 33.84783 ], [ 75.10583, 33.84711 ], [ 75.1064, 33.8471 ], [ 75.10669, 33.84662 ], [ 75.10755, 33.84662 ], [ 75.10727, 33.84614 ], [ 75.1064, 33.84615 ], [ 75.10669, 33.84591 ], [ 75.1064, 33.84471 ], [ 75.10755, 33.84351 ], [ 75.10755, 33.84279 ], [ 75.10956, 33.84182 ], [ 75.11186, 33.84158 ], [ 75.11215, 33.84254 ], [ 75.11416, 33.84254 ], [ 75.11502, 33.84302 ], [ 75.11503, 33.8435 ], [ 75.11589, 33.84326 ], [ 75.11617, 33.84254 ], [ 75.11847, 33.84278 ], [ 75.11934, 33.84229 ], [ 75.12135, 33.84229 ], [ 75.12164, 33.84277 ], [ 75.12192, 33.84253 ], [ 75.12394, 33.84277 ], [ 75.12538, 33.84325 ], [ 75.12538, 33.84397 ], [ 75.12739, 33.84373 ], [ 75.12768, 33.84301 ], [ 75.12969, 33.84324 ], [ 75.12998, 33.84396 ], [ 75.13055, 33.84372 ], [ 75.13026, 33.84348 ], [ 75.13055, 33.843 ], [ 75.1317, 33.84324 ], [ 75.13199, 33.8418 ], [ 75.13084, 33.84132 ], [ 75.13055, 33.84012 ], [ 75.12997, 33.83988 ], [ 75.13083, 33.8394 ], [ 75.13054, 33.83725 ], [ 75.1314, 33.83652 ], [ 75.13083, 33.83629 ], [ 75.13054, 33.83485 ], [ 75.12939, 33.83389 ], [ 75.1291, 33.83269 ], [ 75.12766, 33.83269 ], [ 75.12766, 33.83317 ], [ 75.12651, 33.83389 ], [ 75.12651, 33.83437 ], [ 75.12536, 33.83485 ], [ 75.12479, 33.83437 ], [ 75.12479, 33.83341 ], [ 75.12536, 33.83293 ], [ 75.12536, 33.83149 ], [ 75.12306, 33.83126 ], [ 75.12219, 33.8303 ], [ 75.12191, 33.8291 ], [ 75.12047, 33.82862 ], [ 75.1196, 33.82718 ], [ 75.11845, 33.8267 ], [ 75.11702, 33.8267 ], [ 75.11644, 33.82622 ], [ 75.11472, 33.82694 ], [ 75.11443, 33.82742 ], [ 75.11385, 33.82743 ], [ 75.11357, 33.82791 ], [ 75.11299, 33.82791 ], [ 75.11271, 33.83079 ], [ 75.1153, 33.8327 ], [ 75.1153, 33.83342 ], [ 75.11472, 33.83342 ], [ 75.1153, 33.83414 ], [ 75.11386, 33.83414 ], [ 75.11242, 33.83294 ], [ 75.11099, 33.83271 ], [ 75.11041, 33.83175 ], [ 75.10811, 33.83199 ], [ 75.10811, 33.83079 ], [ 75.10954, 33.82983 ], [ 75.10839, 33.82887 ], [ 75.10868, 33.82695 ], [ 75.10897, 33.82695 ], [ 75.10925, 33.82551 ], [ 75.11155, 33.82383 ], [ 75.11126, 33.82335 ], [ 75.10867, 33.82383 ], [ 75.10839, 33.82527 ], [ 75.10724, 33.82599 ], [ 75.1058, 33.82551 ], [ 75.1035, 33.82552 ], [ 75.10206, 33.8248 ], [ 75.10005, 33.82504 ], [ 75.09948, 33.82432 ], [ 75.09861, 33.82456 ], [ 75.09862, 33.826 ], [ 75.09776, 33.82696 ], [ 75.09805, 33.82936 ], [ 75.09747, 33.8296 ], [ 75.09747, 33.83008 ], [ 75.0946, 33.83128 ], [ 75.09259, 33.8308 ], [ 75.09259, 33.83152 ], [ 75.09201, 33.83176 ], [ 75.0923, 33.83272 ], [ 75.09144, 33.83344 ], [ 75.09115, 33.83488 ], [ 75.09086, 33.83488 ], [ 75.09115, 33.83536 ], [ 75.09087, 33.83776 ], [ 75.09144, 33.838 ], [ 75.09144, 33.83944 ], [ 75.09116, 33.83944 ], [ 75.09145, 33.84064 ], [ 75.09058, 33.84208 ], [ 75.09087, 33.84232 ], [ 75.09059, 33.8428 ], [ 75.09087, 33.84304 ], [ 75.09231, 33.8428 ], [ 75.09317, 33.84208 ], [ 75.09317, 33.84112 ], [ 75.09489, 33.83992 ], [ 75.09547, 33.83896 ], [ 75.09834, 33.83895 ], [ 75.09748, 33.83967 ], [ 75.09777, 33.84015 ], [ 75.09863, 33.84015 ], [ 75.09949, 33.83943 ], [ 75.09921, 33.84063 ], [ 75.09748, 33.84087 ], [ 75.09749, 33.84255 ], [ 75.09691, 33.84255 ], [ 75.09691, 33.84303 ], [ 75.09605, 33.84327 ], [ 75.09548, 33.84447 ], [ 75.09461, 33.8452 ], [ 75.09404, 33.8452 ], [ 75.0926, 33.84664 ], [ 75.09289, 33.84688 ], [ 75.09461, 33.84663 ], [ 75.09605, 33.84543 ], [ 75.09663, 33.84591 ], [ 75.09778, 33.84567 ], [ 75.09806, 33.84615 ], [ 75.09749, 33.84687 ], [ 75.0972, 33.84831 ], [ 75.09893, 33.84855 ], [ 75.09951, 33.84903 ], [ 75.10066, 33.84879 ], [ 75.10123, 33.84927 ], [ 75.10123, 33.84999 ], [ 75.10209, 33.85023 ] ] ] } },
{ "type": "Feature", "properties": { "terrace_id": 9, "area_km2": 4.85, "scarp_frac": 0.73, "strict_ha": 76.77, "drop_ha": 91.35 }, "geometry": { "type": "Polygon", "coordinates": [ [ [ 74.84715, 33.95262 ], [ 74.84744, 33.95214 ], [ 74.84859, 33.95262 ], [ 74.84888, 33.95166 ], [ 74.84945, 33.9519 ], [ 74.84945, 33.95238 ], [ 74.84974, 33.95238 ], [ 74.84974, 33.95166 ], [ 74.85032, 33.9519 ], [ 74.85003, 33.94974 ], [ 74.85061, 33.94926 ], [ 74.85147, 33.94926 ], [ 74.85148, 33.94854 ], [ 74.85176, 33.94854 ], [ 74.85148, 33.94614 ], [ 74.85234, 33.94615 ], [ 74.85234, 33.94567 ], [ 74.85119, 33.94518 ], [ 74.85119, 33.94446 ], [ 74.85148, 33.94446 ], [ 74.8512, 33.9435 ], [ 74.85005, 33.9435 ], [ 74.84889, 33.94278 ], [ 74.84918, 33.94182 ], [ 74.84861, 33.94182 ], [ 74.84746, 33.94086 ], [ 74.84717, 33.9399 ], [ 74.84487, 33.94014 ], [ 74.84487, 33.9399 ], [ 74.84286, 33.93966 ], [ 74.84228, 33.93894 ], [ 74.84113, 33.93869 ], [ 74.84113, 33.93821 ], [ 74.84027, 33.93749 ], [ 74.84027, 33.93677 ], [ 74.84085, 33.93605 ], [ 74.84085, 33.93414 ], [ 74.842, 33.93366 ], [ 74.842, 33.93318 ], [ 74.84114, 33.93246 ], [ 74.84114, 33.93174 ], [ 74.84172, 33.9315 ], [ 74.84201, 33.93006 ], [ 74.84316, 33.92862 ], [ 74.84201, 33.92838 ], [ 74.84086, 33.9291 ], [ 74.84, 33.9291 ], [ 74.83741, 33.92789 ], [ 74.83741, 33.92813 ], [ 74.83626, 33.92813 ], [ 74.83568, 33.92933 ], [ 74.83453, 33.93005 ], [ 74.83222, 33.92981 ], [ 74.83165, 33.92813 ], [ 74.83022, 33.92716 ], [ 74.82964, 33.9262 ], [ 74.83022, 33.92596 ], [ 74.8305, 33.92644 ], [ 74.83108, 33.92645 ], [ 74.83137, 33.92597 ], [ 74.83281, 33.92669 ], [ 74.8331, 33.92573 ], [ 74.83367, 33.92573 ], [ 74.83339, 33.92501 ], [ 74.83396, 33.92525 ], [ 74.83396, 33.92477 ], [ 74.8331, 33.92453 ], [ 74.83281, 33.92381 ], [ 74.83224, 33.92357 ], [ 74.83253, 33.92309 ], [ 74.83339, 33.92381 ], [ 74.83339, 33.92309 ], [ 74.83368, 33.92333 ], [ 74.83425, 33.92309 ], [ 74.83368, 33.92237 ], [ 74.83282, 33.92213 ], [ 74.83282, 33.92045 ], [ 74.83368, 33.91949 ], [ 74.83426, 33.91949 ], [ 74.83455, 33.92045 ], [ 74.83541, 33.91997 ], [ 74.83512, 33.91853 ], [ 74.8357, 33.91805 ], [ 74.8357, 33.91734 ], [ 74.83455, 33.91709 ], [ 74.83427, 33.91661 ], [ 74.83427, 33.91589 ], [ 74.83513, 33.91566 ], [ 74.83485, 33.91398 ], [ 74.83255, 33.91253 ], [ 74.83284, 33.91133 ], [ 74.8337, 33.91109 ], [ 74.83427, 33.91158 ], [ 74.83456, 33.91062 ], [ 74.83543, 33.9099 ], [ 74.83399, 33.90822 ], [ 74.8314, 33.90773 ], [ 74.83111, 33.90917 ], [ 74.82996, 33.90965 ], [ 74.82967, 33.91181 ], [ 74.82909, 33.91229 ], [ 74.82794, 33.91229 ], [ 74.82708, 33.91396 ], [ 74.82592, 33.91492 ], [ 74.8242, 33.91492 ], [ 74.82333, 33.9154 ], [ 74.82333, 33.91732 ], [ 74.82102, 33.92019 ], [ 74.82102, 33.92091 ], [ 74.82159, 33.92115 ], [ 74.82102, 33.92235 ], [ 74.82188, 33.92235 ], [ 74.82188, 33.92355 ], [ 74.82072, 33.92403 ], [ 74.82101, 33.92499 ], [ 74.82245, 33.92451 ], [ 74.82446, 33.92548 ], [ 74.82417, 33.92644 ], [ 74.82302, 33.92691 ], [ 74.82302, 33.92811 ], [ 74.82273, 33.92811 ], [ 74.82301, 33.93027 ], [ 74.82359, 33.93051 ], [ 74.82417, 33.92979 ], [ 74.82561, 33.92932 ], [ 74.82618, 33.9286 ], [ 74.82676, 33.9286 ], [ 74.82762, 33.92932 ], [ 74.82762, 33.9298 ], [ 74.82704, 33.931 ], [ 74.82589, 33.93196 ], [ 74.82531, 33.93363 ], [ 74.82617, 33.93412 ], [ 74.82675, 33.93292 ], [ 74.82761, 33.93292 ], [ 74.8279, 33.93412 ], [ 74.82991, 33.93388 ], [ 74.8302, 33.93436 ], [ 74.8302, 33.93532 ], [ 74.82876, 33.93604 ], [ 74.82904, 33.93748 ], [ 74.8253, 33.93843 ], [ 74.82587, 33.93915 ], [ 74.82587, 33.94011 ], [ 74.82443, 33.94083 ], [ 74.82472, 33.94203 ], [ 74.82529, 33.94227 ], [ 74.82644, 33.94155 ], [ 74.82702, 33.94155 ], [ 74.82731, 33.94203 ], [ 74.82932, 33.9418 ], [ 74.82961, 33.94228 ], [ 74.83019, 33.94228 ], [ 74.83047, 33.94324 ], [ 74.83277, 33.94324 ], [ 74.83364, 33.94276 ], [ 74.83623, 33.94277 ], [ 74.83623, 33.94301 ], [ 74.83824, 33.94277 ], [ 74.83939, 33.94373 ], [ 74.83997, 33.94349 ], [ 74.83997, 33.94277 ], [ 74.84026, 33.94301 ], [ 74.84084, 33.94277 ], [ 74.84084, 33.94205 ], [ 74.84112, 33.94205 ], [ 74.84112, 33.94277 ], [ 74.84227, 33.94445 ], [ 74.84227, 33.94541 ], [ 74.84284, 33.94565 ], [ 74.84371, 33.94733 ], [ 74.84457, 33.94782 ], [ 74.84485, 33.94878 ], [ 74.84543, 33.94902 ], [ 74.84658, 33.95094 ], [ 74.84657, 33.95238 ], [ 74.84715, 33.95262 ] ] ] } },
{ "type": "Feature", "properties": { "terrace_id": 10, "area_km2": 4.551, "scarp_frac": 0.55, "strict_ha": 9.63, "drop_ha": 33.21 }, "geometry": { "type": "Polygon", "coordinates": [ [ [ 74.66799, 34.05038 ], [ 74.66829, 34.04847 ], [ 74.66743, 34.04726 ], [ 74.66743, 34.04655 ], [ 74.66887, 34.04775 ], [ 74.66944, 34.04775 ], [ 74.66945, 34.04727 ], [ 74.6706, 34.04679 ], [ 74.67089, 34.04607 ], [ 74.67003, 34.04559 ], [ 74.66946, 34.04367 ], [ 74.66888, 34.04367 ], [ 74.66888, 34.04415 ], [ 74.66802, 34.04463 ], [ 74.66801, 34.04535 ], [ 74.66744, 34.04535 ], [ 74.66744, 34.04439 ], [ 74.66831, 34.04391 ], [ 74.66831, 34.04319 ], [ 74.66716, 34.04319 ], [ 74.6663, 34.04198 ], [ 74.66545, 34.03742 ], [ 74.66603, 34.03718 ], [ 74.66602, 34.0379 ], [ 74.66631, 34.03791 ], [ 74.66602, 34.03934 ], [ 74.66688, 34.04007 ], [ 74.66688, 34.04055 ], [ 74.66746, 34.04055 ], [ 74.66774, 34.04247 ], [ 74.66889, 34.04271 ], [ 74.66918, 34.04151 ], [ 74.66861, 34.04079 ], [ 74.66805, 34.03695 ], [ 74.66863, 34.03575 ], [ 74.66949, 34.03599 ], [ 74.67007, 34.03552 ], [ 74.67007, 34.03408 ], [ 74.67123, 34.03336 ], [ 74.67095, 34.03216 ], [ 74.67152, 34.03168 ], [ 74.67153, 34.03096 ], [ 74.67124, 34.03096 ], [ 74.67124, 34.03024 ], [ 74.67038, 34.03024 ], [ 74.66921, 34.03312 ], [ 74.66835, 34.03311 ], [ 74.66835, 34.03239 ], [ 74.66749, 34.03239 ], [ 74.66719, 34.03407 ], [ 74.66518, 34.03238 ], [ 74.66518, 34.0319 ], [ 74.66547, 34.03215 ], [ 74.66605, 34.03191 ], [ 74.66634, 34.03071 ], [ 74.66663, 34.03071 ], [ 74.66662, 34.03191 ], [ 74.66749, 34.03191 ], [ 74.66836, 34.03119 ], [ 74.66952, 34.02904 ], [ 74.67125, 34.02808 ], [ 74.67097, 34.0252 ], [ 74.67155, 34.02448 ], [ 74.67156, 34.02305 ], [ 74.67213, 34.02281 ], [ 74.67214, 34.02233 ], [ 74.67271, 34.02233 ], [ 74.67213, 34.02377 ], [ 74.67242, 34.02401 ], [ 74.673, 34.02377 ], [ 74.67357, 34.02449 ], [ 74.67357, 34.02521 ], [ 74.67328, 34.02521 ], [ 74.67356, 34.02785 ], [ 74.67413, 34.02809 ], [ 74.67442, 34.02761 ], [ 74.67529, 34.02761 ], [ 74.67529, 34.02689 ], [ 74.67587, 34.02642 ], [ 74.67702, 34.02642 ], [ 74.67731, 34.02498 ], [ 74.67645, 34.02474 ], [ 74.67616, 34.02426 ], [ 74.67645, 34.02378 ], [ 74.67818, 34.0233 ], [ 74.67819, 34.02258 ], [ 74.67589, 34.02042 ], [ 74.67589, 34.01946 ], [ 74.67647, 34.0185 ], [ 74.67993, 34.01731 ], [ 74.67964, 34.01827 ], [ 74.6782, 34.01874 ], [ 74.67878, 34.01899 ], [ 74.6782, 34.0197 ], [ 74.67819, 34.02042 ], [ 74.67992, 34.02139 ], [ 74.67992, 34.02211 ], [ 74.68078, 34.02283 ], [ 74.68164, 34.02259 ], [ 74.68165, 34.02211 ], [ 74.68222, 34.02187 ], [ 74.68223, 34.02115 ], [ 74.68194, 34.02091 ], [ 74.68078, 34.02115 ], [ 74.68079, 34.02067 ], [ 74.68223, 34.02043 ], [ 74.68338, 34.01948 ], [ 74.68339, 34.01876 ], [ 74.68223, 34.01876 ], [ 74.68109, 34.01779 ], [ 74.68109, 34.01659 ], [ 74.68224, 34.01588 ], [ 74.68168, 34.01324 ], [ 74.67995, 34.01227 ], [ 74.67938, 34.01251 ], [ 74.67937, 34.01323 ], [ 74.67851, 34.01299 ], [ 74.67794, 34.01251 ], [ 74.67794, 34.01179 ], [ 74.67736, 34.01155 ], [ 74.67737, 34.01107 ], [ 74.67823, 34.01107 ], [ 74.67852, 34.01059 ], [ 74.67564, 34.00938 ], [ 74.67536, 34.0089 ], [ 74.67565, 34.00794 ], [ 74.67622, 34.00794 ], [ 74.67651, 34.00746 ], [ 74.67738, 34.00747 ], [ 74.67738, 34.00699 ], [ 74.67681, 34.00651 ], [ 74.67623, 34.00674 ], [ 74.67623, 34.00626 ], [ 74.67537, 34.00626 ], [ 74.67537, 34.0053 ], [ 74.67451, 34.00458 ], [ 74.67451, 34.0041 ], [ 74.67307, 34.00386 ], [ 74.67164, 34.00217 ], [ 74.67077, 34.00217 ], [ 74.67049, 34.00169 ], [ 74.66934, 34.00169 ], [ 74.66847, 34.00097 ], [ 74.66761, 34.00096 ], [ 74.66732, 34.00048 ], [ 74.66675, 34.00048 ], [ 74.66646, 33.99952 ], [ 74.66531, 33.9988 ], [ 74.66532, 33.99832 ], [ 74.66359, 33.99735 ], [ 74.66244, 33.99759 ], [ 74.6633, 33.99903 ], [ 74.66243, 33.99879 ], [ 74.66243, 33.99951 ], [ 74.66185, 33.99975 ], [ 74.66128, 33.99879 ], [ 74.66128, 33.99807 ], [ 74.66186, 33.99831 ], [ 74.66186, 33.99783 ], [ 74.661, 33.99735 ], [ 74.661, 33.99663 ], [ 74.66158, 33.99663 ], [ 74.66187, 33.99615 ], [ 74.66014, 33.99543 ], [ 74.65899, 33.99542 ], [ 74.6587, 33.99494 ], [ 74.65813, 33.99494 ], [ 74.65813, 33.99566 ], [ 74.65784, 33.99566 ], [ 74.65784, 33.99542 ], [ 74.65496, 33.99517 ], [ 74.65381, 33.99469 ], [ 74.65381, 33.99517 ], [ 74.65323, 33.99493 ], [ 74.65265, 33.99516 ], [ 74.65236, 33.99636 ], [ 74.65351, 33.99709 ], [ 74.65408, 33.99805 ], [ 74.65495, 33.99829 ], [ 74.65522, 34.00069 ], [ 74.65724, 34.00189 ], [ 74.65752, 34.0031 ], [ 74.65925, 34.0031 ], [ 74.65925, 34.00286 ], [ 74.66011, 34.00286 ], [ 74.66069, 34.00214 ], [ 74.66127, 34.00215 ], [ 74.66069, 34.00286 ], [ 74.66155, 34.00335 ], [ 74.66242, 34.00311 ], [ 74.66327, 34.00455 ], [ 74.66385, 34.00479 ], [ 74.66385, 34.00527 ], [ 74.66442, 34.00551 ], [ 74.66673, 34.00576 ], [ 74.6673, 34.00552 ], [ 74.66759, 34.0048 ], [ 74.66846, 34.0048 ], [ 74.66903, 34.00529 ], [ 74.66903, 34.00553 ], [ 74.66788, 34.00528 ], [ 74.6673, 34.006 ], [ 74.66557, 34.006 ], [ 74.665, 34.00647 ], [ 74.66528, 34.00695 ], [ 74.66586, 34.00672 ], [ 74.66614, 34.00816 ], [ 74.66672, 34.00864 ], [ 74.66671, 34.01008 ], [ 74.66757, 34.01056 ], [ 74.66815, 34.01032 ], [ 74.66814, 34.01152 ], [ 74.66872, 34.01176 ], [ 74.66872, 34.01248 ], [ 74.66958, 34.01224 ], [ 74.66958, 34.01296 ], [ 74.669, 34.01344 ], [ 74.66871, 34.01344 ], [ 74.66872, 34.01272 ], [ 74.66814, 34.01272 ], [ 74.66756, 34.01368 ], [ 74.66756, 34.0144 ], [ 74.66813, 34.01488 ], [ 74.66784, 34.01584 ], [ 74.66841, 34.01632 ], [ 74.66928, 34.01608 ], [ 74.67131, 34.01369 ], [ 74.67275, 34.01369 ], [ 74.67101, 34.01489 ], [ 74.6713, 34.01537 ], [ 74.6736, 34.01513 ], [ 74.67389, 34.01466 ], [ 74.67533, 34.01466 ], [ 74.67591, 34.01442 ], [ 74.6762, 34.0137 ], [ 74.67649, 34.0137 ], [ 74.67649, 34.01466 ], [ 74.67764, 34.01538 ], [ 74.67216, 34.01705 ], [ 74.67215, 34.01753 ], [ 74.671, 34.01849 ], [ 74.66985, 34.01872 ], [ 74.66869, 34.01992 ], [ 74.66753, 34.0204 ], [ 74.66724, 34.02207 ], [ 74.66608, 34.02423 ], [ 74.66607, 34.02519 ], [ 74.66521, 34.02615 ], [ 74.6652, 34.02855 ], [ 74.66548, 34.02879 ], [ 74.66635, 34.02831 ], [ 74.66693, 34.02855 ], [ 74.66462, 34.0295 ], [ 74.66403, 34.0331 ], [ 74.66316, 34.03382 ], [ 74.66373, 34.03598 ], [ 74.66286, 34.0355 ], [ 74.66287, 34.03478 ], [ 74.66229, 34.03478 ], [ 74.66055, 34.03669 ], [ 74.66083, 34.03957 ], [ 74.66025, 34.04005 ], [ 74.66083, 34.04053 ], [ 74.66054, 34.04077 ], [ 74.66082, 34.04221 ], [ 74.66139, 34.04317 ], [ 74.66255, 34.04317 ], [ 74.66227, 34.03933 ], [ 74.66285, 34.03934 ], [ 74.66312, 34.04269 ], [ 74.6637, 34.04318 ], [ 74.66341, 34.0439 ], [ 74.66427, 34.0439 ], [ 74.66484, 34.04486 ], [ 74.66542, 34.04438 ], [ 74.66543, 34.04318 ], [ 74.66601, 34.04294 ], [ 74.66571, 34.04462 ], [ 74.66628, 34.0451 ], [ 74.66628, 34.04582 ], [ 74.66599, 34.04558 ], [ 74.66542, 34.04582 ], [ 74.66569, 34.04942 ], [ 74.66627, 34.05014 ], [ 74.66799, 34.05038 ] ] ] } },
{ "type": "Feature", "properties": { "terrace_id": 11, "area_km2": 4.456, "scarp_frac": 0.52, "strict_ha": 0.0, "drop_ha": 15.39 }, "geometry": { "type": "Polygon", "coordinates": [ [ [ 74.61813, 34.05072 ], [ 74.61871, 34.04976 ], [ 74.61958, 34.04976 ], [ 74.61929, 34.04928 ], [ 74.61843, 34.04928 ], [ 74.61785, 34.04856 ], [ 74.61786, 34.04784 ], [ 74.61872, 34.04688 ], [ 74.617, 34.0464 ], [ 74.61671, 34.0452 ], [ 74.61729, 34.04472 ], [ 74.61701, 34.04424 ], [ 74.61557, 34.04423 ], [ 74.61384, 34.04327 ], [ 74.61442, 34.04231 ], [ 74.615, 34.04231 ], [ 74.615, 34.04159 ], [ 74.61386, 34.03967 ], [ 74.61588, 34.03968 ], [ 74.61616, 34.04016 ], [ 74.61703, 34.04016 ], [ 74.6176, 34.04064 ], [ 74.61731, 34.04208 ], [ 74.61875, 34.04233 ], [ 74.61961, 34.04305 ], [ 74.62076, 34.04257 ], [ 74.62076, 34.04209 ], [ 74.62163, 34.04233 ], [ 74.62249, 34.04354 ], [ 74.62248, 34.04498 ], [ 74.62277, 34.04474 ], [ 74.62363, 34.04498 ], [ 74.62449, 34.04642 ], [ 74.62535, 34.0469 ], [ 74.62593, 34.04667 ], [ 74.62594, 34.04499 ], [ 74.62767, 34.04427 ], [ 74.6271, 34.04355 ], [ 74.6271, 34.04259 ], [ 74.62537, 34.04283 ], [ 74.62307, 34.0421 ], [ 74.62192, 34.04114 ], [ 74.62048, 34.04137 ], [ 74.6199, 34.04089 ], [ 74.61846, 34.04089 ], [ 74.61847, 34.03993 ], [ 74.61905, 34.03897 ], [ 74.6179, 34.038 ], [ 74.6179, 34.03728 ], [ 74.61819, 34.03729 ], [ 74.61791, 34.03609 ], [ 74.61762, 34.03584 ], [ 74.61704, 34.03608 ], [ 74.61647, 34.03536 ], [ 74.61676, 34.0344 ], [ 74.61763, 34.03393 ], [ 74.61735, 34.03248 ], [ 74.61677, 34.03224 ], [ 74.61764, 34.03177 ], [ 74.61706, 34.03176 ], [ 74.61678, 34.03128 ], [ 74.61822, 34.03153 ], [ 74.61821, 34.03225 ], [ 74.61764, 34.03225 ], [ 74.61792, 34.03441 ], [ 74.61849, 34.03417 ], [ 74.6182, 34.03609 ], [ 74.61934, 34.03753 ], [ 74.61992, 34.03753 ], [ 74.62021, 34.03681 ], [ 74.62107, 34.03705 ], [ 74.62136, 34.03658 ], [ 74.62051, 34.03489 ], [ 74.61936, 34.03393 ], [ 74.61965, 34.03321 ], [ 74.62051, 34.03321 ], [ 74.62166, 34.03442 ], [ 74.6231, 34.03442 ], [ 74.62369, 34.03298 ], [ 74.62455, 34.03275 ], [ 74.62455, 34.03203 ], [ 74.62254, 34.03058 ], [ 74.62283, 34.0301 ], [ 74.62255, 34.02986 ], [ 74.62168, 34.0301 ], [ 74.62169, 34.0289 ], [ 74.62054, 34.02866 ], [ 74.62054, 34.02818 ], [ 74.62111, 34.02794 ], [ 74.62112, 34.02698 ], [ 74.62055, 34.02602 ], [ 74.62112, 34.02602 ], [ 74.62169, 34.0277 ], [ 74.62284, 34.02794 ], [ 74.62284, 34.0289 ], [ 74.62341, 34.02986 ], [ 74.62399, 34.02987 ], [ 74.62427, 34.03035 ], [ 74.62514, 34.03035 ], [ 74.62542, 34.03083 ], [ 74.62658, 34.03059 ], [ 74.62657, 34.03131 ], [ 74.62686, 34.03131 ], [ 74.62745, 34.02964 ], [ 74.62802, 34.02964 ], [ 74.62773, 34.03084 ], [ 74.62859, 34.03132 ], [ 74.62917, 34.03036 ], [ 74.62918, 34.0294 ], [ 74.6286, 34.02892 ], [ 74.62745, 34.02892 ], [ 74.62746, 34.02748 ], [ 74.62631, 34.02675 ], [ 74.62631, 34.02532 ], [ 74.62574, 34.02459 ], [ 74.62574, 34.02339 ], [ 74.62632, 34.02364 ], [ 74.62661, 34.02316 ], [ 74.62633, 34.02196 ], [ 74.62691, 34.02148 ], [ 74.6269, 34.02364 ], [ 74.62718, 34.02364 ], [ 74.62746, 34.02532 ], [ 74.62804, 34.02556 ], [ 74.62804, 34.02628 ], [ 74.62861, 34.02628 ], [ 74.62947, 34.027 ], [ 74.62947, 34.02772 ], [ 74.62976, 34.02725 ], [ 74.63092, 34.02701 ], [ 74.63091, 34.02749 ], [ 74.63005, 34.02797 ], [ 74.63004, 34.02845 ], [ 74.63062, 34.02869 ], [ 74.63061, 34.03037 ], [ 74.63119, 34.03085 ], [ 74.63234, 34.03085 ], [ 74.63263, 34.03037 ], [ 74.63321, 34.03037 ], [ 74.63464, 34.0311 ], [ 74.63465, 34.03038 ], [ 74.63522, 34.0299 ], [ 74.63523, 34.02942 ], [ 74.63465, 34.02942 ], [ 74.63465, 34.02894 ], [ 74.6335, 34.02822 ], [ 74.63322, 34.0275 ], [ 74.63235, 34.02725 ], [ 74.63178, 34.02653 ], [ 74.63092, 34.02653 ], [ 74.63035, 34.02533 ], [ 74.6292, 34.02484 ], [ 74.62921, 34.02173 ], [ 74.62835, 34.02172 ], [ 74.62835, 34.021 ], [ 74.62893, 34.02029 ], [ 74.62893, 34.01957 ], [ 74.62836, 34.01932 ], [ 74.62836, 34.01716 ], [ 74.62808, 34.01716 ], [ 74.62837, 34.01525 ], [ 74.62924, 34.01477 ], [ 74.62953, 34.01357 ], [ 74.6304, 34.01285 ], [ 74.63041, 34.01069 ], [ 74.62984, 34.01021 ], [ 74.63014, 34.00757 ], [ 74.62927, 34.00685 ], [ 74.6287, 34.00709 ], [ 74.62813, 34.00493 ], [ 74.62727, 34.00493 ], [ 74.62727, 34.00349 ], [ 74.62785, 34.00397 ], [ 74.62842, 34.00373 ], [ 74.62814, 34.00205 ], [ 74.62699, 34.00133 ], [ 74.62671, 34.00061 ], [ 74.62642, 34.00061 ], [ 74.62642, 34.00133 ], [ 74.62584, 34.00132 ], [ 74.62499, 33.9994 ], [ 74.62441, 33.9994 ], [ 74.62441, 34.00012 ], [ 74.62383, 34.00012 ], [ 74.62297, 33.99916 ], [ 74.62211, 33.99915 ], [ 74.6221, 33.99987 ], [ 74.62296, 34.0006 ], [ 74.62353, 34.00252 ], [ 74.62439, 34.00276 ], [ 74.62469, 34.0018 ], [ 74.62555, 34.00252 ], [ 74.62526, 34.00348 ], [ 74.62497, 34.003 ], [ 74.6241, 34.00324 ], [ 74.62439, 34.00492 ], [ 74.62553, 34.00612 ], [ 74.62553, 34.0066 ], [ 74.62668, 34.00708 ], [ 74.62581, 34.00876 ], [ 74.6258, 34.0102 ], [ 74.62464, 34.01212 ], [ 74.62233, 34.01427 ], [ 74.62117, 34.0145 ], [ 74.62117, 34.01498 ], [ 74.62204, 34.01523 ], [ 74.62261, 34.01595 ], [ 74.6226, 34.01715 ], [ 74.62433, 34.01859 ], [ 74.62289, 34.01835 ], [ 74.62289, 34.01787 ], [ 74.62203, 34.01739 ], [ 74.62174, 34.01619 ], [ 74.62059, 34.01594 ], [ 74.61828, 34.01761 ], [ 74.61828, 34.01809 ], [ 74.61568, 34.01881 ], [ 74.61539, 34.01976 ], [ 74.61481, 34.02 ], [ 74.61509, 34.0224 ], [ 74.61422, 34.02384 ], [ 74.61479, 34.02504 ], [ 74.61364, 34.02432 ], [ 74.61364, 34.0236 ], [ 74.61277, 34.02503 ], [ 74.61363, 34.02528 ], [ 74.6142, 34.02768 ], [ 74.61535, 34.02888 ], [ 74.61535, 34.02936 ], [ 74.61592, 34.0296 ], [ 74.61649, 34.03104 ], [ 74.61506, 34.0296 ], [ 74.61477, 34.0296 ], [ 74.61476, 34.03032 ], [ 74.61419, 34.03032 ], [ 74.61419, 34.02936 ], [ 74.61304, 34.02887 ], [ 74.61247, 34.02695 ], [ 74.6119, 34.02671 ], [ 74.61132, 34.02719 ], [ 74.61131, 34.02983 ], [ 74.61188, 34.03055 ], [ 74.61188, 34.03199 ], [ 74.61331, 34.03319 ], [ 74.61158, 34.03295 ], [ 74.61158, 34.03367 ], [ 74.61215, 34.03439 ], [ 74.61215, 34.03559 ], [ 74.61272, 34.03631 ], [ 74.61271, 34.03775 ], [ 74.61328, 34.03895 ], [ 74.61213, 34.03943 ], [ 74.61183, 34.04206 ], [ 74.61096, 34.04254 ], [ 74.61009, 34.0447 ], [ 74.60864, 34.04565 ], [ 74.60777, 34.04733 ], [ 74.60805, 34.04877 ], [ 74.61093, 34.04926 ], [ 74.61151, 34.04998 ], [ 74.61295, 34.04998 ], [ 74.61295, 34.04926 ], [ 74.61238, 34.04878 ], [ 74.61324, 34.04879 ], [ 74.61325, 34.04759 ], [ 74.61353, 34.04807 ], [ 74.6144, 34.04759 ], [ 74.61554, 34.04951 ], [ 74.61698, 34.04976 ], [ 74.61727, 34.05048 ], [ 74.61813, 34.05072 ] ] ] } },
{ "type": "Feature", "properties": { "terrace_id": 12, "area_km2": 4.142, "scarp_frac": 0.5, "strict_ha": 0.0, "drop_ha": 0.36 }, "geometry": { "type": "Polygon", "coordinates": [ [ [ 74.72872, 33.98552 ], [ 74.72873, 33.9848 ], [ 74.72901, 33.98504 ], [ 74.72959, 33.9848 ], [ 74.72902, 33.98432 ], [ 74.72902, 33.98312 ], [ 74.72787, 33.98336 ], [ 74.72701, 33.98288 ], [ 74.72701, 33.9824 ], [ 74.72557, 33.98143 ], [ 74.72557, 33.98047 ], [ 74.725, 33.97951 ], [ 74.72586, 33.98 ], [ 74.72615, 33.9812 ], [ 74.72758, 33.98216 ], [ 74.72758, 33.98264 ], [ 74.7296, 33.98288 ], [ 74.72932, 33.98072 ], [ 74.7296, 33.98072 ], [ 74.7299, 33.97928 ], [ 74.72702, 33.97856 ], [ 74.72644, 33.97808 ], [ 74.72645, 33.97784 ], [ 74.72731, 33.97784 ], [ 74.72645, 33.97712 ], [ 74.72645, 33.97664 ], [ 74.72702, 33.97688 ], [ 74.72703, 33.97616 ], [ 74.72588, 33.97496 ], [ 74.72415, 33.97423 ], [ 74.72416, 33.97351 ], [ 74.72358, 33.97303 ], [ 74.72301, 33.97303 ], [ 74.72272, 33.97255 ], [ 74.72243, 33.97279 ], [ 74.72042, 33.97255 ], [ 74.72013, 33.97183 ], [ 74.71869, 33.97134 ], [ 74.71812, 33.97062 ], [ 74.71927, 33.97086 ], [ 74.71984, 33.97159 ], [ 74.72099, 33.97207 ], [ 74.72129, 33.97015 ], [ 74.72014, 33.96895 ], [ 74.72043, 33.96847 ], [ 74.721, 33.96847 ], [ 74.72129, 33.96919 ], [ 74.72187, 33.96943 ], [ 74.72215, 33.97183 ], [ 74.72445, 33.97112 ], [ 74.72646, 33.97376 ], [ 74.72732, 33.974 ], [ 74.72761, 33.97352 ], [ 74.72905, 33.97496 ], [ 74.72904, 33.97544 ], [ 74.7302, 33.97569 ], [ 74.73134, 33.97713 ], [ 74.73278, 33.97713 ], [ 74.73307, 33.97665 ], [ 74.73221, 33.97617 ], [ 74.7325, 33.97569 ], [ 74.73221, 33.97545 ], [ 74.73164, 33.97569 ], [ 74.73164, 33.97521 ], [ 74.7302, 33.97401 ], [ 74.73021, 33.97281 ], [ 74.73078, 33.97257 ], [ 74.73078, 33.97377 ], [ 74.73164, 33.97425 ], [ 74.73164, 33.97353 ], [ 74.73193, 33.97353 ], [ 74.73279, 33.97449 ], [ 74.73279, 33.97545 ], [ 74.73452, 33.9757 ], [ 74.73537, 33.97714 ], [ 74.73681, 33.97786 ], [ 74.73681, 33.98026 ], [ 74.73738, 33.98122 ], [ 74.73795, 33.98122 ], [ 74.73853, 33.98194 ], [ 74.7391, 33.98194 ], [ 74.73997, 33.98267 ], [ 74.74055, 33.98123 ], [ 74.73997, 33.98075 ], [ 74.73997, 33.98003 ], [ 74.73882, 33.97954 ], [ 74.73883, 33.97858 ], [ 74.73796, 33.97786 ], [ 74.73797, 33.97714 ], [ 74.73739, 33.97714 ], [ 74.73682, 33.97594 ], [ 74.73251, 33.97257 ], [ 74.73223, 33.97137 ], [ 74.73079, 33.97113 ], [ 74.72992, 33.97041 ], [ 74.73021, 33.96993 ], [ 74.73107, 33.97089 ], [ 74.73424, 33.97162 ], [ 74.7351, 33.97306 ], [ 74.73568, 33.97306 ], [ 74.73596, 33.97354 ], [ 74.73683, 33.97354 ], [ 74.73683, 33.97282 ], [ 74.73625, 33.97234 ], [ 74.73712, 33.97258 ], [ 74.73712, 33.97186 ], [ 74.73856, 33.97235 ], [ 74.73856, 33.97163 ], [ 74.73885, 33.97163 ], [ 74.73856, 33.97067 ], [ 74.73798, 33.97115 ], [ 74.73683, 33.97114 ], [ 74.73655, 33.9709 ], [ 74.73684, 33.97042 ], [ 74.73568, 33.97042 ], [ 74.73598, 33.96922 ], [ 74.73713, 33.96946 ], [ 74.73857, 33.96827 ], [ 74.73771, 33.96635 ], [ 74.73627, 33.96586 ], [ 74.73599, 33.96538 ], [ 74.73397, 33.9649 ], [ 74.73369, 33.96442 ], [ 74.73225, 33.96394 ], [ 74.73139, 33.96297 ], [ 74.7288, 33.96273 ], [ 74.72707, 33.96153 ], [ 74.72621, 33.96152 ], [ 74.72621, 33.96176 ], [ 74.72506, 33.96152 ], [ 74.72391, 33.96032 ], [ 74.72305, 33.96032 ], [ 74.72219, 33.95936 ], [ 74.72161, 33.95935 ], [ 74.72017, 33.95815 ], [ 74.71759, 33.95767 ], [ 74.71672, 33.95694 ], [ 74.71586, 33.95694 ], [ 74.71529, 33.95646 ], [ 74.7127, 33.95621 ], [ 74.71126, 33.95525 ], [ 74.71068, 33.95549 ], [ 74.71068, 33.95645 ], [ 74.70924, 33.95597 ], [ 74.70924, 33.95669 ], [ 74.70895, 33.95669 ], [ 74.70895, 33.95597 ], [ 74.70867, 33.95597 ], [ 74.70809, 33.95692 ], [ 74.70808, 33.95788 ], [ 74.70895, 33.95837 ], [ 74.70952, 33.95933 ], [ 74.7098, 33.96125 ], [ 74.71095, 33.96245 ], [ 74.71094, 33.96389 ], [ 74.71152, 33.96485 ], [ 74.71151, 33.96773 ], [ 74.71294, 33.96797 ], [ 74.71323, 33.96845 ], [ 74.71409, 33.96869 ], [ 74.71438, 33.96941 ], [ 74.71639, 33.97014 ], [ 74.71725, 33.9711 ], [ 74.71783, 33.9711 ], [ 74.71783, 33.97182 ], [ 74.71754, 33.97158 ], [ 74.71696, 33.97182 ], [ 74.71754, 33.97254 ], [ 74.71667, 33.97254 ], [ 74.71667, 33.97326 ], [ 74.71782, 33.97494 ], [ 74.72069, 33.97663 ], [ 74.72098, 33.97759 ], [ 74.71982, 33.9783 ], [ 74.72097, 33.97878 ], [ 74.72269, 33.98167 ], [ 74.72413, 33.98191 ], [ 74.72556, 33.98359 ], [ 74.72671, 33.98384 ], [ 74.72786, 33.98528 ], [ 74.72844, 33.98504 ], [ 74.72872, 33.98552 ] ] ] } },
{ "type": "Feature", "properties": { "terrace_id": 13, "area_km2": 3.326, "scarp_frac": 0.41, "strict_ha": 0.0, "drop_ha": 1.62 }, "geometry": { "type": "Polygon", "coordinates": [ [ [ 74.74471, 33.93637 ], [ 74.745, 33.93493 ], [ 74.74529, 33.93493 ], [ 74.74529, 33.93445 ], [ 74.74472, 33.93445 ], [ 74.74472, 33.93325 ], [ 74.74357, 33.93301 ], [ 74.743, 33.93157 ], [ 74.74214, 33.93109 ], [ 74.74156, 33.93013 ], [ 74.74041, 33.92965 ], [ 74.74042, 33.92917 ], [ 74.743, 33.93013 ], [ 74.74329, 33.93109 ], [ 74.74415, 33.93157 ], [ 74.74472, 33.93277 ], [ 74.74559, 33.93254 ], [ 74.7453, 33.93086 ], [ 74.74617, 33.93086 ], [ 74.74617, 33.9299 ], [ 74.74531, 33.92918 ], [ 74.74531, 33.9287 ], [ 74.74359, 33.92749 ], [ 74.74359, 33.92677 ], [ 74.74244, 33.92581 ], [ 74.74273, 33.92533 ], [ 74.74129, 33.92413 ], [ 74.74101, 33.92317 ], [ 74.73986, 33.92245 ], [ 74.73842, 33.92221 ], [ 74.73785, 33.92148 ], [ 74.73699, 33.92148 ], [ 74.73526, 33.92076 ], [ 74.73239, 33.91835 ], [ 74.73211, 33.91715 ], [ 74.73125, 33.91643 ], [ 74.73067, 33.91667 ], [ 74.73124, 33.91859 ], [ 74.73066, 33.91859 ], [ 74.72952, 33.91667 ], [ 74.72981, 33.91619 ], [ 74.72952, 33.91499 ], [ 74.72752, 33.9133 ], [ 74.7258, 33.91042 ], [ 74.72465, 33.91018 ], [ 74.72465, 33.9097 ], [ 74.72264, 33.90826 ], [ 74.72178, 33.90681 ], [ 74.72121, 33.90681 ], [ 74.72063, 33.90609 ], [ 74.71948, 33.90681 ], [ 74.72006, 33.90585 ], [ 74.71862, 33.90537 ], [ 74.71747, 33.90441 ], [ 74.7169, 33.9044 ], [ 74.71633, 33.9032 ], [ 74.71431, 33.9032 ], [ 74.71431, 33.90344 ], [ 74.7123, 33.90319 ], [ 74.7123, 33.90391 ], [ 74.71172, 33.90391 ], [ 74.712, 33.90511 ], [ 74.71287, 33.90559 ], [ 74.71315, 33.90631 ], [ 74.71401, 33.90656 ], [ 74.7143, 33.90824 ], [ 74.71545, 33.908 ], [ 74.71487, 33.90896 ], [ 74.71573, 33.90944 ], [ 74.71573, 33.91016 ], [ 74.71602, 33.90992 ], [ 74.71688, 33.91016 ], [ 74.71745, 33.91208 ], [ 74.71802, 33.91232 ], [ 74.71773, 33.91328 ], [ 74.71859, 33.91376 ], [ 74.71974, 33.91593 ], [ 74.72089, 33.91665 ], [ 74.72059, 33.91785 ], [ 74.72002, 33.91761 ], [ 74.71973, 33.91665 ], [ 74.71887, 33.9164 ], [ 74.71887, 33.91712 ], [ 74.7183, 33.91688 ], [ 74.71887, 33.91808 ], [ 74.71772, 33.91712 ], [ 74.71714, 33.91712 ], [ 74.71628, 33.9176 ], [ 74.71599, 33.91856 ], [ 74.71541, 33.9188 ], [ 74.71484, 33.91855 ], [ 74.71512, 33.92095 ], [ 74.71598, 33.92144 ], [ 74.71598, 33.92072 ], [ 74.71684, 33.92072 ], [ 74.71655, 33.92216 ], [ 74.71712, 33.92312 ], [ 74.71798, 33.92384 ], [ 74.71856, 33.92384 ], [ 74.71827, 33.92336 ], [ 74.71943, 33.92336 ], [ 74.71942, 33.9236 ], [ 74.72086, 33.92337 ], [ 74.72086, 33.92385 ], [ 74.72144, 33.92385 ], [ 74.72172, 33.92433 ], [ 74.72259, 33.92433 ], [ 74.72259, 33.92361 ], [ 74.72317, 33.92337 ], [ 74.72317, 33.92361 ], [ 74.72403, 33.92361 ], [ 74.72489, 33.92433 ], [ 74.72489, 33.92481 ], [ 74.72575, 33.92482 ], [ 74.72604, 33.9253 ], [ 74.72661, 33.9253 ], [ 74.72719, 33.92458 ], [ 74.72921, 33.9241 ], [ 74.73007, 33.92339 ], [ 74.73094, 33.92339 ], [ 74.73123, 33.92291 ], [ 74.73266, 33.92315 ], [ 74.73381, 33.92435 ], [ 74.73439, 33.92412 ], [ 74.73467, 33.92508 ], [ 74.73525, 33.92532 ], [ 74.73553, 33.92652 ], [ 74.73495, 33.92724 ], [ 74.73524, 33.92772 ], [ 74.73495, 33.92892 ], [ 74.73524, 33.92916 ], [ 74.73581, 33.92892 ], [ 74.73581, 33.9294 ], [ 74.73868, 33.9318 ], [ 74.73926, 33.9318 ], [ 74.74012, 33.933 ], [ 74.74127, 33.93325 ], [ 74.74213, 33.93469 ], [ 74.74328, 33.93541 ], [ 74.74299, 33.93589 ], [ 74.74385, 33.93589 ], [ 74.74471, 33.93637 ] ] ] } },
{ "type": "Feature", "properties": { "terrace_id": 14, "area_km2": 3.055, "scarp_frac": 0.59, "strict_ha": 0.0, "drop_ha": 0.81 }, "geometry": { "type": "Polygon", "coordinates": [ [ [ 75.13049, 33.80006 ], [ 75.12934, 33.80054 ], [ 75.12761, 33.80054 ], [ 75.12761, 33.8003 ], [ 75.12589, 33.8003 ], [ 75.12589, 33.80006 ], [ 75.12531, 33.8003 ], [ 75.12531, 33.8015 ], [ 75.1256, 33.8015 ], [ 75.12532, 33.80462 ], [ 75.12589, 33.80486 ], [ 75.12676, 33.80414 ], [ 75.12647, 33.80486 ], [ 75.12704, 33.8051 ], [ 75.12704, 33.80558 ], [ 75.12647, 33.80582 ], [ 75.12647, 33.8063 ], [ 75.12532, 33.80678 ], [ 75.12331, 33.80678 ], [ 75.12187, 33.8075 ], [ 75.12188, 33.8087 ], [ 75.12102, 33.8099 ], [ 75.12102, 33.81086 ], [ 75.11872, 33.81279 ], [ 75.11901, 33.81375 ], [ 75.11757, 33.81447 ], [ 75.11757, 33.81495 ], [ 75.11671, 33.81543 ], [ 75.117, 33.81591 ], [ 75.11844, 33.81591 ], [ 75.11844, 33.81567 ], [ 75.12304, 33.8159 ], [ 75.12361, 33.81518 ], [ 75.12418, 33.81518 ], [ 75.12418, 33.8147 ], [ 75.12332, 33.8147 ], [ 75.12275, 33.81422 ], [ 75.12246, 33.81326 ], [ 75.12361, 33.8135 ], [ 75.12361, 33.81278 ], [ 75.12418, 33.81302 ], [ 75.12418, 33.81134 ], [ 75.12504, 33.81182 ], [ 75.12533, 33.81062 ], [ 75.12562, 33.81062 ], [ 75.12591, 33.8123 ], [ 75.12964, 33.81277 ], [ 75.12964, 33.81301 ], [ 75.13079, 33.81277 ], [ 75.13108, 33.81229 ], [ 75.13223, 33.81229 ], [ 75.13482, 33.81325 ], [ 75.13568, 33.81181 ], [ 75.13769, 33.81085 ], [ 75.13769, 33.80965 ], [ 75.13797, 33.80965 ], [ 75.13768, 33.80797 ], [ 75.13854, 33.80725 ], [ 75.13854, 33.80677 ], [ 75.1417, 33.80676 ], [ 75.14228, 33.807 ], [ 75.14228, 33.80748 ], [ 75.14285, 33.80748 ], [ 75.144, 33.80652 ], [ 75.144, 33.807 ], [ 75.14343, 33.80724 ], [ 75.14343, 33.80796 ], [ 75.14401, 33.80844 ], [ 75.1443, 33.80988 ], [ 75.14487, 33.8106 ], [ 75.14459, 33.81276 ], [ 75.14631, 33.81348 ], [ 75.14747, 33.81443 ], [ 75.14833, 33.81443 ], [ 75.14919, 33.81395 ], [ 75.14804, 33.81347 ], [ 75.14804, 33.81251 ], [ 75.14746, 33.81204 ], [ 75.14746, 33.81012 ], [ 75.14803, 33.80892 ], [ 75.14774, 33.80844 ], [ 75.1486, 33.80796 ], [ 75.1486, 33.80748 ], [ 75.14946, 33.80675 ], [ 75.15, 33.80675 ], [ 75.15, 33.8 ], [ 75.13508, 33.80004 ], [ 75.13451, 33.80029 ], [ 75.13049, 33.80006 ] ] ] } },
{ "type": "Feature", "properties": { "terrace_id": 15, "area_km2": 2.835, "scarp_frac": 0.55, "strict_ha": 1.53, "drop_ha": 5.4 }, "geometry": { "type": "Polygon", "coordinates": [ [ [ 74.71995, 34.02676 ], [ 74.72024, 34.02509 ], [ 74.71938, 34.02412 ], [ 74.7191, 34.0222 ], [ 74.71796, 34.0198 ], [ 74.71825, 34.01932 ], [ 74.71796, 34.0174 ], [ 74.71883, 34.01693 ], [ 74.71883, 34.01645 ], [ 74.71768, 34.01572 ], [ 74.71768, 34.01524 ], [ 74.71682, 34.01452 ], [ 74.71509, 34.01404 ], [ 74.71423, 34.01332 ], [ 74.71453, 34.01164 ], [ 74.71193, 34.01139 ], [ 74.71078, 34.01235 ], [ 74.70646, 34.0121 ], [ 74.70617, 34.01114 ], [ 74.70445, 34.00993 ], [ 74.70445, 34.00969 ], [ 74.70531, 34.0097 ], [ 74.70445, 34.00897 ], [ 74.7056, 34.00922 ], [ 74.70589, 34.0097 ], [ 74.70647, 34.00946 ], [ 74.70618, 34.00778 ], [ 74.70504, 34.00658 ], [ 74.70447, 34.0049 ], [ 74.70418, 34.00466 ], [ 74.70015, 34.00489 ], [ 74.69957, 34.0044 ], [ 74.69871, 34.0044 ], [ 74.6987, 34.00536 ], [ 74.69928, 34.0056 ], [ 74.69841, 34.0056 ], [ 74.69841, 34.00656 ], [ 74.69783, 34.00704 ], [ 74.69754, 34.00848 ], [ 74.69638, 34.00943 ], [ 74.6935, 34.01015 ], [ 74.69379, 34.01039 ], [ 74.6935, 34.01111 ], [ 74.69205, 34.01206 ], [ 74.69176, 34.01278 ], [ 74.69119, 34.01278 ], [ 74.69147, 34.01542 ], [ 74.69118, 34.01542 ], [ 74.69088, 34.0183 ], [ 74.69174, 34.01902 ], [ 74.69318, 34.01902 ], [ 74.69375, 34.02022 ], [ 74.6949, 34.02071 ], [ 74.69779, 34.02047 ], [ 74.69836, 34.02119 ], [ 74.69951, 34.02144 ], [ 74.69951, 34.02216 ], [ 74.70008, 34.02216 ], [ 74.70009, 34.02144 ], [ 74.70153, 34.0212 ], [ 74.70181, 34.02216 ], [ 74.70268, 34.02264 ], [ 74.70267, 34.02336 ], [ 74.70296, 34.02289 ], [ 74.70498, 34.02289 ], [ 74.70613, 34.02385 ], [ 74.70699, 34.02385 ], [ 74.70699, 34.02361 ], [ 74.70757, 34.02386 ], [ 74.70786, 34.02362 ], [ 74.70729, 34.0229 ], [ 74.70758, 34.02194 ], [ 74.70441, 34.02097 ], [ 74.70413, 34.02001 ], [ 74.7047, 34.02001 ], [ 74.7047, 34.01929 ], [ 74.70528, 34.01881 ], [ 74.70643, 34.01882 ], [ 74.70644, 34.01762 ], [ 74.70557, 34.01761 ], [ 74.70644, 34.01666 ], [ 74.70645, 34.0157 ], [ 74.70558, 34.01545 ], [ 74.7053, 34.01473 ], [ 74.70616, 34.01474 ], [ 74.70588, 34.01378 ], [ 74.70674, 34.01378 ], [ 74.70732, 34.01354 ], [ 74.70732, 34.01306 ], [ 74.7079, 34.01306 ], [ 74.70874, 34.01786 ], [ 74.7096, 34.01954 ], [ 74.71076, 34.01907 ], [ 74.71075, 34.01979 ], [ 74.71133, 34.02003 ], [ 74.71191, 34.01955 ], [ 74.71162, 34.01907 ], [ 74.71248, 34.01907 ], [ 74.71277, 34.01979 ], [ 74.71335, 34.01979 ], [ 74.71364, 34.01763 ], [ 74.71451, 34.01763 ], [ 74.71508, 34.0186 ], [ 74.71537, 34.0186 ], [ 74.71537, 34.01788 ], [ 74.71623, 34.01764 ], [ 74.71679, 34.02244 ], [ 74.71737, 34.02268 ], [ 74.71765, 34.02412 ], [ 74.71794, 34.02412 ], [ 74.71793, 34.02652 ], [ 74.71995, 34.02676 ] ] ] } },
{ "type": "Feature", "properties": { "terrace_id": 16, "area_km2": 2.823, "scarp_frac": 0.49, "strict_ha": 0.0, "drop_ha": 0.0 }, "geometry": { "type": "Polygon", "coordinates": [ [ [ 74.85329, 33.89888 ], [ 74.85386, 33.89817 ], [ 74.85271, 33.89792 ], [ 74.85272, 33.89744 ], [ 74.85185, 33.89672 ], [ 74.8507, 33.89672 ], [ 74.85013, 33.89624 ], [ 74.85042, 33.89504 ], [ 74.85128, 33.89408 ], [ 74.84841, 33.89336 ], [ 74.84841, 33.89264 ], [ 74.84639, 33.89288 ], [ 74.84582, 33.89024 ], [ 74.84525, 33.88976 ], [ 74.84381, 33.88928 ], [ 74.84237, 33.88927 ], [ 74.8418, 33.88975 ], [ 74.84122, 33.88927 ], [ 74.83978, 33.88927 ], [ 74.83863, 33.88879 ], [ 74.83863, 33.88855 ], [ 74.84151, 33.88831 ], [ 74.8418, 33.88783 ], [ 74.84122, 33.88783 ], [ 74.84008, 33.88639 ], [ 74.83864, 33.88615 ], [ 74.83749, 33.88519 ], [ 74.83606, 33.88255 ], [ 74.83548, 33.88231 ], [ 74.8352, 33.88111 ], [ 74.83462, 33.88087 ], [ 74.83434, 33.87967 ], [ 74.8329, 33.87919 ], [ 74.83204, 33.87775 ], [ 74.8306, 33.87678 ], [ 74.83061, 33.87534 ], [ 74.82974, 33.87462 ], [ 74.82975, 33.87414 ], [ 74.82946, 33.8739 ], [ 74.82744, 33.87414 ], [ 74.82687, 33.87366 ], [ 74.82687, 33.87318 ], [ 74.82745, 33.87294 ], [ 74.82716, 33.87222 ], [ 74.82544, 33.87102 ], [ 74.82544, 33.87054 ], [ 74.82486, 33.87054 ], [ 74.82458, 33.87078 ], [ 74.82485, 33.87462 ], [ 74.82457, 33.87462 ], [ 74.82427, 33.87701 ], [ 74.82341, 33.87845 ], [ 74.82341, 33.87989 ], [ 74.82312, 33.87989 ], [ 74.82312, 33.88085 ], [ 74.8234, 33.88085 ], [ 74.82311, 33.88397 ], [ 74.82282, 33.88397 ], [ 74.82311, 33.88541 ], [ 74.82138, 33.88757 ], [ 74.82224, 33.88829 ], [ 74.82511, 33.88829 ], [ 74.8277, 33.88925 ], [ 74.82857, 33.88854 ], [ 74.82857, 33.88806 ], [ 74.82799, 33.88782 ], [ 74.82771, 33.88614 ], [ 74.82685, 33.88541 ], [ 74.828, 33.88566 ], [ 74.828, 33.88494 ], [ 74.82857, 33.88446 ], [ 74.83001, 33.88422 ], [ 74.83001, 33.88494 ], [ 74.82915, 33.88518 ], [ 74.82886, 33.8859 ], [ 74.82915, 33.88614 ], [ 74.82972, 33.8859 ], [ 74.82972, 33.88662 ], [ 74.83058, 33.88734 ], [ 74.83058, 33.88902 ], [ 74.83115, 33.88998 ], [ 74.83173, 33.88998 ], [ 74.83172, 33.89214 ], [ 74.83402, 33.89454 ], [ 74.8346, 33.89406 ], [ 74.83546, 33.89406 ], [ 74.83546, 33.89358 ], [ 74.83719, 33.89359 ], [ 74.83747, 33.89431 ], [ 74.83891, 33.89503 ], [ 74.84092, 33.89503 ], [ 74.84092, 33.89479 ], [ 74.84409, 33.89503 ], [ 74.84466, 33.89551 ], [ 74.84466, 33.89671 ], [ 74.84524, 33.89696 ], [ 74.84725, 33.89768 ], [ 74.84955, 33.89768 ], [ 74.84955, 33.8984 ], [ 74.8507, 33.89816 ], [ 74.85185, 33.89888 ], [ 74.85329, 33.89888 ] ] ] } },
{ "type": "Feature", "properties": { "terrace_id": 17, "area_km2": 2.271, "scarp_frac": 0.35, "strict_ha": 1.08, "drop_ha": 10.53 }, "geometry": { "type": "Polygon", "coordinates": [ [ [ 74.68041, 34.04298 ], [ 74.68042, 34.04226 ], [ 74.681, 34.04154 ], [ 74.68013, 34.04154 ], [ 74.68014, 34.04058 ], [ 74.67899, 34.03962 ], [ 74.67783, 34.03938 ], [ 74.67784, 34.03842 ], [ 74.67871, 34.0377 ], [ 74.67957, 34.0377 ], [ 74.67985, 34.03866 ], [ 74.68129, 34.0389 ], [ 74.68158, 34.03963 ], [ 74.68216, 34.03939 ], [ 74.68273, 34.04035 ], [ 74.68331, 34.04035 ], [ 74.68446, 34.04131 ], [ 74.68416, 34.04251 ], [ 74.68503, 34.04251 ], [ 74.68561, 34.04203 ], [ 74.6859, 34.04036 ], [ 74.68561, 34.03988 ], [ 74.68417, 34.03963 ], [ 74.68389, 34.03843 ], [ 74.68562, 34.03724 ], [ 74.6862, 34.03724 ], [ 74.68562, 34.03844 ], [ 74.68763, 34.03892 ], [ 74.6882, 34.0406 ], [ 74.68878, 34.0406 ], [ 74.68878, 34.03988 ], [ 74.68936, 34.03989 ], [ 74.68936, 34.03917 ], [ 74.69051, 34.03917 ], [ 74.69051, 34.03965 ], [ 74.69109, 34.03965 ], [ 74.69138, 34.04013 ], [ 74.69311, 34.03989 ], [ 74.69311, 34.03917 ], [ 74.6934, 34.03942 ], [ 74.69397, 34.03918 ], [ 74.6934, 34.03822 ], [ 74.69398, 34.03846 ], [ 74.69427, 34.03798 ], [ 74.69312, 34.03702 ], [ 74.69196, 34.03725 ], [ 74.69168, 34.03605 ], [ 74.6911, 34.03653 ], [ 74.69024, 34.03605 ], [ 74.68822, 34.03604 ], [ 74.68764, 34.03676 ], [ 74.68678, 34.03676 ], [ 74.68678, 34.037 ], [ 74.68649, 34.03652 ], [ 74.68794, 34.03532 ], [ 74.68679, 34.0346 ], [ 74.68765, 34.0346 ], [ 74.68794, 34.03412 ], [ 74.68938, 34.03389 ], [ 74.6891, 34.03269 ], [ 74.68967, 34.03365 ], [ 74.69053, 34.03413 ], [ 74.69082, 34.03509 ], [ 74.69139, 34.03509 ], [ 74.6914, 34.03461 ], [ 74.69226, 34.03413 ], [ 74.69255, 34.03318 ], [ 74.69169, 34.03317 ], [ 74.69169, 34.03269 ], [ 74.69285, 34.03198 ], [ 74.69227, 34.03102 ], [ 74.69372, 34.03078 ], [ 74.69516, 34.02982 ], [ 74.69459, 34.0291 ], [ 74.69401, 34.02934 ], [ 74.69315, 34.02886 ], [ 74.69257, 34.02886 ], [ 74.69286, 34.02934 ], [ 74.6917, 34.02934 ], [ 74.69055, 34.02837 ], [ 74.69199, 34.02862 ], [ 74.69171, 34.02814 ], [ 74.69344, 34.0279 ], [ 74.69373, 34.02766 ], [ 74.69344, 34.02718 ], [ 74.69402, 34.02694 ], [ 74.69431, 34.02622 ], [ 74.69258, 34.02574 ], [ 74.69229, 34.02526 ], [ 74.69114, 34.02526 ], [ 74.68999, 34.02621 ], [ 74.68797, 34.02549 ], [ 74.68711, 34.02572 ], [ 74.68682, 34.025 ], [ 74.68769, 34.02453 ], [ 74.68682, 34.02404 ], [ 74.68596, 34.02404 ], [ 74.6848, 34.02476 ], [ 74.68365, 34.02476 ], [ 74.68307, 34.02547 ], [ 74.68307, 34.02643 ], [ 74.68393, 34.02668 ], [ 74.68336, 34.02715 ], [ 74.68364, 34.02907 ], [ 74.68248, 34.02931 ], [ 74.68133, 34.02883 ], [ 74.68104, 34.03003 ], [ 74.68017, 34.03075 ], [ 74.67988, 34.03074 ], [ 74.67989, 34.03002 ], [ 74.67902, 34.02954 ], [ 74.67902, 34.03026 ], [ 74.67701, 34.03002 ], [ 74.67614, 34.03097 ], [ 74.67556, 34.03097 ], [ 74.67556, 34.03145 ], [ 74.67642, 34.03146 ], [ 74.67642, 34.03193 ], [ 74.67556, 34.03217 ], [ 74.67526, 34.03337 ], [ 74.67469, 34.03385 ], [ 74.67382, 34.03385 ], [ 74.67439, 34.03481 ], [ 74.67439, 34.03577 ], [ 74.6741, 34.03553 ], [ 74.67353, 34.03577 ], [ 74.67352, 34.03673 ], [ 74.67294, 34.03768 ], [ 74.67208, 34.03816 ], [ 74.67178, 34.03936 ], [ 74.67207, 34.0396 ], [ 74.6738, 34.03936 ], [ 74.67437, 34.04033 ], [ 74.67553, 34.03913 ], [ 74.67639, 34.03913 ], [ 74.67667, 34.04177 ], [ 74.6784, 34.04154 ], [ 74.67955, 34.04274 ], [ 74.68041, 34.04298 ] ] ] } },
{ "type": "Feature", "properties": { "terrace_id": 18, "area_km2": 2.118, "scarp_frac": 0.27, "strict_ha": 0.0, "drop_ha": 0.99 }, "geometry": { "type": "Polygon", "coordinates": [ [ [ 74.58404, 34.06716 ], [ 74.58404, 34.06644 ], [ 74.5852, 34.06621 ], [ 74.58577, 34.06669 ], [ 74.58607, 34.06429 ], [ 74.58636, 34.06429 ], [ 74.58608, 34.06309 ], [ 74.5855, 34.06285 ], [ 74.58552, 34.06021 ], [ 74.58494, 34.05973 ], [ 74.58523, 34.05973 ], [ 74.58524, 34.05805 ], [ 74.58668, 34.05806 ], [ 74.5867, 34.05374 ], [ 74.58613, 34.0535 ], [ 74.58671, 34.05254 ], [ 74.58671, 34.05086 ], [ 74.58614, 34.05086 ], [ 74.58528, 34.05013 ], [ 74.58529, 34.04797 ], [ 74.58471, 34.04773 ], [ 74.58443, 34.04581 ], [ 74.58386, 34.04581 ], [ 74.58386, 34.04509 ], [ 74.58473, 34.04509 ], [ 74.58415, 34.04485 ], [ 74.58445, 34.04341 ], [ 74.5856, 34.04318 ], [ 74.5856, 34.0427 ], [ 74.58618, 34.04246 ], [ 74.5859, 34.04102 ], [ 74.58561, 34.04102 ], [ 74.58562, 34.03934 ], [ 74.58591, 34.03934 ], [ 74.58563, 34.0379 ], [ 74.58476, 34.03766 ], [ 74.58447, 34.03838 ], [ 74.58389, 34.03837 ], [ 74.58332, 34.03789 ], [ 74.58332, 34.03717 ], [ 74.58447, 34.03766 ], [ 74.58477, 34.03598 ], [ 74.58506, 34.0355 ], [ 74.58564, 34.0355 ], [ 74.58593, 34.0343 ], [ 74.58709, 34.03311 ], [ 74.58739, 34.03143 ], [ 74.58652, 34.03143 ], [ 74.58624, 34.03046 ], [ 74.58653, 34.03047 ], [ 74.58653, 34.02951 ], [ 74.58769, 34.02855 ], [ 74.58769, 34.02783 ], [ 74.58626, 34.02543 ], [ 74.58481, 34.02758 ], [ 74.58509, 34.02926 ], [ 74.58451, 34.03022 ], [ 74.5845, 34.03262 ], [ 74.58392, 34.0331 ], [ 74.58391, 34.03502 ], [ 74.58304, 34.03549 ], [ 74.58304, 34.03645 ], [ 74.58246, 34.03741 ], [ 74.5813, 34.03813 ], [ 74.58043, 34.04028 ], [ 74.57956, 34.04076 ], [ 74.57955, 34.0434 ], [ 74.57868, 34.04411 ], [ 74.57925, 34.04436 ], [ 74.57895, 34.04723 ], [ 74.57866, 34.04723 ], [ 74.57837, 34.04891 ], [ 74.57779, 34.04915 ], [ 74.57779, 34.04963 ], [ 74.57865, 34.04963 ], [ 74.57865, 34.05035 ], [ 74.57749, 34.05131 ], [ 74.57778, 34.05155 ], [ 74.57747, 34.05515 ], [ 74.57718, 34.05514 ], [ 74.57718, 34.05658 ], [ 74.57631, 34.05754 ], [ 74.57688, 34.0585 ], [ 74.57686, 34.06138 ], [ 74.57888, 34.06115 ], [ 74.5786, 34.06067 ], [ 74.57889, 34.05971 ], [ 74.58033, 34.05995 ], [ 74.58062, 34.05947 ], [ 74.58033, 34.05899 ], [ 74.58091, 34.05924 ], [ 74.58206, 34.059 ], [ 74.58264, 34.05924 ], [ 74.58264, 34.05972 ], [ 74.58293, 34.05948 ], [ 74.58465, 34.05973 ], [ 74.58465, 34.06045 ], [ 74.58378, 34.06068 ], [ 74.5832, 34.0614 ], [ 74.58176, 34.0614 ], [ 74.58176, 34.0626 ], [ 74.58147, 34.0626 ], [ 74.58203, 34.06524 ], [ 74.5829, 34.06572 ], [ 74.58318, 34.06692 ], [ 74.58404, 34.06716 ] ] ] } },
{ "type": "Feature", "properties": { "terrace_id": 19, "area_km2": 1.986, "scarp_frac": 0.41, "strict_ha": 0.0, "drop_ha": 0.0 }, "geometry": { "type": "Polygon", "coordinates": [ [ [ 74.72468, 33.99007 ], [ 74.72497, 33.98911 ], [ 74.72612, 33.98887 ], [ 74.7267, 33.98935 ], [ 74.72728, 33.9884 ], [ 74.72728, 33.98744 ], [ 74.7267, 33.98719 ], [ 74.72642, 33.98599 ], [ 74.72556, 33.98551 ], [ 74.72556, 33.98503 ], [ 74.72067, 33.98238 ], [ 74.71924, 33.97974 ], [ 74.71838, 33.97926 ], [ 74.71867, 33.97878 ], [ 74.7178, 33.97878 ], [ 74.71751, 33.9795 ], [ 74.71636, 33.97997 ], [ 74.71751, 33.98142 ], [ 74.71664, 33.98141 ], [ 74.71664, 33.98093 ], [ 74.71578, 33.98069 ], [ 74.71521, 33.97997 ], [ 74.71579, 33.97925 ], [ 74.71435, 33.97877 ], [ 74.71435, 33.97853 ], [ 74.71521, 33.97853 ], [ 74.71579, 33.97901 ], [ 74.71608, 33.97733 ], [ 74.71666, 33.97734 ], [ 74.71723, 33.97854 ], [ 74.7178, 33.97854 ], [ 74.71752, 33.97806 ], [ 74.71896, 33.97758 ], [ 74.71896, 33.9771 ], [ 74.7181, 33.97686 ], [ 74.71781, 33.97638 ], [ 74.71781, 33.9759 ], [ 74.71839, 33.97566 ], [ 74.71724, 33.9747 ], [ 74.71609, 33.97518 ], [ 74.71724, 33.97614 ], [ 74.71723, 33.97662 ], [ 74.71637, 33.97614 ], [ 74.71637, 33.97686 ], [ 74.71436, 33.97517 ], [ 74.71407, 33.97445 ], [ 74.71494, 33.97445 ], [ 74.71465, 33.97397 ], [ 74.7158, 33.97374 ], [ 74.71466, 33.97229 ], [ 74.71437, 33.97109 ], [ 74.71265, 33.97037 ], [ 74.71093, 33.96845 ], [ 74.70892, 33.96724 ], [ 74.70892, 33.96676 ], [ 74.70806, 33.96604 ], [ 74.70719, 33.96604 ], [ 74.70691, 33.96556 ], [ 74.70518, 33.96507 ], [ 74.70461, 33.96435 ], [ 74.70374, 33.96435 ], [ 74.70345, 33.96459 ], [ 74.70374, 33.96531 ], [ 74.70288, 33.96531 ], [ 74.70287, 33.96675 ], [ 74.70488, 33.96723 ], [ 74.70546, 33.96867 ], [ 74.70718, 33.96964 ], [ 74.7066, 33.97035 ], [ 74.70574, 33.96987 ], [ 74.70488, 33.96987 ], [ 74.7043, 33.96867 ], [ 74.70229, 33.96747 ], [ 74.70259, 33.96507 ], [ 74.70201, 33.96483 ], [ 74.70115, 33.96554 ], [ 74.70085, 33.96722 ], [ 74.70057, 33.96722 ], [ 74.70056, 33.96818 ], [ 74.70085, 33.96794 ], [ 74.70143, 33.96818 ], [ 74.70084, 33.96986 ], [ 74.70228, 33.97082 ], [ 74.70314, 33.97083 ], [ 74.704, 33.97203 ], [ 74.70458, 33.97203 ], [ 74.7063, 33.97395 ], [ 74.70716, 33.97419 ], [ 74.70716, 33.97491 ], [ 74.70831, 33.97612 ], [ 74.70889, 33.97612 ], [ 74.70917, 33.9766 ], [ 74.71119, 33.97636 ], [ 74.71032, 33.97708 ], [ 74.71147, 33.97756 ], [ 74.71061, 33.97756 ], [ 74.71032, 33.97804 ], [ 74.71233, 33.97972 ], [ 74.71261, 33.98092 ], [ 74.71319, 33.98117 ], [ 74.71405, 33.98309 ], [ 74.71462, 33.98333 ], [ 74.71548, 33.98549 ], [ 74.71663, 33.98621 ], [ 74.71662, 33.98717 ], [ 74.71777, 33.98837 ], [ 74.71777, 33.98957 ], [ 74.71805, 33.98981 ], [ 74.71892, 33.98958 ], [ 74.71979, 33.98814 ], [ 74.72036, 33.98862 ], [ 74.72238, 33.98886 ], [ 74.72267, 33.98862 ], [ 74.72238, 33.98814 ], [ 74.72324, 33.98815 ], [ 74.72325, 33.98767 ], [ 74.72382, 33.98767 ], [ 74.72382, 33.98959 ], [ 74.72468, 33.99007 ] ] ] } },
{ "type": "Feature", "properties": { "terrace_id": 20, "area_km2": 1.981, "scarp_frac": 0.53, "strict_ha": 0.0, "drop_ha": 1.44 }, "geometry": { "type": "Polygon", "coordinates": [ [ [ 74.66964, 33.99809 ], [ 74.67022, 33.99713 ], [ 74.67079, 33.99785 ], [ 74.67137, 33.99809 ], [ 74.67194, 33.99786 ], [ 74.67195, 33.9969 ], [ 74.67166, 33.9969 ], [ 74.67195, 33.9957 ], [ 74.6708, 33.99425 ], [ 74.67052, 33.99209 ], [ 74.66822, 33.99305 ], [ 74.66851, 33.99209 ], [ 74.66908, 33.99209 ], [ 74.66966, 33.99137 ], [ 74.66967, 33.99065 ], [ 74.66909, 33.98993 ], [ 74.66938, 33.98945 ], [ 74.66852, 33.98945 ], [ 74.66852, 33.98921 ], [ 74.66737, 33.98969 ], [ 74.6665, 33.98969 ], [ 74.66622, 33.9892 ], [ 74.66477, 33.98944 ], [ 74.6642, 33.98848 ], [ 74.66564, 33.98824 ], [ 74.66622, 33.98872 ], [ 74.66737, 33.98873 ], [ 74.66737, 33.98849 ], [ 74.66852, 33.98873 ], [ 74.66881, 33.98825 ], [ 74.66939, 33.98825 ], [ 74.66967, 33.98897 ], [ 74.67082, 33.98922 ], [ 74.67111, 33.9909 ], [ 74.67168, 33.99114 ], [ 74.67225, 33.99306 ], [ 74.67311, 33.99402 ], [ 74.67282, 33.99522 ], [ 74.67339, 33.9957 ], [ 74.67339, 33.99666 ], [ 74.67396, 33.99738 ], [ 74.67454, 33.99738 ], [ 74.67483, 33.99714 ], [ 74.67454, 33.99594 ], [ 74.67541, 33.99571 ], [ 74.67542, 33.99187 ], [ 74.67427, 33.99163 ], [ 74.67341, 33.9909 ], [ 74.67341, 33.9897 ], [ 74.67169, 33.9897 ], [ 74.67169, 33.98946 ], [ 74.67313, 33.98946 ], [ 74.6737, 33.98898 ], [ 74.67371, 33.98779 ], [ 74.67313, 33.98778 ], [ 74.67285, 33.9873 ], [ 74.67227, 33.9873 ], [ 74.67256, 33.98778 ], [ 74.67083, 33.98778 ], [ 74.67141, 33.9873 ], [ 74.67112, 33.98682 ], [ 74.66911, 33.98657 ], [ 74.66824, 33.98585 ], [ 74.66594, 33.98561 ], [ 74.66479, 33.9844 ], [ 74.66364, 33.9844 ], [ 74.66306, 33.98488 ], [ 74.66134, 33.98487 ], [ 74.66134, 33.98463 ], [ 74.66018, 33.98487 ], [ 74.65961, 33.98439 ], [ 74.65702, 33.9839 ], [ 74.65644, 33.98486 ], [ 74.65558, 33.98486 ], [ 74.65558, 33.98438 ], [ 74.655, 33.98438 ], [ 74.655, 33.98462 ], [ 74.65356, 33.98461 ], [ 74.65298, 33.98509 ], [ 74.65212, 33.98485 ], [ 74.65183, 33.98533 ], [ 74.65097, 33.98556 ], [ 74.65068, 33.98508 ], [ 74.65155, 33.98437 ], [ 74.65097, 33.98388 ], [ 74.65098, 33.98316 ], [ 74.64982, 33.98292 ], [ 74.64925, 33.9834 ], [ 74.64838, 33.98484 ], [ 74.64953, 33.98532 ], [ 74.64809, 33.9858 ], [ 74.64808, 33.98628 ], [ 74.64895, 33.98676 ], [ 74.64981, 33.98676 ], [ 74.65124, 33.98796 ], [ 74.65124, 33.98868 ], [ 74.65211, 33.98869 ], [ 74.65296, 33.99085 ], [ 74.65382, 33.99085 ], [ 74.65411, 33.99037 ], [ 74.65498, 33.99037 ], [ 74.65498, 33.99013 ], [ 74.65699, 33.99038 ], [ 74.65728, 33.9911 ], [ 74.65613, 33.99134 ], [ 74.65641, 33.99182 ], [ 74.65728, 33.99182 ], [ 74.65814, 33.99254 ], [ 74.65987, 33.99255 ], [ 74.66044, 33.99375 ], [ 74.6659, 33.99568 ], [ 74.66648, 33.9964 ], [ 74.66734, 33.9964 ], [ 74.66906, 33.99809 ], [ 74.66964, 33.99809 ] ] ] } },
{ "type": "Feature", "properties": { "terrace_id": 21, "area_km2": 1.889, "scarp_frac": 0.36, "strict_ha": 0.09, "drop_ha": 0.09 }, "geometry": { "type": "Polygon", "coordinates": [ [ [ 74.83658, 33.9087 ], [ 74.83687, 33.90774 ], [ 74.83773, 33.90846 ], [ 74.83802, 33.90798 ], [ 74.83917, 33.90822 ], [ 74.84004, 33.9075 ], [ 74.83975, 33.90702 ], [ 74.83889, 33.90702 ], [ 74.83745, 33.90582 ], [ 74.83745, 33.90414 ], [ 74.83832, 33.90342 ], [ 74.83861, 33.90246 ], [ 74.83947, 33.90319 ], [ 74.83947, 33.90391 ], [ 74.84004, 33.90415 ], [ 74.84062, 33.90367 ], [ 74.84062, 33.90271 ], [ 74.84149, 33.90247 ], [ 74.84206, 33.90151 ], [ 74.84264, 33.90151 ], [ 74.84293, 33.90055 ], [ 74.8435, 33.90079 ], [ 74.8435, 33.90031 ], [ 74.84264, 33.89959 ], [ 74.84207, 33.89959 ], [ 74.84178, 33.89887 ], [ 74.84092, 33.89911 ], [ 74.84063, 33.89839 ], [ 74.83862, 33.89887 ], [ 74.83747, 33.89766 ], [ 74.83632, 33.89742 ], [ 74.83546, 33.89598 ], [ 74.83431, 33.89598 ], [ 74.83287, 33.89502 ], [ 74.83143, 33.89502 ], [ 74.83086, 33.8943 ], [ 74.82999, 33.8943 ], [ 74.82942, 33.89358 ], [ 74.82798, 33.89333 ], [ 74.82827, 33.89261 ], [ 74.82885, 33.89238 ], [ 74.82856, 33.89189 ], [ 74.8228, 33.89237 ], [ 74.8228, 33.89261 ], [ 74.82194, 33.89261 ], [ 74.82108, 33.89188 ], [ 74.82079, 33.89284 ], [ 74.81993, 33.89308 ], [ 74.82021, 33.89524 ], [ 74.82107, 33.89668 ], [ 74.82164, 33.89668 ], [ 74.82165, 33.8962 ], [ 74.82222, 33.89644 ], [ 74.82366, 33.89621 ], [ 74.82366, 33.89669 ], [ 74.8228, 33.89669 ], [ 74.82279, 33.89716 ], [ 74.82308, 33.89741 ], [ 74.82366, 33.89717 ], [ 74.82394, 33.89789 ], [ 74.82337, 33.89765 ], [ 74.82337, 33.89813 ], [ 74.82538, 33.89909 ], [ 74.82566, 33.90077 ], [ 74.82624, 33.90149 ], [ 74.82624, 33.90269 ], [ 74.82739, 33.90293 ], [ 74.82739, 33.90221 ], [ 74.82768, 33.90221 ], [ 74.82796, 33.90293 ], [ 74.82854, 33.90293 ], [ 74.82883, 33.90221 ], [ 74.8294, 33.90221 ], [ 74.8294, 33.90293 ], [ 74.82882, 33.90317 ], [ 74.82882, 33.90365 ], [ 74.8294, 33.90437 ], [ 74.8294, 33.90509 ], [ 74.82997, 33.90533 ], [ 74.82997, 33.90605 ], [ 74.82968, 33.90605 ], [ 74.82997, 33.90701 ], [ 74.83112, 33.90773 ], [ 74.83141, 33.90725 ], [ 74.83169, 33.90749 ], [ 74.83227, 33.90725 ], [ 74.83198, 33.90677 ], [ 74.83457, 33.90678 ], [ 74.83515, 33.90702 ], [ 74.83515, 33.9075 ], [ 74.83601, 33.90774 ], [ 74.83658, 33.9087 ] ] ] } },
{ "type": "Feature", "properties": { "terrace_id": 22, "area_km2": 1.877, "scarp_frac": 0.82, "strict_ha": 0.0, "drop_ha": 0.27 }, "geometry": { "type": "Polygon", "coordinates": [ [ [ 75.07625, 33.88671 ], [ 75.07596, 33.88503 ], [ 75.0751, 33.88455 ], [ 75.07423, 33.88455 ], [ 75.07308, 33.88312 ], [ 75.07164, 33.8824 ], [ 75.07135, 33.88144 ], [ 75.07049, 33.88144 ], [ 75.0702, 33.88096 ], [ 75.06876, 33.88072 ], [ 75.06848, 33.87976 ], [ 75.06646, 33.87856 ], [ 75.06646, 33.8776 ], [ 75.06502, 33.87712 ], [ 75.06473, 33.87616 ], [ 75.06387, 33.87544 ], [ 75.06358, 33.874 ], [ 75.06272, 33.87329 ], [ 75.06243, 33.87065 ], [ 75.06185, 33.87041 ], [ 75.0607, 33.87041 ], [ 75.06013, 33.87113 ], [ 75.0607, 33.87209 ], [ 75.06013, 33.87257 ], [ 75.05984, 33.87473 ], [ 75.05927, 33.87521 ], [ 75.05927, 33.87665 ], [ 75.05985, 33.87713 ], [ 75.06128, 33.87736 ], [ 75.05985, 33.87808 ], [ 75.05985, 33.87832 ], [ 75.06071, 33.87832 ], [ 75.06042, 33.8788 ], [ 75.05812, 33.87881 ], [ 75.05726, 33.87833 ], [ 75.05697, 33.87737 ], [ 75.05524, 33.87593 ], [ 75.05524, 33.87521 ], [ 75.05582, 33.87473 ], [ 75.05582, 33.87401 ], [ 75.05524, 33.87377 ], [ 75.05524, 33.87401 ], [ 75.05438, 33.87401 ], [ 75.05409, 33.87449 ], [ 75.05265, 33.87449 ], [ 75.05208, 33.87521 ], [ 75.05121, 33.87521 ], [ 75.04949, 33.87665 ], [ 75.04776, 33.87689 ], [ 75.04719, 33.87761 ], [ 75.04719, 33.87881 ], [ 75.04604, 33.87977 ], [ 75.04546, 33.87977 ], [ 75.04633, 33.88169 ], [ 75.0469, 33.88121 ], [ 75.04777, 33.88121 ], [ 75.04834, 33.88193 ], [ 75.05093, 33.88217 ], [ 75.05151, 33.88265 ], [ 75.0541, 33.88313 ], [ 75.0541, 33.88337 ], [ 75.05697, 33.88312 ], [ 75.05697, 33.88288 ], [ 75.0587, 33.88288 ], [ 75.0587, 33.88312 ], [ 75.06042, 33.88288 ], [ 75.061, 33.88336 ], [ 75.06474, 33.88384 ], [ 75.06647, 33.8848 ], [ 75.06762, 33.8848 ], [ 75.06762, 33.88456 ], [ 75.06934, 33.8848 ], [ 75.07078, 33.88576 ], [ 75.07136, 33.88552 ], [ 75.07222, 33.88576 ], [ 75.07308, 33.88647 ], [ 75.07625, 33.88671 ] ] ] } },
{ "type": "Feature", "properties": { "terrace_id": 23, "area_km2": 1.694, "scarp_frac": 0.45, "strict_ha": 0.36, "drop_ha": 17.01 }, "geometry": { "type": "Polygon", "coordinates": [ [ [ 74.66554, 34.01367 ], [ 74.66584, 34.01271 ], [ 74.66641, 34.01248 ], [ 74.66613, 34.01176 ], [ 74.6644, 34.01055 ], [ 74.66384, 34.00839 ], [ 74.66326, 34.00815 ], [ 74.66298, 34.00743 ], [ 74.66211, 34.00743 ], [ 74.66153, 34.0079 ], [ 74.66154, 34.00718 ], [ 74.6624, 34.00719 ], [ 74.6624, 34.00695 ], [ 74.66183, 34.00695 ], [ 74.66183, 34.00647 ], [ 74.66039, 34.00502 ], [ 74.65665, 34.00501 ], [ 74.65406, 34.00357 ], [ 74.65233, 34.00332 ], [ 74.65061, 34.00188 ], [ 74.64687, 34.00091 ], [ 74.64659, 33.99971 ], [ 74.64717, 33.99923 ], [ 74.64746, 33.99779 ], [ 74.64574, 33.99682 ], [ 74.6443, 33.99658 ], [ 74.64315, 33.99562 ], [ 74.64315, 33.99514 ], [ 74.63999, 33.99417 ], [ 74.63941, 33.99369 ], [ 74.63942, 33.99273 ], [ 74.63626, 33.9908 ], [ 74.63569, 33.9896 ], [ 74.63482, 33.9896 ], [ 74.63482, 33.98936 ], [ 74.63425, 33.98959 ], [ 74.63481, 33.99175 ], [ 74.63596, 33.99272 ], [ 74.63769, 33.9932 ], [ 74.63768, 33.99368 ], [ 74.63912, 33.99441 ], [ 74.63912, 33.99489 ], [ 74.63825, 33.99488 ], [ 74.63883, 33.99608 ], [ 74.63882, 33.99728 ], [ 74.63911, 33.99752 ], [ 74.63968, 33.99729 ], [ 74.63997, 33.99801 ], [ 74.64112, 33.99873 ], [ 74.64169, 34.00017 ], [ 74.64255, 34.00089 ], [ 74.64255, 34.00185 ], [ 74.64427, 34.00282 ], [ 74.6457, 34.0045 ], [ 74.64628, 34.00426 ], [ 74.64628, 34.00354 ], [ 74.64715, 34.00379 ], [ 74.64744, 34.00283 ], [ 74.64801, 34.00283 ], [ 74.64801, 34.00379 ], [ 74.64772, 34.00379 ], [ 74.648, 34.00571 ], [ 74.64858, 34.00547 ], [ 74.64972, 34.00811 ], [ 74.65058, 34.00883 ], [ 74.65116, 34.00883 ], [ 74.65231, 34.0098 ], [ 74.65317, 34.0098 ], [ 74.65461, 34.011 ], [ 74.65547, 34.01101 ], [ 74.65547, 34.01125 ], [ 74.65605, 34.01125 ], [ 74.65634, 34.01053 ], [ 74.6572, 34.01053 ], [ 74.65662, 34.01173 ], [ 74.6572, 34.01149 ], [ 74.65748, 34.01245 ], [ 74.65806, 34.01269 ], [ 74.66094, 34.0127 ], [ 74.66152, 34.01222 ], [ 74.66151, 34.01294 ], [ 74.66468, 34.01271 ], [ 74.66497, 34.01343 ], [ 74.66554, 34.01367 ] ] ] } },
{ "type": "Feature", "properties": { "terrace_id": 24, "area_km2": 1.661, "scarp_frac": 0.76, "strict_ha": 0.0, "drop_ha": 0.18 }, "geometry": { "type": "Polygon", "coordinates": [ [ [ 74.81068, 33.90914 ], [ 74.81155, 33.9077 ], [ 74.81069, 33.90674 ], [ 74.81069, 33.90602 ], [ 74.81012, 33.90578 ], [ 74.81041, 33.90482 ], [ 74.80926, 33.90386 ], [ 74.80926, 33.90314 ], [ 74.80984, 33.90314 ], [ 74.80984, 33.90266 ], [ 74.81127, 33.90315 ], [ 74.81242, 33.90411 ], [ 74.81299, 33.90627 ], [ 74.81472, 33.90747 ], [ 74.81587, 33.90723 ], [ 74.81472, 33.90579 ], [ 74.81472, 33.90483 ], [ 74.81501, 33.90459 ], [ 74.81674, 33.90483 ], [ 74.81789, 33.90579 ], [ 74.81846, 33.90412 ], [ 74.81789, 33.90316 ], [ 74.81674, 33.90363 ], [ 74.81588, 33.90363 ], [ 74.8153, 33.90315 ], [ 74.8153, 33.90195 ], [ 74.81358, 33.90051 ], [ 74.81358, 33.89979 ], [ 74.8133, 33.89979 ], [ 74.8133, 33.89859 ], [ 74.81474, 33.89835 ], [ 74.81503, 33.89787 ], [ 74.81388, 33.89667 ], [ 74.81301, 33.89667 ], [ 74.81244, 33.89619 ], [ 74.81273, 33.89523 ], [ 74.81187, 33.89475 ], [ 74.81187, 33.89427 ], [ 74.81072, 33.89331 ], [ 74.80784, 33.89258 ], [ 74.80698, 33.89186 ], [ 74.80698, 33.89138 ], [ 74.80612, 33.8909 ], [ 74.8067, 33.8897 ], [ 74.80584, 33.88946 ], [ 74.8044, 33.88826 ], [ 74.80383, 33.8873 ], [ 74.80153, 33.88634 ], [ 74.80153, 33.88586 ], [ 74.80067, 33.88514 ], [ 74.80067, 33.88442 ], [ 74.8001, 33.88489 ], [ 74.79722, 33.88465 ], [ 74.79664, 33.88585 ], [ 74.79779, 33.88609 ], [ 74.79836, 33.88921 ], [ 74.7998, 33.89017 ], [ 74.80008, 33.89137 ], [ 74.80123, 33.89137 ], [ 74.80152, 33.89185 ], [ 74.80209, 33.89186 ], [ 74.80238, 33.89282 ], [ 74.8018, 33.89353 ], [ 74.80238, 33.89354 ], [ 74.80324, 33.89426 ], [ 74.80438, 33.89618 ], [ 74.80467, 33.89858 ], [ 74.80553, 33.89954 ], [ 74.80552, 33.90122 ], [ 74.80581, 33.90122 ], [ 74.80638, 33.90386 ], [ 74.80695, 33.90458 ], [ 74.80782, 33.90434 ], [ 74.80868, 33.90482 ], [ 74.80954, 33.90626 ], [ 74.81011, 33.9089 ], [ 74.81068, 33.90914 ] ] ] } },
{ "type": "Feature", "properties": { "terrace_id": 25, "area_km2": 1.613, "scarp_frac": 0.44, "strict_ha": 0.0, "drop_ha": 0.36 }, "geometry": { "type": "Polygon", "coordinates": [ [ [ 74.69326, 33.99815 ], [ 74.69557, 33.99624 ], [ 74.69557, 33.99456 ], [ 74.69731, 33.99312 ], [ 74.6976, 33.99264 ], [ 74.69731, 33.99216 ], [ 74.69817, 33.99217 ], [ 74.69818, 33.99121 ], [ 74.6976, 33.99073 ], [ 74.69761, 33.98929 ], [ 74.69847, 33.98857 ], [ 74.69848, 33.98737 ], [ 74.69733, 33.98713 ], [ 74.69675, 33.9864 ], [ 74.69532, 33.98616 ], [ 74.69417, 33.98544 ], [ 74.69446, 33.984 ], [ 74.69475, 33.984 ], [ 74.69474, 33.98472 ], [ 74.6959, 33.98472 ], [ 74.6959, 33.98448 ], [ 74.69676, 33.98449 ], [ 74.69705, 33.98401 ], [ 74.69734, 33.98425 ], [ 74.69791, 33.98401 ], [ 74.69705, 33.98353 ], [ 74.69706, 33.98257 ], [ 74.69648, 33.98257 ], [ 74.69648, 33.98209 ], [ 74.69764, 33.98161 ], [ 74.69707, 33.97945 ], [ 74.69822, 33.97897 ], [ 74.69822, 33.97801 ], [ 74.69708, 33.97705 ], [ 74.69708, 33.97657 ], [ 74.6965, 33.97657 ], [ 74.69679, 33.97585 ], [ 74.69593, 33.97561 ], [ 74.69593, 33.97513 ], [ 74.69449, 33.9744 ], [ 74.69392, 33.97344 ], [ 74.69248, 33.97272 ], [ 74.6922, 33.972 ], [ 74.69162, 33.972 ], [ 74.69162, 33.97128 ], [ 74.69105, 33.97128 ], [ 74.69076, 33.9708 ], [ 74.6899, 33.97079 ], [ 74.69017, 33.97439 ], [ 74.69161, 33.97584 ], [ 74.69161, 33.97656 ], [ 74.69247, 33.97632 ], [ 74.69247, 33.97704 ], [ 74.6916, 33.978 ], [ 74.69218, 33.978 ], [ 74.69303, 33.97968 ], [ 74.69332, 33.97968 ], [ 74.69333, 33.97896 ], [ 74.6939, 33.9792 ], [ 74.6939, 33.97968 ], [ 74.69505, 33.98088 ], [ 74.69476, 33.98136 ], [ 74.69447, 33.98064 ], [ 74.6939, 33.98064 ], [ 74.69389, 33.98136 ], [ 74.6936, 33.98136 ], [ 74.69303, 33.98016 ], [ 74.69217, 33.97968 ], [ 74.69217, 33.97872 ], [ 74.69102, 33.97823 ], [ 74.689, 33.98159 ], [ 74.68928, 33.98231 ], [ 74.69072, 33.98231 ], [ 74.6913, 33.98183 ], [ 74.69187, 33.98207 ], [ 74.69187, 33.98255 ], [ 74.68985, 33.98423 ], [ 74.69013, 33.98519 ], [ 74.68956, 33.98615 ], [ 74.68984, 33.98783 ], [ 74.68926, 33.98902 ], [ 74.68954, 33.99071 ], [ 74.68983, 33.99071 ], [ 74.68953, 33.99406 ], [ 74.69096, 33.99527 ], [ 74.69067, 33.99647 ], [ 74.69153, 33.99671 ], [ 74.69153, 33.99719 ], [ 74.69268, 33.99815 ], [ 74.69326, 33.99815 ] ] ] } },
{ "type": "Feature", "properties": { "terrace_id": 26, "area_km2": 1.475, "scarp_frac": 0.68, "strict_ha": 0.0, "drop_ha": 0.0 }, "geometry": { "type": "Polygon", "coordinates": [ [ [ 74.76782, 33.90547 ], [ 74.76869, 33.90403 ], [ 74.76955, 33.90355 ], [ 74.76955, 33.90307 ], [ 74.77042, 33.90284 ], [ 74.77042, 33.90164 ], [ 74.771, 33.9014 ], [ 74.771, 33.90092 ], [ 74.77157, 33.90092 ], [ 74.77186, 33.90164 ], [ 74.7733, 33.90188 ], [ 74.7733, 33.9014 ], [ 74.77503, 33.90021 ], [ 74.77503, 33.89973 ], [ 74.77388, 33.89924 ], [ 74.771, 33.89948 ], [ 74.76985, 33.90068 ], [ 74.7687, 33.90091 ], [ 74.7687, 33.90139 ], [ 74.76697, 33.90139 ], [ 74.7661, 33.90331 ], [ 74.76553, 33.90307 ], [ 74.7661, 33.90211 ], [ 74.76611, 33.90091 ], [ 74.76467, 33.90043 ], [ 74.76381, 33.8997 ], [ 74.76179, 33.90138 ], [ 74.76064, 33.90138 ], [ 74.76007, 33.90018 ], [ 74.76093, 33.90018 ], [ 74.76093, 33.89922 ], [ 74.76151, 33.89898 ], [ 74.76094, 33.8985 ], [ 74.76123, 33.8973 ], [ 74.76238, 33.89706 ], [ 74.76295, 33.89754 ], [ 74.76612, 33.89731 ], [ 74.76526, 33.89611 ], [ 74.76468, 33.89611 ], [ 74.7644, 33.89563 ], [ 74.76469, 33.89467 ], [ 74.76383, 33.89395 ], [ 74.76383, 33.89347 ], [ 74.76555, 33.89299 ], [ 74.76527, 33.89179 ], [ 74.76642, 33.89131 ], [ 74.76671, 33.88939 ], [ 74.76298, 33.88891 ], [ 74.76298, 33.88915 ], [ 74.75924, 33.88914 ], [ 74.75866, 33.88962 ], [ 74.75693, 33.88962 ], [ 74.75636, 33.88865 ], [ 74.75521, 33.88769 ], [ 74.75464, 33.88769 ], [ 74.75377, 33.88865 ], [ 74.75405, 33.89297 ], [ 74.75433, 33.89297 ], [ 74.75404, 33.89537 ], [ 74.7549, 33.89633 ], [ 74.75461, 33.89825 ], [ 74.75662, 33.89849 ], [ 74.75863, 33.90017 ], [ 74.75949, 33.90186 ], [ 74.76035, 33.90186 ], [ 74.76208, 33.90258 ], [ 74.76437, 33.90474 ], [ 74.76495, 33.90355 ], [ 74.7661, 33.90355 ], [ 74.76782, 33.90475 ], [ 74.76782, 33.90547 ] ] ] } },
{ "type": "Feature", "properties": { "terrace_id": 27, "area_km2": 1.474, "scarp_frac": 0.63, "strict_ha": 0.0, "drop_ha": 0.54 }, "geometry": { "type": "Polygon", "coordinates": [ [ [ 74.79885, 33.9252 ], [ 74.79885, 33.92448 ], [ 74.79943, 33.92472 ], [ 74.79972, 33.924 ], [ 74.80115, 33.92424 ], [ 74.80231, 33.9228 ], [ 74.80202, 33.92256 ], [ 74.79943, 33.9228 ], [ 74.79828, 33.92232 ], [ 74.79915, 33.92184 ], [ 74.798, 33.9216 ], [ 74.79771, 33.92064 ], [ 74.79713, 33.92064 ], [ 74.79713, 33.92112 ], [ 74.79656, 33.92136 ], [ 74.79541, 33.92111 ], [ 74.79512, 33.92039 ], [ 74.79714, 33.91968 ], [ 74.79685, 33.91872 ], [ 74.79628, 33.91848 ], [ 74.79628, 33.91776 ], [ 74.79743, 33.91896 ], [ 74.798, 33.91896 ], [ 74.798, 33.91824 ], [ 74.79915, 33.918 ], [ 74.79858, 33.91728 ], [ 74.79859, 33.91512 ], [ 74.79916, 33.91464 ], [ 74.80031, 33.91536 ], [ 74.80088, 33.91776 ], [ 74.80146, 33.91776 ], [ 74.80175, 33.91705 ], [ 74.80347, 33.91633 ], [ 74.80376, 33.91561 ], [ 74.80233, 33.91441 ], [ 74.80147, 33.91417 ], [ 74.80118, 33.91321 ], [ 74.79687, 33.91224 ], [ 74.796, 33.91152 ], [ 74.79514, 33.912 ], [ 74.79428, 33.91199 ], [ 74.79342, 33.91127 ], [ 74.79313, 33.90959 ], [ 74.79141, 33.90887 ], [ 74.79141, 33.90767 ], [ 74.79026, 33.90671 ], [ 74.78796, 33.90623 ], [ 74.78595, 33.90502 ], [ 74.78566, 33.90646 ], [ 74.78652, 33.90694 ], [ 74.78652, 33.90766 ], [ 74.78681, 33.90766 ], [ 74.78651, 33.91102 ], [ 74.78708, 33.91198 ], [ 74.78737, 33.91198 ], [ 74.78737, 33.91126 ], [ 74.78795, 33.91174 ], [ 74.78795, 33.91222 ], [ 74.78708, 33.91246 ], [ 74.78708, 33.91318 ], [ 74.78852, 33.91414 ], [ 74.7888, 33.91486 ], [ 74.78938, 33.91487 ], [ 74.78995, 33.91583 ], [ 74.79023, 33.91943 ], [ 74.79081, 33.91967 ], [ 74.79137, 33.92207 ], [ 74.79253, 33.92207 ], [ 74.79253, 33.92183 ], [ 74.79396, 33.92207 ], [ 74.79368, 33.92255 ], [ 74.79483, 33.92279 ], [ 74.79569, 33.92399 ], [ 74.79684, 33.92423 ], [ 74.79799, 33.9252 ], [ 74.79885, 33.9252 ] ] ] } },
{ "type": "Feature", "properties": { "terrace_id": 28, "area_km2": 1.426, "scarp_frac": 0.62, "strict_ha": 0.0, "drop_ha": 0.0 }, "geometry": { "type": "Polygon", "coordinates": [ [ [ 74.8275, 33.84823 ], [ 74.8275, 33.84727 ], [ 74.82692, 33.84679 ], [ 74.82491, 33.84655 ], [ 74.82491, 33.84583 ], [ 74.82549, 33.84535 ], [ 74.8252, 33.84415 ], [ 74.82636, 33.84391 ], [ 74.82664, 33.84343 ], [ 74.82607, 33.84295 ], [ 74.82348, 33.84319 ], [ 74.82377, 33.84271 ], [ 74.82262, 33.84318 ], [ 74.82262, 33.84222 ], [ 74.82492, 33.84151 ], [ 74.82492, 33.84103 ], [ 74.82377, 33.84031 ], [ 74.82033, 33.83958 ], [ 74.82062, 33.83862 ], [ 74.81746, 33.83598 ], [ 74.81573, 33.8355 ], [ 74.81545, 33.83502 ], [ 74.81401, 33.83477 ], [ 74.81315, 33.83405 ], [ 74.80999, 33.83381 ], [ 74.80941, 33.83525 ], [ 74.81142, 33.83573 ], [ 74.81257, 33.83693 ], [ 74.81171, 33.83693 ], [ 74.81085, 33.83621 ], [ 74.81027, 33.83621 ], [ 74.80969, 33.83669 ], [ 74.80969, 33.83741 ], [ 74.81027, 33.83765 ], [ 74.81027, 33.83813 ], [ 74.80969, 33.83813 ], [ 74.8074, 33.8362 ], [ 74.80625, 33.8362 ], [ 74.80596, 33.8374 ], [ 74.80509, 33.8374 ], [ 74.80509, 33.83668 ], [ 74.80653, 33.83572 ], [ 74.80654, 33.835 ], [ 74.8074, 33.83548 ], [ 74.80797, 33.83477 ], [ 74.80826, 33.83501 ], [ 74.80884, 33.83477 ], [ 74.80855, 33.83333 ], [ 74.80712, 33.83308 ], [ 74.80683, 33.83332 ], [ 74.80711, 33.83452 ], [ 74.80682, 33.83452 ], [ 74.80683, 33.8338 ], [ 74.80625, 33.83308 ], [ 74.80597, 33.83308 ], [ 74.80596, 33.8338 ], [ 74.8051, 33.83404 ], [ 74.80395, 33.83332 ], [ 74.8028, 33.83332 ], [ 74.80252, 33.83236 ], [ 74.80022, 33.83259 ], [ 74.80079, 33.83355 ], [ 74.80194, 33.8338 ], [ 74.80366, 33.835 ], [ 74.80452, 33.835 ], [ 74.80452, 33.83548 ], [ 74.80337, 33.83596 ], [ 74.80366, 33.83596 ], [ 74.80366, 33.83716 ], [ 74.80423, 33.83692 ], [ 74.80452, 33.83836 ], [ 74.80538, 33.83956 ], [ 74.80624, 33.83956 ], [ 74.80681, 33.84028 ], [ 74.80882, 33.84028 ], [ 74.80911, 33.83981 ], [ 74.80969, 33.83981 ], [ 74.8094, 33.84005 ], [ 74.80969, 33.84077 ], [ 74.81112, 33.84101 ], [ 74.8117, 33.84173 ], [ 74.81342, 33.84245 ], [ 74.81485, 33.84389 ], [ 74.81658, 33.8439 ], [ 74.81888, 33.84294 ], [ 74.82032, 33.84294 ], [ 74.82089, 33.8439 ], [ 74.82118, 33.84582 ], [ 74.82261, 33.84654 ], [ 74.82318, 33.8475 ], [ 74.82577, 33.84799 ], [ 74.82577, 33.84823 ], [ 74.8275, 33.84823 ] ] ] } },
{ "type": "Feature", "properties": { "terrace_id": 29, "area_km2": 1.292, "scarp_frac": 0.81, "strict_ha": 0.63, "drop_ha": 13.68 }, "geometry": { "type": "Polygon", "coordinates": [ [ [ 74.68457, 34.01036 ], [ 74.68486, 34.00869 ], [ 74.68343, 34.00676 ], [ 74.68286, 34.00508 ], [ 74.68344, 34.00436 ], [ 74.68374, 34.00125 ], [ 74.68461, 34.00029 ], [ 74.68576, 33.99981 ], [ 74.68548, 33.99909 ], [ 74.68577, 33.99861 ], [ 74.68663, 33.99837 ], [ 74.68663, 33.99765 ], [ 74.68721, 33.99718 ], [ 74.68722, 33.99598 ], [ 74.68635, 33.99502 ], [ 74.68636, 33.99238 ], [ 74.68579, 33.99237 ], [ 74.68435, 33.99093 ], [ 74.68378, 33.99093 ], [ 74.68349, 33.99021 ], [ 74.68292, 33.99021 ], [ 74.68292, 33.98973 ], [ 74.68177, 33.98949 ], [ 74.68148, 33.98901 ], [ 74.68177, 33.98733 ], [ 74.68206, 33.98733 ], [ 74.68178, 33.98541 ], [ 74.68121, 33.98469 ], [ 74.68093, 33.98325 ], [ 74.68035, 33.98324 ], [ 74.67919, 33.9842 ], [ 74.67804, 33.9842 ], [ 74.67804, 33.98588 ], [ 74.67688, 33.98779 ], [ 74.67687, 33.98947 ], [ 74.67745, 33.98995 ], [ 74.67744, 33.99067 ], [ 74.67888, 33.99188 ], [ 74.67914, 33.99979 ], [ 74.68028, 34.00124 ], [ 74.68057, 34.00268 ], [ 74.682, 34.00388 ], [ 74.682, 34.00508 ], [ 74.68113, 34.00556 ], [ 74.68083, 34.00868 ], [ 74.68112, 34.00916 ], [ 74.68256, 34.00916 ], [ 74.68313, 34.00988 ], [ 74.68457, 34.01036 ] ] ] } },
{ "type": "Feature", "properties": { "terrace_id": 30, "area_km2": 1.177, "scarp_frac": 0.52, "strict_ha": 0.0, "drop_ha": 0.0 }, "geometry": { "type": "Polygon", "coordinates": [ [ [ 75.0794, 33.8716 ], [ 75.07997, 33.87136 ], [ 75.08199, 33.87159 ], [ 75.08314, 33.87063 ], [ 75.08314, 33.87015 ], [ 75.084, 33.87015 ], [ 75.08429, 33.86871 ], [ 75.08543, 33.86751 ], [ 75.08543, 33.86679 ], [ 75.08457, 33.86679 ], [ 75.08486, 33.86583 ], [ 75.08572, 33.86583 ], [ 75.08601, 33.86487 ], [ 75.08744, 33.86367 ], [ 75.08744, 33.86319 ], [ 75.08831, 33.86247 ], [ 75.08946, 33.86223 ], [ 75.09032, 33.86127 ], [ 75.09032, 33.86079 ], [ 75.08945, 33.86079 ], [ 75.0883, 33.85792 ], [ 75.08686, 33.85792 ], [ 75.08629, 33.85696 ], [ 75.08485, 33.8572 ], [ 75.08427, 33.85672 ], [ 75.08341, 33.85672 ], [ 75.08226, 33.85576 ], [ 75.08197, 33.85456 ], [ 75.08082, 33.85288 ], [ 75.07938, 33.85408 ], [ 75.07938, 33.8548 ], [ 75.07852, 33.85576 ], [ 75.07881, 33.856 ], [ 75.07881, 33.85672 ], [ 75.07824, 33.85696 ], [ 75.07852, 33.8584 ], [ 75.07795, 33.8584 ], [ 75.07824, 33.85888 ], [ 75.07737, 33.85888 ], [ 75.07737, 33.85984 ], [ 75.07939, 33.86032 ], [ 75.07996, 33.8608 ], [ 75.07996, 33.86176 ], [ 75.0791, 33.86248 ], [ 75.07853, 33.86248 ], [ 75.07968, 33.86368 ], [ 75.07939, 33.86584 ], [ 75.08112, 33.86608 ], [ 75.08256, 33.86728 ], [ 75.08256, 33.868 ], [ 75.0817, 33.86848 ], [ 75.08083, 33.86848 ], [ 75.08026, 33.86776 ], [ 75.07882, 33.868 ], [ 75.07882, 33.86944 ], [ 75.0794, 33.86968 ], [ 75.07911, 33.87088 ], [ 75.0794, 33.87088 ], [ 75.0794, 33.8716 ] ] ] } },
{ "type": "Feature", "properties": { "terrace_id": 31, "area_km2": 1.12, "scarp_frac": 0.42, "strict_ha": 0.09, "drop_ha": 5.94 }, "geometry": { "type": "Polygon", "coordinates": [ [ [ 74.65393, 34.03571 ], [ 74.65393, 34.03499 ], [ 74.65422, 34.03499 ], [ 74.65394, 34.03331 ], [ 74.65452, 34.03283 ], [ 74.65452, 34.03212 ], [ 74.65625, 34.03164 ], [ 74.65654, 34.03116 ], [ 74.65453, 34.02996 ], [ 74.65453, 34.02948 ], [ 74.6531, 34.02827 ], [ 74.65281, 34.02731 ], [ 74.65224, 34.02707 ], [ 74.65196, 34.02515 ], [ 74.65167, 34.02515 ], [ 74.65196, 34.02467 ], [ 74.64908, 34.0249 ], [ 74.64937, 34.02346 ], [ 74.65023, 34.02347 ], [ 74.65081, 34.02275 ], [ 74.64967, 34.02131 ], [ 74.64909, 34.0213 ], [ 74.64852, 34.02058 ], [ 74.64765, 34.02034 ], [ 74.64651, 34.01818 ], [ 74.64594, 34.01794 ], [ 74.64594, 34.01722 ], [ 74.64364, 34.01505 ], [ 74.64336, 34.01385 ], [ 74.6425, 34.01337 ], [ 74.6425, 34.01265 ], [ 74.64308, 34.01289 ], [ 74.64308, 34.01193 ], [ 74.64251, 34.01145 ], [ 74.64193, 34.01169 ], [ 74.64107, 34.01144 ], [ 74.64136, 34.01049 ], [ 74.64193, 34.01073 ], [ 74.64222, 34.01025 ], [ 74.64136, 34.00977 ], [ 74.64108, 34.00905 ], [ 74.6405, 34.00904 ], [ 74.6405, 34.00976 ], [ 74.63963, 34.00952 ], [ 74.63963, 34.01024 ], [ 74.63877, 34.00976 ], [ 74.63877, 34.00928 ], [ 74.63819, 34.00928 ], [ 74.6379, 34.01072 ], [ 74.63904, 34.01288 ], [ 74.63904, 34.01408 ], [ 74.6399, 34.01456 ], [ 74.64105, 34.01456 ], [ 74.64018, 34.01552 ], [ 74.64133, 34.01624 ], [ 74.64162, 34.0172 ], [ 74.64305, 34.01817 ], [ 74.64305, 34.01889 ], [ 74.64477, 34.02057 ], [ 74.64506, 34.02177 ], [ 74.64793, 34.02298 ], [ 74.64822, 34.0237 ], [ 74.64879, 34.02394 ], [ 74.64879, 34.02442 ], [ 74.64822, 34.02394 ], [ 74.64706, 34.02442 ], [ 74.64649, 34.0237 ], [ 74.64419, 34.02273 ], [ 74.64447, 34.02321 ], [ 74.64332, 34.02369 ], [ 74.6436, 34.02417 ], [ 74.64331, 34.02513 ], [ 74.64418, 34.02561 ], [ 74.64417, 34.02681 ], [ 74.6459, 34.02705 ], [ 74.64647, 34.02801 ], [ 74.64705, 34.02778 ], [ 74.64734, 34.02682 ], [ 74.6482, 34.02682 ], [ 74.64791, 34.02802 ], [ 74.64878, 34.02802 ], [ 74.64906, 34.02874 ], [ 74.65021, 34.02874 ], [ 74.65021, 34.02922 ], [ 74.64935, 34.02946 ], [ 74.64906, 34.02994 ], [ 74.64992, 34.02994 ], [ 74.65049, 34.03042 ], [ 74.65077, 34.03258 ], [ 74.6525, 34.03427 ], [ 74.65249, 34.03571 ], [ 74.65393, 34.03571 ] ] ] } },
{ "type": "Feature", "properties": { "terrace_id": 32, "area_km2": 1.039, "scarp_frac": 0.45, "strict_ha": 0.0, "drop_ha": 0.18 }, "geometry": { "type": "Polygon", "coordinates": [ [ [ 74.70856, 33.98739 ], [ 74.70885, 33.98691 ], [ 74.71, 33.98668 ], [ 74.71029, 33.98548 ], [ 74.70972, 33.98524 ], [ 74.70972, 33.98452 ], [ 74.70914, 33.98452 ], [ 74.708, 33.98355 ], [ 74.70828, 33.98331 ], [ 74.708, 33.98283 ], [ 74.70742, 33.98259 ], [ 74.70685, 33.98283 ], [ 74.70627, 33.98235 ], [ 74.70973, 33.98212 ], [ 74.70916, 33.97996 ], [ 74.70801, 33.97875 ], [ 74.70801, 33.97828 ], [ 74.70629, 33.97707 ], [ 74.70629, 33.97659 ], [ 74.70514, 33.97563 ], [ 74.70486, 33.97443 ], [ 74.704, 33.97419 ], [ 74.70227, 33.97274 ], [ 74.70112, 33.9725 ], [ 74.70026, 33.97106 ], [ 74.69969, 33.97106 ], [ 74.6994, 33.97226 ], [ 74.69853, 33.97321 ], [ 74.69852, 33.97441 ], [ 74.69938, 33.97586 ], [ 74.69996, 33.9761 ], [ 74.70024, 33.97706 ], [ 74.70082, 33.9773 ], [ 74.70053, 33.97778 ], [ 74.70082, 33.97802 ], [ 74.70139, 33.97778 ], [ 74.70139, 33.97874 ], [ 74.70168, 33.97874 ], [ 74.70139, 33.97922 ], [ 74.70081, 33.97826 ], [ 74.70024, 33.97874 ], [ 74.70023, 33.97946 ], [ 74.69966, 33.97969 ], [ 74.69966, 33.98017 ], [ 74.70052, 33.98018 ], [ 74.70023, 33.98185 ], [ 74.70051, 33.98186 ], [ 74.7008, 33.9833 ], [ 74.70281, 33.98498 ], [ 74.70338, 33.98666 ], [ 74.70453, 33.98714 ], [ 74.70856, 33.98739 ] ] ] } },
{ "type": "Feature", "properties": { "terrace_id": 33, "area_km2": 0.981, "scarp_frac": 0.4, "strict_ha": 0.0, "drop_ha": 0.09 }, "geometry": { "type": "Polygon", "coordinates": [ [ [ 74.69883, 33.96842 ], [ 74.69855, 33.96794 ], [ 74.6997, 33.96746 ], [ 74.6997, 33.96674 ], [ 74.69999, 33.96674 ], [ 74.69971, 33.96554 ], [ 74.70086, 33.96506 ], [ 74.70086, 33.96434 ], [ 74.70144, 33.96386 ], [ 74.70087, 33.96338 ], [ 74.70087, 33.96218 ], [ 74.70174, 33.96099 ], [ 74.70174, 33.95955 ], [ 74.70088, 33.95907 ], [ 74.70031, 33.9593 ], [ 74.69916, 33.95882 ], [ 74.69887, 33.95786 ], [ 74.6983, 33.95762 ], [ 74.6983, 33.95642 ], [ 74.69744, 33.9557 ], [ 74.69629, 33.9557 ], [ 74.69658, 33.95546 ], [ 74.69629, 33.95498 ], [ 74.69542, 33.95569 ], [ 74.69427, 33.95569 ], [ 74.69312, 33.95641 ], [ 74.69197, 33.9564 ], [ 74.69225, 33.95736 ], [ 74.69081, 33.95688 ], [ 74.69081, 33.9564 ], [ 74.69168, 33.9564 ], [ 74.69197, 33.95592 ], [ 74.69053, 33.9552 ], [ 74.68967, 33.9552 ], [ 74.68909, 33.95568 ], [ 74.68736, 33.95567 ], [ 74.68707, 33.95615 ], [ 74.68794, 33.95663 ], [ 74.68793, 33.95711 ], [ 74.68736, 33.95711 ], [ 74.68764, 33.95759 ], [ 74.68879, 33.95808 ], [ 74.68937, 33.95904 ], [ 74.69138, 33.95928 ], [ 74.69195, 33.96 ], [ 74.69282, 33.96025 ], [ 74.69281, 33.96144 ], [ 74.69339, 33.96169 ], [ 74.69338, 33.96265 ], [ 74.69281, 33.96288 ], [ 74.69367, 33.96289 ], [ 74.69367, 33.96361 ], [ 74.69396, 33.96361 ], [ 74.69395, 33.96433 ], [ 74.69367, 33.96409 ], [ 74.69309, 33.96432 ], [ 74.69309, 33.96504 ], [ 74.69366, 33.96481 ], [ 74.69768, 33.96817 ], [ 74.69883, 33.96842 ] ] ] } },
{ "type": "Feature", "properties": { "terrace_id": 34, "area_km2": 0.962, "scarp_frac": 0.25, "strict_ha": 0.0, "drop_ha": 0.63 }, "geometry": { "type": "Polygon", "coordinates": [ [ [ 74.83062, 33.86743 ], [ 74.83206, 33.86695 ], [ 74.83206, 33.86647 ], [ 74.83293, 33.86575 ], [ 74.83293, 33.86479 ], [ 74.83235, 33.86455 ], [ 74.83235, 33.86407 ], [ 74.8335, 33.86407 ], [ 74.83437, 33.86455 ], [ 74.83494, 33.86431 ], [ 74.83494, 33.86311 ], [ 74.83351, 33.86191 ], [ 74.83351, 33.86119 ], [ 74.83408, 33.86119 ], [ 74.83437, 33.86167 ], [ 74.83523, 33.86168 ], [ 74.83552, 33.8612 ], [ 74.83638, 33.86144 ], [ 74.83696, 33.86072 ], [ 74.83869, 33.86048 ], [ 74.8384, 33.85976 ], [ 74.83754, 33.85928 ], [ 74.83754, 33.85856 ], [ 74.83639, 33.85712 ], [ 74.83668, 33.85592 ], [ 74.83582, 33.85544 ], [ 74.83582, 33.85496 ], [ 74.83525, 33.85544 ], [ 74.83438, 33.8552 ], [ 74.83438, 33.85496 ], [ 74.83525, 33.85496 ], [ 74.83525, 33.85448 ], [ 74.8364, 33.85424 ], [ 74.8364, 33.85376 ], [ 74.83582, 33.85376 ], [ 74.83583, 33.85304 ], [ 74.83525, 33.8528 ], [ 74.83554, 33.85232 ], [ 74.83497, 33.85112 ], [ 74.83526, 33.85064 ], [ 74.83468, 33.85064 ], [ 74.83382, 33.84968 ], [ 74.83296, 33.84968 ], [ 74.83238, 33.84848 ], [ 74.83181, 33.84848 ], [ 74.83152, 33.84919 ], [ 74.83094, 33.84919 ], [ 74.83037, 33.84991 ], [ 74.82951, 33.85015 ], [ 74.82979, 33.85087 ], [ 74.82893, 33.85111 ], [ 74.82893, 33.85279 ], [ 74.82864, 33.85279 ], [ 74.82864, 33.85375 ], [ 74.82921, 33.85375 ], [ 74.82863, 33.85423 ], [ 74.8295, 33.85519 ], [ 74.82978, 33.85711 ], [ 74.83035, 33.85735 ], [ 74.83064, 33.85687 ], [ 74.83122, 33.85687 ], [ 74.83151, 33.85519 ], [ 74.83208, 33.85591 ], [ 74.83208, 33.85663 ], [ 74.8315, 33.85687 ], [ 74.8315, 33.85735 ], [ 74.83064, 33.85735 ], [ 74.83006, 33.85807 ], [ 74.83006, 33.85879 ], [ 74.83092, 33.85951 ], [ 74.83092, 33.86023 ], [ 74.83064, 33.86023 ], [ 74.83092, 33.86239 ], [ 74.83034, 33.86287 ], [ 74.83091, 33.86479 ], [ 74.83034, 33.86479 ], [ 74.83005, 33.86623 ], [ 74.83062, 33.86743 ] ] ] } },
{ "type": "Feature", "properties": { "terrace_id": 35, "area_km2": 0.962, "scarp_frac": 0.77, "strict_ha": 0.0, "drop_ha": 0.0 }, "geometry": { "type": "Polygon", "coordinates": [ [ [ 75.00376, 33.86155 ], [ 75.00376, 33.86083 ], [ 75.00433, 33.86035 ], [ 75.00577, 33.86035 ], [ 75.00663, 33.86107 ], [ 75.00721, 33.86083 ], [ 75.00663, 33.85891 ], [ 75.00433, 33.85699 ], [ 75.00462, 33.85603 ], [ 75.00548, 33.85651 ], [ 75.00836, 33.85699 ], [ 75.00893, 33.85747 ], [ 75.00922, 33.85891 ], [ 75.01037, 33.85819 ], [ 75.01037, 33.85747 ], [ 75.00922, 33.85651 ], [ 75.00922, 33.85579 ], [ 75.00836, 33.85435 ], [ 75.00778, 33.85435 ], [ 75.00778, 33.85483 ], [ 75.00692, 33.85555 ], [ 75.00577, 33.85555 ], [ 75.00347, 33.85315 ], [ 75.00433, 33.85339 ], [ 75.00462, 33.85291 ], [ 75.00519, 33.85291 ], [ 75.00548, 33.85339 ], [ 75.00606, 33.85339 ], [ 75.00721, 33.85195 ], [ 75.01123, 33.85219 ], [ 75.01181, 33.85075 ], [ 75.01296, 33.85075 ], [ 75.01382, 33.85171 ], [ 75.01382, 33.85267 ], [ 75.01267, 33.85435 ], [ 75.01267, 33.85531 ], [ 75.01353, 33.85579 ], [ 75.0144, 33.85387 ], [ 75.01526, 33.85339 ], [ 75.01554, 33.85123 ], [ 75.01612, 33.85027 ], [ 75.01756, 33.84931 ], [ 75.01756, 33.84859 ], [ 75.01526, 33.84859 ], [ 75.01382, 33.84955 ], [ 75.01037, 33.85027 ], [ 75.01037, 33.85051 ], [ 75.00922, 33.85051 ], [ 75.00922, 33.85075 ], [ 75.00749, 33.85075 ], [ 75.00749, 33.85099 ], [ 75.00548, 33.85075 ], [ 75.00462, 33.85003 ], [ 75.00088, 33.85003 ], [ 75.00031, 33.84955 ], [ 74.99973, 33.84979 ], [ 74.99973, 33.85147 ], [ 74.99915, 33.85195 ], [ 74.99887, 33.85387 ], [ 74.99973, 33.85507 ], [ 75.00059, 33.85507 ], [ 75.00088, 33.85555 ], [ 75.00059, 33.85603 ], [ 75.00088, 33.85699 ], [ 75.00031, 33.85771 ], [ 75.00059, 33.86035 ], [ 75.00117, 33.86107 ], [ 75.00318, 33.86107 ], [ 75.00376, 33.86155 ] ] ] } },
{ "type": "Feature", "properties": { "terrace_id": 36, "area_km2": 0.93, "scarp_frac": 0.41, "strict_ha": 0.0, "drop_ha": 4.86 }, "geometry": { "type": "Polygon", "coordinates": [ [ [ 74.65743, 34.02445 ], [ 74.65773, 34.02253 ], [ 74.65831, 34.02229 ], [ 74.6586, 34.02085 ], [ 74.65946, 34.02109 ], [ 74.65917, 34.02181 ], [ 74.65946, 34.02157 ], [ 74.66004, 34.02181 ], [ 74.66003, 34.02253 ], [ 74.6609, 34.02326 ], [ 74.66177, 34.02062 ], [ 74.66293, 34.02014 ], [ 74.66264, 34.01918 ], [ 74.6612, 34.01894 ], [ 74.66034, 34.01822 ], [ 74.65948, 34.01821 ], [ 74.65948, 34.01749 ], [ 74.65919, 34.01749 ], [ 74.65948, 34.01654 ], [ 74.65891, 34.01581 ], [ 74.66035, 34.01606 ], [ 74.66151, 34.01486 ], [ 74.65978, 34.01438 ], [ 74.65949, 34.01414 ], [ 74.65978, 34.01366 ], [ 74.65863, 34.01365 ], [ 74.65863, 34.01437 ], [ 74.65776, 34.01437 ], [ 74.65748, 34.01389 ], [ 74.6569, 34.01413 ], [ 74.65718, 34.01533 ], [ 74.65661, 34.01533 ], [ 74.65632, 34.01461 ], [ 74.65373, 34.01436 ], [ 74.65143, 34.01267 ], [ 74.64827, 34.01147 ], [ 74.64769, 34.01074 ], [ 74.64654, 34.01074 ], [ 74.64654, 34.0105 ], [ 74.64539, 34.01074 ], [ 74.6451, 34.01098 ], [ 74.64567, 34.01146 ], [ 74.64538, 34.01194 ], [ 74.64567, 34.01218 ], [ 74.64625, 34.01194 ], [ 74.6474, 34.0129 ], [ 74.64768, 34.01386 ], [ 74.64998, 34.01579 ], [ 74.65084, 34.01747 ], [ 74.65256, 34.01844 ], [ 74.65256, 34.01939 ], [ 74.6537, 34.02036 ], [ 74.65399, 34.02132 ], [ 74.65514, 34.0218 ], [ 74.65514, 34.02228 ], [ 74.65456, 34.02204 ], [ 74.65456, 34.02276 ], [ 74.65542, 34.02348 ], [ 74.65542, 34.02396 ], [ 74.65657, 34.02372 ], [ 74.65743, 34.02445 ] ] ] } },
{ "type": "Feature", "properties": { "terrace_id": 37, "area_km2": 0.913, "scarp_frac": 0.78, "strict_ha": 0.0, "drop_ha": 0.0 }, "geometry": { "type": "Polygon", "coordinates": [ [ [ 74.80775, 33.93457 ], [ 74.80804, 33.93361 ], [ 74.80747, 33.93337 ], [ 74.80747, 33.93289 ], [ 74.80862, 33.93241 ], [ 74.80862, 33.93025 ], [ 74.80949, 33.92953 ], [ 74.81064, 33.92977 ], [ 74.81121, 33.93193 ], [ 74.81265, 33.93098 ], [ 74.81352, 33.92954 ], [ 74.81438, 33.92954 ], [ 74.8141, 33.92858 ], [ 74.81467, 33.9281 ], [ 74.81467, 33.92714 ], [ 74.81266, 33.92618 ], [ 74.81295, 33.92474 ], [ 74.81353, 33.92474 ], [ 74.81324, 33.92426 ], [ 74.81353, 33.92186 ], [ 74.81296, 33.9209 ], [ 74.8121, 33.92114 ], [ 74.81181, 33.92258 ], [ 74.81094, 33.92258 ], [ 74.81037, 33.9221 ], [ 74.80922, 33.92234 ], [ 74.80979, 33.9233 ], [ 74.80979, 33.92474 ], [ 74.80633, 33.92497 ], [ 74.80576, 33.92545 ], [ 74.80461, 33.92545 ], [ 74.80345, 33.9264 ], [ 74.8023, 33.92664 ], [ 74.80201, 33.9276 ], [ 74.80028, 33.92736 ], [ 74.79942, 33.92784 ], [ 74.7997, 33.9288 ], [ 74.802, 33.93072 ], [ 74.80574, 33.93217 ], [ 74.80603, 33.93337 ], [ 74.80775, 33.93457 ] ] ] } },
{ "type": "Feature", "properties": { "terrace_id": 38, "area_km2": 0.856, "scarp_frac": 0.71, "strict_ha": 0.0, "drop_ha": 0.0 }, "geometry": { "type": "Polygon", "coordinates": [ [ [ 74.81536, 33.87628 ], [ 74.81566, 33.8722 ], [ 74.8148, 33.871 ], [ 74.81508, 33.87052 ], [ 74.81451, 33.87004 ], [ 74.81365, 33.87004 ], [ 74.81336, 33.86956 ], [ 74.81336, 33.8686 ], [ 74.81509, 33.86812 ], [ 74.81538, 33.86741 ], [ 74.81366, 33.8662 ], [ 74.81337, 33.865 ], [ 74.81251, 33.86428 ], [ 74.81193, 33.86428 ], [ 74.81165, 33.86284 ], [ 74.80935, 33.86188 ], [ 74.80878, 33.86116 ], [ 74.80792, 33.86116 ], [ 74.80734, 33.86139 ], [ 74.80763, 33.86212 ], [ 74.80705, 33.86259 ], [ 74.80733, 33.86499 ], [ 74.80561, 33.86499 ], [ 74.8056, 33.86571 ], [ 74.80704, 33.86763 ], [ 74.80674, 33.87075 ], [ 74.80732, 33.87123 ], [ 74.80818, 33.87123 ], [ 74.80875, 33.87243 ], [ 74.81019, 33.87339 ], [ 74.81019, 33.87435 ], [ 74.8099, 33.87435 ], [ 74.81019, 33.87483 ], [ 74.81105, 33.87484 ], [ 74.81249, 33.8734 ], [ 74.81335, 33.8734 ], [ 74.81363, 33.8758 ], [ 74.81536, 33.87628 ] ] ] } },
{ "type": "Feature", "properties": { "terrace_id": 39, "area_km2": 0.814, "scarp_frac": 0.73, "strict_ha": 0.0, "drop_ha": 0.0 }, "geometry": { "type": "Polygon", "coordinates": [ [ [ 74.79803, 33.90696 ], [ 74.7989, 33.906 ], [ 74.79976, 33.90601 ], [ 74.80062, 33.90697 ], [ 74.80206, 33.90649 ], [ 74.80178, 33.90361 ], [ 74.80149, 33.90361 ], [ 74.80178, 33.90145 ], [ 74.8015, 33.90145 ], [ 74.8015, 33.90073 ], [ 74.80092, 33.90073 ], [ 74.80006, 33.89977 ], [ 74.80006, 33.89857 ], [ 74.80035, 33.89857 ], [ 74.80007, 33.89713 ], [ 74.79921, 33.89641 ], [ 74.79863, 33.89521 ], [ 74.79719, 33.89569 ], [ 74.7946, 33.89568 ], [ 74.7946, 33.89544 ], [ 74.79288, 33.8952 ], [ 74.7926, 33.89352 ], [ 74.79317, 33.8928 ], [ 74.79432, 33.89256 ], [ 74.79375, 33.89136 ], [ 74.79289, 33.89208 ], [ 74.78972, 33.89207 ], [ 74.78972, 33.89303 ], [ 74.78914, 33.89303 ], [ 74.78886, 33.89351 ], [ 74.78943, 33.89447 ], [ 74.7923, 33.89664 ], [ 74.79459, 33.90072 ], [ 74.79603, 33.90192 ], [ 74.7966, 33.90312 ], [ 74.79717, 33.90696 ], [ 74.79803, 33.90696 ] ] ] } },
{ "type": "Feature", "properties": { "terrace_id": 40, "area_km2": 0.801, "scarp_frac": 0.53, "strict_ha": 0.09, "drop_ha": 0.45 }, "geometry": { "type": "Polygon", "coordinates": [ [ [ 74.69004, 34.01254 ], [ 74.69004, 34.0123 ], [ 74.69119, 34.0123 ], [ 74.69177, 34.0111 ], [ 74.69235, 34.01086 ], [ 74.69235, 34.01014 ], [ 74.69149, 34.00966 ], [ 74.6912, 34.0087 ], [ 74.69033, 34.00942 ], [ 74.69033, 34.01014 ], [ 74.68947, 34.01014 ], [ 74.69005, 34.00966 ], [ 74.69005, 34.00726 ], [ 74.6915, 34.0063 ], [ 74.69207, 34.00631 ], [ 74.69265, 34.00559 ], [ 74.69467, 34.00487 ], [ 74.69496, 34.00439 ], [ 74.69583, 34.0044 ], [ 74.69207, 34.00702 ], [ 74.69236, 34.00751 ], [ 74.69178, 34.0087 ], [ 74.69322, 34.00895 ], [ 74.69408, 34.00823 ], [ 74.69351, 34.00751 ], [ 74.69553, 34.00727 ], [ 74.69611, 34.00608 ], [ 74.69726, 34.00536 ], [ 74.69727, 34.00416 ], [ 74.69698, 34.00416 ], [ 74.69727, 34.00272 ], [ 74.69699, 34.00224 ], [ 74.69612, 34.002 ], [ 74.69613, 34.00128 ], [ 74.69555, 34.00104 ], [ 74.69555, 34.00056 ], [ 74.6944, 33.99983 ], [ 74.69181, 33.99935 ], [ 74.69038, 33.99814 ], [ 74.6898, 33.99838 ], [ 74.68979, 34.00006 ], [ 74.68921, 34.00102 ], [ 74.68835, 34.00174 ], [ 74.68748, 34.00174 ], [ 74.68748, 34.00317 ], [ 74.68719, 34.00317 ], [ 74.68718, 34.00509 ], [ 74.68747, 34.00509 ], [ 74.68718, 34.00629 ], [ 74.68861, 34.00798 ], [ 74.6886, 34.01013 ], [ 74.68889, 34.01014 ], [ 74.6886, 34.01061 ], [ 74.68918, 34.0111 ], [ 74.68888, 34.01253 ], [ 74.69004, 34.01254 ] ] ] } },
{ "type": "Feature", "properties": { "terrace_id": 41, "area_km2": 0.791, "scarp_frac": 0.7, "strict_ha": 0.0, "drop_ha": 0.09 }, "geometry": { "type": "Polygon", "coordinates": [ [ [ 74.56566, 34.11052 ], [ 74.56566, 34.11028 ], [ 74.56739, 34.11053 ], [ 74.56826, 34.10981 ], [ 74.57027, 34.1103 ], [ 74.57085, 34.10982 ], [ 74.57086, 34.10934 ], [ 74.56999, 34.10934 ], [ 74.56913, 34.10885 ], [ 74.56944, 34.10454 ], [ 74.568, 34.10381 ], [ 74.56685, 34.10381 ], [ 74.56599, 34.10285 ], [ 74.56599, 34.10189 ], [ 74.56397, 34.10188 ], [ 74.56195, 34.10307 ], [ 74.56079, 34.10307 ], [ 74.56022, 34.10354 ], [ 74.55877, 34.10354 ], [ 74.55646, 34.10425 ], [ 74.55704, 34.10473 ], [ 74.55732, 34.10665 ], [ 74.55847, 34.10714 ], [ 74.55904, 34.1081 ], [ 74.56105, 34.10859 ], [ 74.56277, 34.11051 ], [ 74.56566, 34.11052 ] ] ] } },
{ "type": "Feature", "properties": { "terrace_id": 42, "area_km2": 0.783, "scarp_frac": 0.31, "strict_ha": 0.0, "drop_ha": 0.09 }, "geometry": { "type": "Polygon", "coordinates": [ [ [ 74.71065, 33.96653 ], [ 74.71094, 33.96485 ], [ 74.71036, 33.96461 ], [ 74.71008, 33.96245 ], [ 74.70922, 33.96172 ], [ 74.70923, 33.96005 ], [ 74.70894, 33.95956 ], [ 74.70837, 33.95956 ], [ 74.7078, 33.95812 ], [ 74.70722, 33.95788 ], [ 74.7078, 33.95524 ], [ 74.70436, 33.9538 ], [ 74.70349, 33.95379 ], [ 74.70292, 33.95331 ], [ 74.70177, 33.95331 ], [ 74.70177, 33.95307 ], [ 74.7009, 33.95331 ], [ 74.70033, 33.95283 ], [ 74.69802, 33.95306 ], [ 74.69773, 33.95354 ], [ 74.69917, 33.95522 ], [ 74.69888, 33.95618 ], [ 74.69974, 33.95762 ], [ 74.70031, 33.9569 ], [ 74.70117, 33.95763 ], [ 74.7006, 33.95835 ], [ 74.70261, 33.95907 ], [ 74.70289, 33.96027 ], [ 74.70347, 33.96003 ], [ 74.70318, 33.96147 ], [ 74.70375, 33.96171 ], [ 74.70375, 33.96219 ], [ 74.7049, 33.96267 ], [ 74.70519, 33.96339 ], [ 74.70749, 33.96436 ], [ 74.70835, 33.96508 ], [ 74.70834, 33.9658 ], [ 74.70892, 33.96556 ], [ 74.70949, 33.96628 ], [ 74.71065, 33.96653 ] ] ] } },
{ "type": "Feature", "properties": { "terrace_id": 43, "area_km2": 0.715, "scarp_frac": 0.31, "strict_ha": 0.0, "drop_ha": 0.0 }, "geometry": { "type": "Polygon", "coordinates": [ [ [ 75.09898, 33.89197 ], [ 75.09898, 33.89125 ], [ 75.09984, 33.89149 ], [ 75.09984, 33.89101 ], [ 75.10042, 33.89077 ], [ 75.10042, 33.88933 ], [ 75.10013, 33.88885 ], [ 75.09869, 33.8891 ], [ 75.0984, 33.88958 ], [ 75.09754, 33.88934 ], [ 75.09725, 33.88886 ], [ 75.09783, 33.88838 ], [ 75.09725, 33.88838 ], [ 75.09725, 33.88742 ], [ 75.09754, 33.88694 ], [ 75.09869, 33.8867 ], [ 75.09898, 33.8879 ], [ 75.10041, 33.88789 ], [ 75.10041, 33.88718 ], [ 75.10271, 33.88597 ], [ 75.10242, 33.88549 ], [ 75.1007, 33.88478 ], [ 75.1007, 33.88382 ], [ 75.10156, 33.88382 ], [ 75.10185, 33.88477 ], [ 75.10242, 33.88477 ], [ 75.10242, 33.88453 ], [ 75.10329, 33.88453 ], [ 75.103, 33.88333 ], [ 75.10242, 33.88333 ], [ 75.10185, 33.88238 ], [ 75.09983, 33.88214 ], [ 75.09954, 33.88238 ], [ 75.09983, 33.88358 ], [ 75.09897, 33.8843 ], [ 75.09983, 33.88478 ], [ 75.09984, 33.88526 ], [ 75.09897, 33.88526 ], [ 75.0984, 33.88502 ], [ 75.09868, 33.88358 ], [ 75.09839, 33.88334 ], [ 75.09724, 33.88358 ], [ 75.09696, 33.88286 ], [ 75.09235, 33.8831 ], [ 75.0912, 33.88454 ], [ 75.09092, 33.88574 ], [ 75.09034, 33.88574 ], [ 75.09034, 33.88622 ], [ 75.09092, 33.88646 ], [ 75.09121, 33.88742 ], [ 75.09351, 33.88766 ], [ 75.09466, 33.88814 ], [ 75.09495, 33.88886 ], [ 75.09351, 33.88886 ], [ 75.09265, 33.88814 ], [ 75.09121, 33.8879 ], [ 75.09092, 33.8891 ], [ 75.09409, 33.8903 ], [ 75.09495, 33.89102 ], [ 75.0961, 33.89102 ], [ 75.09725, 33.8915 ], [ 75.09754, 33.89198 ], [ 75.09898, 33.89197 ] ] ] } },
{ "type": "Feature", "properties": { "terrace_id": 44, "area_km2": 0.635, "scarp_frac": 0.39, "strict_ha": 0.0, "drop_ha": 4.68 }, "geometry": { "type": "Polygon", "coordinates": [ [ [ 74.61079, 34.01783 ], [ 74.61166, 34.01711 ], [ 74.61166, 34.01639 ], [ 74.61137, 34.01639 ], [ 74.61166, 34.01591 ], [ 74.61281, 34.01592 ], [ 74.61339, 34.0152 ], [ 74.61426, 34.01496 ], [ 74.61399, 34.01136 ], [ 74.61456, 34.01112 ], [ 74.61457, 34.00945 ], [ 74.61515, 34.00969 ], [ 74.61515, 34.00873 ], [ 74.61429, 34.00801 ], [ 74.61343, 34.00656 ], [ 74.61343, 34.00584 ], [ 74.61286, 34.00608 ], [ 74.61315, 34.00536 ], [ 74.61344, 34.0056 ], [ 74.61401, 34.00537 ], [ 74.61402, 34.00465 ], [ 74.61344, 34.00488 ], [ 74.61373, 34.00345 ], [ 74.61402, 34.00369 ], [ 74.6146, 34.00345 ], [ 74.61431, 34.00297 ], [ 74.61373, 34.00321 ], [ 74.61317, 34.00176 ], [ 74.61288, 34.00176 ], [ 74.61287, 34.00248 ], [ 74.6123, 34.00248 ], [ 74.6123, 34.00176 ], [ 74.61144, 34.002 ], [ 74.61114, 34.0044 ], [ 74.61056, 34.00463 ], [ 74.61055, 34.00583 ], [ 74.60997, 34.00655 ], [ 74.60996, 34.00895 ], [ 74.6091, 34.00967 ], [ 74.60909, 34.01135 ], [ 74.60851, 34.01183 ], [ 74.60851, 34.01278 ], [ 74.60936, 34.01423 ], [ 74.60935, 34.01687 ], [ 74.60992, 34.01783 ], [ 74.61079, 34.01783 ] ] ] } },
{ "type": "Feature", "properties": { "terrace_id": 45, "area_km2": 0.611, "scarp_frac": 0.29, "strict_ha": 0.0, "drop_ha": 0.09 }, "geometry": { "type": "Polygon", "coordinates": [ [ [ 74.69824, 33.97321 ], [ 74.69824, 33.97249 ], [ 74.69882, 33.97202 ], [ 74.69883, 33.97034 ], [ 74.69797, 33.96961 ], [ 74.69739, 33.96961 ], [ 74.69596, 33.96817 ], [ 74.6948, 33.96793 ], [ 74.69251, 33.96576 ], [ 74.69222, 33.96528 ], [ 74.69252, 33.96384 ], [ 74.69194, 33.96336 ], [ 74.69223, 33.9624 ], [ 74.69137, 33.96168 ], [ 74.69137, 33.9612 ], [ 74.6908, 33.9612 ], [ 74.68936, 33.96 ], [ 74.68965, 33.95952 ], [ 74.68908, 33.95928 ], [ 74.68879, 33.95976 ], [ 74.68707, 33.95831 ], [ 74.6862, 33.95831 ], [ 74.68591, 33.95879 ], [ 74.68706, 33.95951 ], [ 74.68705, 33.96167 ], [ 74.6882, 33.96287 ], [ 74.6882, 33.96359 ], [ 74.68935, 33.96455 ], [ 74.68934, 33.96479 ], [ 74.68819, 33.96479 ], [ 74.68819, 33.96599 ], [ 74.68905, 33.96647 ], [ 74.68962, 33.96791 ], [ 74.6902, 33.9672 ], [ 74.69106, 33.96816 ], [ 74.69048, 33.9684 ], [ 74.69077, 33.96912 ], [ 74.69192, 33.96936 ], [ 74.69192, 33.96984 ], [ 74.69278, 33.97056 ], [ 74.69336, 33.97056 ], [ 74.69335, 33.97104 ], [ 74.69422, 33.97152 ], [ 74.69421, 33.972 ], [ 74.69508, 33.97201 ], [ 74.69536, 33.97297 ], [ 74.69565, 33.97297 ], [ 74.69565, 33.97225 ], [ 74.69623, 33.97225 ], [ 74.69651, 33.97297 ], [ 74.69824, 33.97321 ] ] ] } },
{ "type": "Feature", "properties": { "terrace_id": 46, "area_km2": 0.609, "scarp_frac": 0.3, "strict_ha": 0.0, "drop_ha": 1.26 }, "geometry": { "type": "Polygon", "coordinates": [ [ [ 74.6049, 34.04588 ], [ 74.60663, 34.04517 ], [ 74.60692, 34.04421 ], [ 74.60837, 34.04325 ], [ 74.60895, 34.04229 ], [ 74.60866, 34.04157 ], [ 74.60981, 34.04158 ], [ 74.61069, 34.04014 ], [ 74.61069, 34.03846 ], [ 74.61012, 34.03822 ], [ 74.60954, 34.0387 ], [ 74.60954, 34.03822 ], [ 74.61012, 34.03798 ], [ 74.61012, 34.03726 ], [ 74.6107, 34.03702 ], [ 74.61071, 34.03534 ], [ 74.61013, 34.03462 ], [ 74.61016, 34.02934 ], [ 74.60959, 34.02862 ], [ 74.60931, 34.02694 ], [ 74.60786, 34.0279 ], [ 74.60785, 34.0291 ], [ 74.60699, 34.02909 ], [ 74.60814, 34.02982 ], [ 74.60785, 34.0303 ], [ 74.60842, 34.03078 ], [ 74.609, 34.0303 ], [ 74.609, 34.03102 ], [ 74.60842, 34.0315 ], [ 74.60812, 34.03318 ], [ 74.60784, 34.03317 ], [ 74.60783, 34.03509 ], [ 74.60754, 34.03509 ], [ 74.60782, 34.03581 ], [ 74.60811, 34.03557 ], [ 74.60898, 34.03582 ], [ 74.60868, 34.0375 ], [ 74.6081, 34.03773 ], [ 74.60839, 34.03845 ], [ 74.60781, 34.03869 ], [ 74.60867, 34.03917 ], [ 74.60665, 34.03965 ], [ 74.60608, 34.03869 ], [ 74.60521, 34.03964 ], [ 74.60435, 34.03964 ], [ 74.60405, 34.04084 ], [ 74.60261, 34.04203 ], [ 74.60261, 34.04251 ], [ 74.60145, 34.04323 ], [ 74.60145, 34.04347 ], [ 74.60231, 34.04347 ], [ 74.60317, 34.04468 ], [ 74.60259, 34.04515 ], [ 74.60259, 34.04587 ], [ 74.6049, 34.04588 ] ] ] } },
{ "type": "Feature", "properties": { "terrace_id": 47, "area_km2": 0.595, "scarp_frac": 0.26, "strict_ha": 0.0, "drop_ha": 0.09 }, "geometry": { "type": "Polygon", "coordinates": [ [ [ 75.07869, 34.03521 ], [ 75.07897, 34.03401 ], [ 75.07811, 34.03306 ], [ 75.07811, 34.03114 ], [ 75.07753, 34.03042 ], [ 75.07724, 34.0273 ], [ 75.07637, 34.02706 ], [ 75.07666, 34.02418 ], [ 75.07608, 34.02394 ], [ 75.0758, 34.02442 ], [ 75.07522, 34.02442 ], [ 75.07522, 34.0249 ], [ 75.07147, 34.02466 ], [ 75.07119, 34.0249 ], [ 75.07147, 34.02538 ], [ 75.07119, 34.02562 ], [ 75.07061, 34.02538 ], [ 75.07061, 34.02586 ], [ 75.07147, 34.0261 ], [ 75.07177, 34.03306 ], [ 75.07235, 34.0333 ], [ 75.07263, 34.03282 ], [ 75.0735, 34.03258 ], [ 75.0735, 34.0321 ], [ 75.07407, 34.0321 ], [ 75.07407, 34.03258 ], [ 75.0735, 34.03282 ], [ 75.0735, 34.03354 ], [ 75.07263, 34.03378 ], [ 75.07235, 34.03426 ], [ 75.07321, 34.03474 ], [ 75.0758, 34.0345 ], [ 75.0758, 34.03474 ], [ 75.07753, 34.03474 ], [ 75.07869, 34.03521 ] ] ] } },
{ "type": "Feature", "properties": { "terrace_id": 48, "area_km2": 0.594, "scarp_frac": 0.38, "strict_ha": 0.0, "drop_ha": 2.43 }, "geometry": { "type": "Polygon", "coordinates": [ [ [ 74.63524, 34.02678 ], [ 74.6361, 34.02654 ], [ 74.63582, 34.02534 ], [ 74.63669, 34.02463 ], [ 74.63669, 34.02391 ], [ 74.63583, 34.02366 ], [ 74.63583, 34.02294 ], [ 74.63497, 34.0227 ], [ 74.63468, 34.02174 ], [ 74.63353, 34.02174 ], [ 74.63382, 34.0215 ], [ 74.63354, 34.02054 ], [ 74.63411, 34.02054 ], [ 74.63412, 34.01982 ], [ 74.6344, 34.01982 ], [ 74.63555, 34.02102 ], [ 74.63641, 34.02127 ], [ 74.63641, 34.02199 ], [ 74.6367, 34.02199 ], [ 74.63728, 34.02151 ], [ 74.637, 34.01983 ], [ 74.63757, 34.01983 ], [ 74.63786, 34.01887 ], [ 74.637, 34.01839 ], [ 74.63643, 34.01695 ], [ 74.63614, 34.01695 ], [ 74.63614, 34.01767 ], [ 74.63557, 34.01767 ], [ 74.63615, 34.01503 ], [ 74.635, 34.01503 ], [ 74.635, 34.01455 ], [ 74.63385, 34.0143 ], [ 74.63385, 34.01382 ], [ 74.63328, 34.01358 ], [ 74.63357, 34.0131 ], [ 74.63242, 34.01262 ], [ 74.63184, 34.01334 ], [ 74.63184, 34.01406 ], [ 74.63212, 34.0143 ], [ 74.6327, 34.01406 ], [ 74.6327, 34.01502 ], [ 74.63212, 34.0155 ], [ 74.63183, 34.01454 ], [ 74.63126, 34.01477 ], [ 74.63096, 34.01597 ], [ 74.63039, 34.01597 ], [ 74.6301, 34.01645 ], [ 74.63009, 34.01861 ], [ 74.63095, 34.01909 ], [ 74.63095, 34.01981 ], [ 74.63123, 34.01981 ], [ 74.63122, 34.02317 ], [ 74.63266, 34.02342 ], [ 74.63266, 34.02366 ], [ 74.63179, 34.02365 ], [ 74.63179, 34.02413 ], [ 74.63266, 34.02437 ], [ 74.63265, 34.02485 ], [ 74.63351, 34.02558 ], [ 74.63409, 34.02558 ], [ 74.63466, 34.02654 ], [ 74.63524, 34.0263 ], [ 74.63524, 34.02678 ] ] ] } },
{ "type": "Feature", "properties": { "terrace_id": 49, "area_km2": 0.555, "scarp_frac": 0.82, "strict_ha": 0.0, "drop_ha": 0.0 }, "geometry": { "type": "Polygon", "coordinates": [ [ [ 75.01928, 33.84499 ], [ 75.01986, 33.84451 ], [ 75.02101, 33.84451 ], [ 75.02129, 33.84379 ], [ 75.02302, 33.84379 ], [ 75.02302, 33.84307 ], [ 75.02359, 33.84259 ], [ 75.02359, 33.84115 ], [ 75.02446, 33.84091 ], [ 75.02446, 33.84019 ], [ 75.02474, 33.84019 ], [ 75.02417, 33.83923 ], [ 75.02244, 33.83947 ], [ 75.02187, 33.83899 ], [ 75.02187, 33.83755 ], [ 75.021, 33.83707 ], [ 75.02072, 33.83635 ], [ 75.01985, 33.83659 ], [ 75.01986, 33.83779 ], [ 75.01928, 33.83827 ], [ 75.01756, 33.83827 ], [ 75.01612, 33.83923 ], [ 75.01439, 33.83971 ], [ 75.01411, 33.84019 ], [ 75.01181, 33.84091 ], [ 75.01238, 33.84163 ], [ 75.01382, 33.84163 ], [ 75.01554, 33.84235 ], [ 75.01669, 33.84379 ], [ 75.01669, 33.84451 ], [ 75.01813, 33.84427 ], [ 75.01842, 33.84475 ], [ 75.01928, 33.84499 ] ] ] } },
{ "type": "Feature", "properties": { "terrace_id": 50, "area_km2": 0.554, "scarp_frac": 0.77, "strict_ha": 0.0, "drop_ha": 3.69 }, "geometry": { "type": "Polygon", "coordinates": [ [ [ 74.64583, 34.04361 ], [ 74.64612, 34.04337 ], [ 74.64584, 34.04217 ], [ 74.6444, 34.04144 ], [ 74.64382, 34.04048 ], [ 74.64412, 34.03928 ], [ 74.64239, 34.0388 ], [ 74.64211, 34.03736 ], [ 74.64125, 34.03688 ], [ 74.64154, 34.03568 ], [ 74.63953, 34.03447 ], [ 74.63924, 34.03327 ], [ 74.63723, 34.03159 ], [ 74.63637, 34.0323 ], [ 74.63636, 34.03326 ], [ 74.63607, 34.03326 ], [ 74.63489, 34.03998 ], [ 74.63691, 34.0407 ], [ 74.63719, 34.04142 ], [ 74.63777, 34.04142 ], [ 74.63806, 34.04118 ], [ 74.63777, 34.0407 ], [ 74.63864, 34.04071 ], [ 74.63864, 34.04023 ], [ 74.63777, 34.04022 ], [ 74.63749, 34.03974 ], [ 74.63778, 34.0395 ], [ 74.63864, 34.03951 ], [ 74.63893, 34.03999 ], [ 74.63951, 34.03975 ], [ 74.64037, 34.04071 ], [ 74.64209, 34.0412 ], [ 74.64266, 34.0424 ], [ 74.64382, 34.0424 ], [ 74.6441, 34.04312 ], [ 74.64497, 34.04312 ], [ 74.64583, 34.04361 ] ] ] } },
{ "type": "Feature", "properties": { "terrace_id": 51, "area_km2": 0.545, "scarp_frac": 0.34, "strict_ha": 0.0, "drop_ha": 7.74 }, "geometry": { "type": "Polygon", "coordinates": [ [ [ 74.6454, 34.0093 ], [ 74.64597, 34.00906 ], [ 74.64598, 34.0081 ], [ 74.64684, 34.0081 ], [ 74.64713, 34.00762 ], [ 74.64627, 34.00714 ], [ 74.64598, 34.00618 ], [ 74.64426, 34.00498 ], [ 74.64426, 34.0045 ], [ 74.64197, 34.00281 ], [ 74.64197, 34.00233 ], [ 74.64139, 34.00209 ], [ 74.6414, 34.00137 ], [ 74.63996, 34.00041 ], [ 74.63996, 33.99945 ], [ 74.6391, 33.99872 ], [ 74.6391, 33.99824 ], [ 74.63968, 33.99801 ], [ 74.63939, 33.99777 ], [ 74.63882, 33.998 ], [ 74.63824, 33.99752 ], [ 74.63796, 33.99608 ], [ 74.63681, 33.99656 ], [ 74.63768, 33.99512 ], [ 74.63681, 33.99488 ], [ 74.63538, 33.99344 ], [ 74.63452, 33.99319 ], [ 74.63422, 33.99439 ], [ 74.6348, 33.99511 ], [ 74.63479, 33.99607 ], [ 74.63594, 33.99704 ], [ 74.63594, 33.99776 ], [ 74.63651, 33.99848 ], [ 74.6365, 34.00016 ], [ 74.63765, 34.00112 ], [ 74.63765, 34.00184 ], [ 74.63965, 34.00448 ], [ 74.63965, 34.00544 ], [ 74.64137, 34.00665 ], [ 74.64281, 34.00641 ], [ 74.64223, 34.00761 ], [ 74.64309, 34.00905 ], [ 74.64425, 34.00882 ], [ 74.6454, 34.0093 ] ] ] } },
{ "type": "Feature", "properties": { "terrace_id": 52, "area_km2": 0.543, "scarp_frac": 0.47, "strict_ha": 0.18, "drop_ha": 1.44 }, "geometry": { "type": "Polygon", "coordinates": [ [ [ 74.91561, 34.01338 ], [ 74.91676, 34.0129 ], [ 74.91618, 34.01194 ], [ 74.91734, 34.0117 ], [ 74.91734, 34.01242 ], [ 74.91878, 34.01218 ], [ 74.91849, 34.01074 ], [ 74.91936, 34.00954 ], [ 74.91907, 34.00858 ], [ 74.92022, 34.00834 ], [ 74.92022, 34.00786 ], [ 74.92166, 34.00763 ], [ 74.92138, 34.00475 ], [ 74.92195, 34.00403 ], [ 74.92339, 34.00403 ], [ 74.92368, 34.00451 ], [ 74.92426, 34.00427 ], [ 74.92627, 34.00451 ], [ 74.92627, 34.00427 ], [ 74.92887, 34.00403 ], [ 74.92887, 34.00355 ], [ 74.92829, 34.00355 ], [ 74.92743, 34.00283 ], [ 74.92656, 34.00163 ], [ 74.92455, 34.00163 ], [ 74.92455, 34.00187 ], [ 74.92253, 34.00163 ], [ 74.92253, 34.00211 ], [ 74.92167, 34.00235 ], [ 74.92109, 34.00187 ], [ 74.91936, 34.00163 ], [ 74.91908, 34.00115 ], [ 74.91821, 34.00115 ], [ 74.91677, 34.00186 ], [ 74.9159, 34.00474 ], [ 74.91677, 34.00546 ], [ 74.91878, 34.00474 ], [ 74.91878, 34.00522 ], [ 74.91821, 34.00546 ], [ 74.91821, 34.00618 ], [ 74.91849, 34.00642 ], [ 74.91936, 34.00618 ], [ 74.91936, 34.00738 ], [ 74.9182, 34.00834 ], [ 74.91763, 34.00834 ], [ 74.91763, 34.00882 ], [ 74.91676, 34.00906 ], [ 74.91676, 34.01026 ], [ 74.91619, 34.01074 ], [ 74.91532, 34.01074 ], [ 74.91503, 34.01122 ], [ 74.91532, 34.0129 ], [ 74.91561, 34.01338 ] ] ] } },
{ "type": "Feature", "properties": { "terrace_id": 53, "area_km2": 0.543, "scarp_frac": 0.75, "strict_ha": 0.0, "drop_ha": 0.45 }, "geometry": { "type": "Polygon", "coordinates": [ [ [ 74.63537, 34.06349 ], [ 74.63595, 34.06253 ], [ 74.63567, 34.06157 ], [ 74.63682, 34.06109 ], [ 74.6371, 34.06229 ], [ 74.63797, 34.06278 ], [ 74.63913, 34.06014 ], [ 74.64115, 34.05943 ], [ 74.64173, 34.05799 ], [ 74.64376, 34.05607 ], [ 74.6403, 34.05582 ], [ 74.63828, 34.05654 ], [ 74.63742, 34.05654 ], [ 74.63684, 34.05605 ], [ 74.63597, 34.05677 ], [ 74.63453, 34.05677 ], [ 74.63425, 34.05557 ], [ 74.63108, 34.05532 ], [ 74.63079, 34.05484 ], [ 74.62993, 34.05483 ], [ 74.62907, 34.05363 ], [ 74.62849, 34.05435 ], [ 74.62848, 34.05603 ], [ 74.62935, 34.05675 ], [ 74.63021, 34.05675 ], [ 74.63078, 34.05724 ], [ 74.63078, 34.05868 ], [ 74.63135, 34.05892 ], [ 74.63193, 34.05868 ], [ 74.63222, 34.05796 ], [ 74.63338, 34.05796 ], [ 74.63366, 34.05868 ], [ 74.63481, 34.05917 ], [ 74.63509, 34.06085 ], [ 74.63451, 34.06109 ], [ 74.63451, 34.06253 ], [ 74.63537, 34.06349 ] ] ] } },
{ "type": "Feature", "properties": { "terrace_id": 54, "area_km2": 0.536, "scarp_frac": 0.55, "strict_ha": 0.0, "drop_ha": 0.27 }, "geometry": { "type": "Polygon", "coordinates": [ [ [ 74.72638, 34.08795 ], [ 74.72725, 34.08748 ], [ 74.73071, 34.08748 ], [ 74.73128, 34.08796 ], [ 74.73503, 34.08773 ], [ 74.73446, 34.08701 ], [ 74.73446, 34.08605 ], [ 74.7336, 34.08557 ], [ 74.73504, 34.08557 ], [ 74.73533, 34.08485 ], [ 74.73619, 34.08486 ], [ 74.73619, 34.08462 ], [ 74.73533, 34.08461 ], [ 74.73591, 34.08438 ], [ 74.7362, 34.08318 ], [ 74.73476, 34.08293 ], [ 74.73476, 34.08245 ], [ 74.73534, 34.08246 ], [ 74.73563, 34.08198 ], [ 74.73649, 34.08198 ], [ 74.73563, 34.08126 ], [ 74.73592, 34.08006 ], [ 74.73333, 34.08005 ], [ 74.73274, 34.08173 ], [ 74.73188, 34.08197 ], [ 74.73101, 34.08293 ], [ 74.7287, 34.08292 ], [ 74.72842, 34.08196 ], [ 74.72755, 34.0822 ], [ 74.72726, 34.08316 ], [ 74.72639, 34.08364 ], [ 74.72668, 34.08556 ], [ 74.72552, 34.08723 ], [ 74.72552, 34.08795 ], [ 74.72638, 34.08795 ] ] ] } },
{ "type": "Feature", "properties": { "terrace_id": 55, "area_km2": 0.517, "scarp_frac": 0.57, "strict_ha": 0.0, "drop_ha": 0.0 }, "geometry": { "type": "Polygon", "coordinates": [ [ [ 74.81685, 33.85205 ], [ 74.81685, 33.85133 ], [ 74.81771, 33.85085 ], [ 74.81829, 33.8499 ], [ 74.81829, 33.84918 ], [ 74.81772, 33.84894 ], [ 74.81772, 33.84846 ], [ 74.816, 33.84749 ], [ 74.81571, 33.84677 ], [ 74.8137, 33.84629 ], [ 74.81313, 33.84557 ], [ 74.81226, 33.84557 ], [ 74.81198, 33.84413 ], [ 74.81083, 33.84389 ], [ 74.81026, 33.84317 ], [ 74.80939, 33.84316 ], [ 74.80939, 33.84268 ], [ 74.80537, 33.8422 ], [ 74.80537, 33.84364 ], [ 74.80594, 33.84388 ], [ 74.80651, 33.84532 ], [ 74.80795, 33.84652 ], [ 74.80795, 33.847 ], [ 74.80996, 33.84844 ], [ 74.8134, 33.84965 ], [ 74.81627, 33.85205 ], [ 74.81685, 33.85205 ] ] ] } },
{ "type": "Feature", "properties": { "terrace_id": 56, "area_km2": 0.516, "scarp_frac": 0.51, "strict_ha": 0.0, "drop_ha": 0.0 }, "geometry": { "type": "Polygon", "coordinates": [ [ [ 74.62007, 34.00418 ], [ 74.62065, 34.00299 ], [ 74.6195, 34.0013 ], [ 74.61951, 34.00058 ], [ 74.61893, 34.00034 ], [ 74.61893, 34.00106 ], [ 74.61835, 34.00082 ], [ 74.61807, 33.99962 ], [ 74.61894, 33.99962 ], [ 74.61865, 33.99914 ], [ 74.61894, 33.99866 ], [ 74.61808, 33.99794 ], [ 74.61751, 33.99578 ], [ 74.61693, 33.99626 ], [ 74.61607, 33.99626 ], [ 74.6155, 33.99553 ], [ 74.61492, 33.99553 ], [ 74.61464, 33.99385 ], [ 74.61378, 33.99217 ], [ 74.61206, 33.99073 ], [ 74.61207, 33.99001 ], [ 74.61149, 33.99 ], [ 74.61149, 33.98928 ], [ 74.61063, 33.98904 ], [ 74.60975, 33.99168 ], [ 74.61061, 33.99288 ], [ 74.61061, 33.9936 ], [ 74.61262, 33.99528 ], [ 74.61318, 33.99745 ], [ 74.61405, 33.99793 ], [ 74.61376, 33.99841 ], [ 74.61404, 34.00009 ], [ 74.61519, 34.00081 ], [ 74.61518, 34.00201 ], [ 74.61633, 34.00201 ], [ 74.61662, 34.00249 ], [ 74.61806, 34.00274 ], [ 74.61863, 34.0037 ], [ 74.61949, 34.00346 ], [ 74.61949, 34.00394 ], [ 74.62007, 34.00418 ] ] ] } },
{ "type": "Feature", "properties": { "terrace_id": 57, "area_km2": 0.499, "scarp_frac": 0.76, "strict_ha": 1.71, "drop_ha": 4.68 }, "geometry": { "type": "Polygon", "coordinates": [ [ [ 74.7381, 34.028 ], [ 74.73868, 34.02704 ], [ 74.73868, 34.02585 ], [ 74.73897, 34.02585 ], [ 74.7384, 34.02513 ], [ 74.7384, 34.02441 ], [ 74.74157, 34.02225 ], [ 74.74129, 34.02057 ], [ 74.73956, 34.01985 ], [ 74.73842, 34.01841 ], [ 74.73929, 34.01505 ], [ 74.74044, 34.01457 ], [ 74.74045, 34.01409 ], [ 74.74189, 34.01266 ], [ 74.7416, 34.01218 ], [ 74.74103, 34.01242 ], [ 74.74103, 34.01146 ], [ 74.74132, 34.01146 ], [ 74.74103, 34.01026 ], [ 74.73843, 34.01241 ], [ 74.73872, 34.01289 ], [ 74.73959, 34.01289 ], [ 74.73929, 34.01385 ], [ 74.73901, 34.01409 ], [ 74.73814, 34.01385 ], [ 74.73843, 34.01361 ], [ 74.73814, 34.01313 ], [ 74.73728, 34.01361 ], [ 74.73698, 34.01601 ], [ 74.73611, 34.01792 ], [ 74.73639, 34.02224 ], [ 74.73668, 34.02224 ], [ 74.73667, 34.02272 ], [ 74.7361, 34.02296 ], [ 74.73609, 34.02392 ], [ 74.73638, 34.02392 ], [ 74.73609, 34.02608 ], [ 74.73724, 34.02704 ], [ 74.73723, 34.02776 ], [ 74.7381, 34.028 ] ] ] } },
{ "type": "Feature", "properties": { "terrace_id": 58, "area_km2": 0.49, "scarp_frac": 0.75, "strict_ha": 0.0, "drop_ha": 0.0 }, "geometry": { "type": "Polygon", "coordinates": [ [ [ 74.82431, 33.8583 ], [ 74.82518, 33.85686 ], [ 74.82489, 33.85518 ], [ 74.82547, 33.8547 ], [ 74.8226, 33.85422 ], [ 74.82202, 33.85302 ], [ 74.82231, 33.85302 ], [ 74.82231, 33.8523 ], [ 74.82432, 33.85254 ], [ 74.82519, 33.85159 ], [ 74.82605, 33.85135 ], [ 74.82605, 33.85087 ], [ 74.82375, 33.85062 ], [ 74.82261, 33.84966 ], [ 74.82002, 33.84894 ], [ 74.82002, 33.84966 ], [ 74.81973, 33.84942 ], [ 74.81915, 33.84966 ], [ 74.81915, 33.85062 ], [ 74.81887, 33.85062 ], [ 74.81915, 33.85182 ], [ 74.81857, 33.85206 ], [ 74.81857, 33.85302 ], [ 74.81742, 33.85421 ], [ 74.81742, 33.85469 ], [ 74.81828, 33.85541 ], [ 74.81799, 33.85733 ], [ 74.81914, 33.85781 ], [ 74.81943, 33.85757 ], [ 74.82374, 33.85782 ], [ 74.82431, 33.8583 ] ] ] } },
{ "type": "Feature", "properties": { "terrace_id": 59, "area_km2": 0.467, "scarp_frac": 0.25, "strict_ha": 0.0, "drop_ha": 0.0 }, "geometry": { "type": "Polygon", "coordinates": [ [ [ 74.57746, 33.99877 ], [ 74.57746, 33.99829 ], [ 74.57833, 33.99853 ], [ 74.57862, 33.99805 ], [ 74.57919, 33.99829 ], [ 74.5792, 33.99781 ], [ 74.57776, 33.99661 ], [ 74.58007, 33.99614 ], [ 74.57979, 33.99374 ], [ 74.57779, 33.99109 ], [ 74.5778, 33.98965 ], [ 74.57723, 33.98845 ], [ 74.57579, 33.98725 ], [ 74.57579, 33.98677 ], [ 74.57436, 33.98556 ], [ 74.57436, 33.98484 ], [ 74.57379, 33.9846 ], [ 74.57321, 33.98508 ], [ 74.5732, 33.98652 ], [ 74.57233, 33.98747 ], [ 74.57233, 33.98843 ], [ 74.57319, 33.98844 ], [ 74.57319, 33.98916 ], [ 74.57434, 33.98988 ], [ 74.57404, 33.99108 ], [ 74.57548, 33.99108 ], [ 74.57548, 33.99204 ], [ 74.5749, 33.99252 ], [ 74.57489, 33.9942 ], [ 74.57576, 33.9942 ], [ 74.57574, 33.99732 ], [ 74.5766, 33.99781 ], [ 74.57689, 33.99877 ], [ 74.57746, 33.99877 ] ] ] } },
{ "type": "Feature", "properties": { "terrace_id": 60, "area_km2": 0.456, "scarp_frac": 0.64, "strict_ha": 0.0, "drop_ha": 0.36 }, "geometry": { "type": "Polygon", "coordinates": [ [ [ 74.7134, 34.0042 ], [ 74.7134, 34.00372 ], [ 74.71455, 34.00348 ], [ 74.71456, 34.00204 ], [ 74.71542, 34.00156 ], [ 74.716, 34.00061 ], [ 74.71601, 33.99989 ], [ 74.71457, 33.99748 ], [ 74.71457, 33.997 ], [ 74.71544, 33.99701 ], [ 74.71544, 33.99653 ], [ 74.71429, 33.99628 ], [ 74.71429, 33.9958 ], [ 74.71631, 33.99437 ], [ 74.71631, 33.99389 ], [ 74.71488, 33.99269 ], [ 74.71401, 33.99268 ], [ 74.71373, 33.99148 ], [ 74.71287, 33.99148 ], [ 74.71286, 33.99172 ], [ 74.712, 33.99172 ], [ 74.71257, 33.99244 ], [ 74.712, 33.99244 ], [ 74.71113, 33.9934 ], [ 74.70882, 33.99387 ], [ 74.70854, 33.99435 ], [ 74.70911, 33.99483 ], [ 74.70997, 33.99483 ], [ 74.70968, 33.99531 ], [ 74.70997, 33.99627 ], [ 74.71141, 33.997 ], [ 74.71197, 33.99988 ], [ 74.71283, 34.00084 ], [ 74.71254, 34.00372 ], [ 74.71282, 34.0042 ], [ 74.7134, 34.0042 ] ] ] } },
{ "type": "Feature", "properties": { "terrace_id": 61, "area_km2": 0.449, "scarp_frac": 0.32, "strict_ha": 0.0, "drop_ha": 2.7 }, "geometry": { "type": "Polygon", "coordinates": [ [ [ 74.61628, 34.01401 ], [ 74.61628, 34.01377 ], [ 74.61714, 34.01377 ], [ 74.61715, 34.01329 ], [ 74.61772, 34.01305 ], [ 74.61802, 34.01066 ], [ 74.6186, 34.01066 ], [ 74.61888, 34.01114 ], [ 74.61889, 34.01042 ], [ 74.61946, 34.0109 ], [ 74.62062, 34.01042 ], [ 74.62062, 34.00946 ], [ 74.62149, 34.00875 ], [ 74.6212, 34.00827 ], [ 74.62149, 34.00779 ], [ 74.62092, 34.00731 ], [ 74.62093, 34.00563 ], [ 74.61949, 34.00562 ], [ 74.61949, 34.00514 ], [ 74.61805, 34.00394 ], [ 74.61776, 34.00394 ], [ 74.61776, 34.00466 ], [ 74.61719, 34.00466 ], [ 74.6169, 34.00393 ], [ 74.61604, 34.00393 ], [ 74.61575, 34.00345 ], [ 74.61517, 34.00345 ], [ 74.61488, 34.00537 ], [ 74.61603, 34.00513 ], [ 74.61632, 34.00561 ], [ 74.61545, 34.00609 ], [ 74.61459, 34.00609 ], [ 74.6143, 34.00657 ], [ 74.61515, 34.00777 ], [ 74.61515, 34.00873 ], [ 74.61601, 34.01041 ], [ 74.61514, 34.01017 ], [ 74.61427, 34.01208 ], [ 74.61542, 34.01233 ], [ 74.61542, 34.01377 ], [ 74.61628, 34.01401 ] ] ] } },
{ "type": "Feature", "properties": { "terrace_id": 62, "area_km2": 0.438, "scarp_frac": 0.66, "strict_ha": 0.0, "drop_ha": 0.0 }, "geometry": { "type": "Polygon", "coordinates": [ [ [ 75.02646, 33.80024 ], [ 75.02559, 33.80132 ], [ 75.02502, 33.80132 ], [ 75.02502, 33.8018 ], [ 75.02416, 33.80252 ], [ 75.02243, 33.803 ], [ 75.02358, 33.80372 ], [ 75.02272, 33.8042 ], [ 75.02387, 33.80444 ], [ 75.02358, 33.80492 ], [ 75.02387, 33.8054 ], [ 75.02675, 33.80564 ], [ 75.02761, 33.80636 ], [ 75.02761, 33.80684 ], [ 75.02991, 33.80732 ], [ 75.03048, 33.80684 ], [ 75.02991, 33.80636 ], [ 75.02991, 33.8054 ], [ 75.03077, 33.80492 ], [ 75.03077, 33.80348 ], [ 75.03134, 33.80276 ], [ 75.03249, 33.80252 ], [ 75.03192, 33.8018 ], [ 75.03192, 33.80084 ], [ 75.0322, 33.80036 ], [ 75.03307, 33.80023 ], [ 75.02646, 33.80024 ] ] ] } },
{ "type": "Feature", "properties": { "terrace_id": 63, "area_km2": 0.425, "scarp_frac": 0.64, "strict_ha": 0.0, "drop_ha": 0.0 }, "geometry": { "type": "Polygon", "coordinates": [ [ [ 74.55, 34.14573 ], [ 74.55279, 34.1443 ], [ 74.5551, 34.14407 ], [ 74.55511, 34.14311 ], [ 74.55626, 34.14263 ], [ 74.55454, 34.14167 ], [ 74.55425, 34.14095 ], [ 74.55512, 34.14071 ], [ 74.55512, 34.14023 ], [ 74.55339, 34.13926 ], [ 74.5534, 34.13831 ], [ 74.55571, 34.13807 ], [ 74.55715, 34.13856 ], [ 74.55744, 34.13808 ], [ 74.55716, 34.1364 ], [ 74.5537, 34.13615 ], [ 74.55341, 34.13663 ], [ 74.55168, 34.13662 ], [ 74.55167, 34.13734 ], [ 74.5508, 34.13806 ], [ 74.55, 34.13781 ], [ 74.55, 34.14573 ] ] ] } },
{ "type": "Feature", "properties": { "terrace_id": 64, "area_km2": 0.42, "scarp_frac": 0.54, "strict_ha": 1.26, "drop_ha": 10.17 }, "geometry": { "type": "Polygon", "coordinates": [ [ [ 74.6473, 34.03737 ], [ 74.6473, 34.03665 ], [ 74.64874, 34.03618 ], [ 74.64875, 34.03498 ], [ 74.64817, 34.03474 ], [ 74.6476, 34.03258 ], [ 74.64674, 34.03185 ], [ 74.64617, 34.03185 ], [ 74.64617, 34.03137 ], [ 74.64501, 34.03161 ], [ 74.64502, 34.03137 ], [ 74.64329, 34.03112 ], [ 74.64243, 34.0304 ], [ 74.64243, 34.03016 ], [ 74.64329, 34.03016 ], [ 74.64329, 34.0304 ], [ 74.64444, 34.03041 ], [ 74.64416, 34.03017 ], [ 74.64445, 34.02921 ], [ 74.64215, 34.02872 ], [ 74.64215, 34.02824 ], [ 74.64272, 34.02824 ], [ 74.64273, 34.02704 ], [ 74.64244, 34.02704 ], [ 74.64273, 34.02656 ], [ 74.64187, 34.02584 ], [ 74.64187, 34.02536 ], [ 74.64158, 34.02536 ], [ 74.64158, 34.02608 ], [ 74.63927, 34.02631 ], [ 74.63812, 34.02751 ], [ 74.63782, 34.02919 ], [ 74.64098, 34.03184 ], [ 74.64156, 34.03136 ], [ 74.64329, 34.0316 ], [ 74.64414, 34.03376 ], [ 74.645, 34.03449 ], [ 74.645, 34.03521 ], [ 74.64701, 34.03665 ], [ 74.64701, 34.03737 ], [ 74.6473, 34.03737 ] ] ] } },
{ "type": "Feature", "properties": { "terrace_id": 65, "area_km2": 0.419, "scarp_frac": 0.57, "strict_ha": 0.0, "drop_ha": 0.09 }, "geometry": { "type": "Polygon", "coordinates": [ [ [ 74.72692, 34.00879 ], [ 74.72721, 34.00783 ], [ 74.72635, 34.00759 ], [ 74.72635, 34.00639 ], [ 74.72693, 34.00591 ], [ 74.72693, 34.00663 ], [ 74.72722, 34.00663 ], [ 74.72866, 34.00495 ], [ 74.72809, 34.00327 ], [ 74.72867, 34.00327 ], [ 74.72925, 34.00231 ], [ 74.73127, 34.0016 ], [ 74.73127, 34.00112 ], [ 74.73242, 34.00064 ], [ 74.73242, 34.00016 ], [ 74.73358, 33.99944 ], [ 74.73329, 33.99848 ], [ 74.72897, 33.99872 ], [ 74.7284, 33.99799 ], [ 74.72811, 33.99823 ], [ 74.72839, 33.99871 ], [ 74.72724, 33.99895 ], [ 74.72724, 33.99943 ], [ 74.7281, 33.99943 ], [ 74.7281, 33.99991 ], [ 74.72753, 33.99991 ], [ 74.72579, 34.00135 ], [ 74.72579, 34.00231 ], [ 74.72406, 34.0035 ], [ 74.72434, 34.00446 ], [ 74.72376, 34.00542 ], [ 74.72405, 34.00734 ], [ 74.72433, 34.00758 ], [ 74.72491, 34.00734 ], [ 74.72491, 34.00806 ], [ 74.72692, 34.00879 ] ] ] } },
{ "type": "Feature", "properties": { "terrace_id": 66, "area_km2": 0.394, "scarp_frac": 0.46, "strict_ha": 0.0, "drop_ha": 0.0 }, "geometry": { "type": "Polygon", "coordinates": [ [ [ 74.57665, 34.10336 ], [ 74.57666, 34.10264 ], [ 74.57723, 34.10264 ], [ 74.57724, 34.10216 ], [ 74.57551, 34.10144 ], [ 74.57552, 34.10048 ], [ 74.57494, 34.10024 ], [ 74.57524, 34.09832 ], [ 74.57466, 34.09808 ], [ 74.57467, 34.09736 ], [ 74.5738, 34.09688 ], [ 74.57352, 34.09591 ], [ 74.57265, 34.09639 ], [ 74.57121, 34.09615 ], [ 74.57034, 34.09662 ], [ 74.56861, 34.09662 ], [ 74.56861, 34.09686 ], [ 74.56688, 34.09709 ], [ 74.56803, 34.09805 ], [ 74.5686, 34.09974 ], [ 74.56918, 34.0995 ], [ 74.56917, 34.10022 ], [ 74.57032, 34.10142 ], [ 74.57176, 34.10143 ], [ 74.57176, 34.10191 ], [ 74.57262, 34.10215 ], [ 74.57291, 34.10263 ], [ 74.57665, 34.10336 ] ] ] } },
{ "type": "Feature", "properties": { "terrace_id": 67, "area_km2": 0.371, "scarp_frac": 0.7, "strict_ha": 0.0, "drop_ha": 0.0 }, "geometry": { "type": "Polygon", "coordinates": [ [ [ 75.13742, 33.82332 ], [ 75.13742, 33.82284 ], [ 75.13771, 33.82308 ], [ 75.13828, 33.82284 ], [ 75.13799, 33.82236 ], [ 75.13885, 33.82164 ], [ 75.13885, 33.82092 ], [ 75.13828, 33.82044 ], [ 75.13684, 33.82068 ], [ 75.13598, 33.82021 ], [ 75.13598, 33.81973 ], [ 75.13454, 33.81973 ], [ 75.13425, 33.81901 ], [ 75.13339, 33.81877 ], [ 75.13224, 33.81733 ], [ 75.13224, 33.81661 ], [ 75.13281, 33.81637 ], [ 75.13252, 33.81589 ], [ 75.13051, 33.81589 ], [ 75.12994, 33.81661 ], [ 75.12936, 33.81661 ], [ 75.12907, 33.81613 ], [ 75.12764, 33.81638 ], [ 75.12792, 33.81734 ], [ 75.12706, 33.81782 ], [ 75.12706, 33.81854 ], [ 75.12764, 33.81877 ], [ 75.12793, 33.81973 ], [ 75.12965, 33.81997 ], [ 75.13052, 33.82093 ], [ 75.13195, 33.82093 ], [ 75.13483, 33.82213 ], [ 75.13569, 33.82213 ], [ 75.13742, 33.82332 ] ] ] } },
{ "type": "Feature", "properties": { "terrace_id": 68, "area_km2": 0.37, "scarp_frac": 0.34, "strict_ha": 0.0, "drop_ha": 0.63 }, "geometry": { "type": "Polygon", "coordinates": [ [ [ 75.017, 33.93016 ], [ 75.01815, 33.9292 ], [ 75.01844, 33.92968 ], [ 75.01988, 33.92944 ], [ 75.02045, 33.92992 ], [ 75.02218, 33.92968 ], [ 75.02218, 33.92896 ], [ 75.02131, 33.928 ], [ 75.02131, 33.92584 ], [ 75.0216, 33.92584 ], [ 75.02131, 33.92272 ], [ 75.02016, 33.922 ], [ 75.02016, 33.92104 ], [ 75.0193, 33.92104 ], [ 75.0193, 33.92032 ], [ 75.01872, 33.92056 ], [ 75.01844, 33.922 ], [ 75.01786, 33.92248 ], [ 75.01844, 33.92344 ], [ 75.01815, 33.92536 ], [ 75.01757, 33.9256 ], [ 75.01786, 33.92752 ], [ 75.01671, 33.92776 ], [ 75.01585, 33.9268 ], [ 75.0147, 33.9268 ], [ 75.01383, 33.92776 ], [ 75.01326, 33.92776 ], [ 75.01354, 33.92848 ], [ 75.01642, 33.92848 ], [ 75.01642, 33.92992 ], [ 75.017, 33.93016 ] ] ] } },
{ "type": "Feature", "properties": { "terrace_id": 69, "area_km2": 0.358, "scarp_frac": 0.61, "strict_ha": 0.0, "drop_ha": 0.0 }, "geometry": { "type": "Polygon", "coordinates": [ [ [ 74.57731, 34.02924 ], [ 74.57789, 34.029 ], [ 74.57733, 34.02564 ], [ 74.57819, 34.02564 ], [ 74.57848, 34.02516 ], [ 74.57733, 34.02444 ], [ 74.57647, 34.02467 ], [ 74.57648, 34.02275 ], [ 74.57907, 34.02228 ], [ 74.57908, 34.02132 ], [ 74.57764, 34.02084 ], [ 74.57707, 34.0194 ], [ 74.57535, 34.01795 ], [ 74.57535, 34.01723 ], [ 74.5742, 34.01675 ], [ 74.57392, 34.01603 ], [ 74.57334, 34.01603 ], [ 74.57277, 34.01626 ], [ 74.57276, 34.01674 ], [ 74.57362, 34.01771 ], [ 74.5742, 34.01771 ], [ 74.57419, 34.01891 ], [ 74.57333, 34.01963 ], [ 74.57275, 34.01962 ], [ 74.57361, 34.02107 ], [ 74.57359, 34.0237 ], [ 74.57532, 34.02491 ], [ 74.57559, 34.02755 ], [ 74.57731, 34.02924 ] ] ] } },
{ "type": "Feature", "properties": { "terrace_id": 70, "area_km2": 0.353, "scarp_frac": 0.26, "strict_ha": 0.0, "drop_ha": 0.18 }, "geometry": { "type": "Polygon", "coordinates": [ [ [ 74.64804, 34.06568 ], [ 74.64805, 34.06496 ], [ 74.64891, 34.06425 ], [ 74.65122, 34.06425 ], [ 74.65094, 34.06329 ], [ 74.65151, 34.06281 ], [ 74.65267, 34.0633 ], [ 74.65324, 34.06306 ], [ 74.65325, 34.0621 ], [ 74.65181, 34.06138 ], [ 74.65066, 34.06137 ], [ 74.65037, 34.05993 ], [ 74.64922, 34.05969 ], [ 74.64836, 34.05825 ], [ 74.64779, 34.05825 ], [ 74.64807, 34.05849 ], [ 74.64778, 34.05897 ], [ 74.64605, 34.0592 ], [ 74.64547, 34.05968 ], [ 74.64518, 34.06088 ], [ 74.64402, 34.06159 ], [ 74.64402, 34.06279 ], [ 74.64575, 34.06304 ], [ 74.64546, 34.06352 ], [ 74.64574, 34.06496 ], [ 74.64632, 34.06496 ], [ 74.64718, 34.06424 ], [ 74.64747, 34.06544 ], [ 74.64804, 34.06568 ] ] ] } },
{ "type": "Feature", "properties": { "terrace_id": 71, "area_km2": 0.342, "scarp_frac": 0.58, "strict_ha": 0.0, "drop_ha": 0.0 }, "geometry": { "type": "Polygon", "coordinates": [ [ [ 74.57179, 34.03785 ], [ 74.57209, 34.03569 ], [ 74.57267, 34.03498 ], [ 74.57268, 34.03354 ], [ 74.57355, 34.03234 ], [ 74.57298, 34.03162 ], [ 74.57211, 34.03138 ], [ 74.57211, 34.0321 ], [ 74.57182, 34.03186 ], [ 74.57125, 34.03209 ], [ 74.57182, 34.03257 ], [ 74.57182, 34.03329 ], [ 74.57067, 34.03257 ], [ 74.57009, 34.03257 ], [ 74.57009, 34.03329 ], [ 74.56922, 34.03305 ], [ 74.56952, 34.03185 ], [ 74.56894, 34.03137 ], [ 74.57039, 34.03113 ], [ 74.57038, 34.03161 ], [ 74.57125, 34.03137 ], [ 74.57097, 34.02921 ], [ 74.5704, 34.02897 ], [ 74.56982, 34.02921 ], [ 74.56953, 34.02993 ], [ 74.56867, 34.02944 ], [ 74.56809, 34.02968 ], [ 74.56779, 34.0316 ], [ 74.56663, 34.03256 ], [ 74.56663, 34.03376 ], [ 74.5672, 34.03424 ], [ 74.56719, 34.03544 ], [ 74.56834, 34.03616 ], [ 74.56834, 34.03664 ], [ 74.56949, 34.03664 ], [ 74.5692, 34.0376 ], [ 74.57179, 34.03785 ] ] ] } },
{ "type": "Feature", "properties": { "terrace_id": 72, "area_km2": 0.316, "scarp_frac": 0.54, "strict_ha": 0.0, "drop_ha": 0.0 }, "geometry": { "type": "Polygon", "coordinates": [ [ [ 74.70965, 34.00395 ], [ 74.70995, 34.00299 ], [ 74.70937, 34.00251 ], [ 74.70938, 34.00131 ], [ 74.70995, 34.00107 ], [ 74.70995, 34.00035 ], [ 74.7091, 33.99843 ], [ 74.70939, 33.99771 ], [ 74.70824, 33.99651 ], [ 74.70738, 33.99627 ], [ 74.70708, 33.99747 ], [ 74.70507, 33.9977 ], [ 74.70506, 33.9989 ], [ 74.70391, 33.9989 ], [ 74.70362, 34.00034 ], [ 74.70304, 34.00033 ], [ 74.70275, 34.00081 ], [ 74.70189, 34.00081 ], [ 74.70189, 34.00129 ], [ 74.70304, 34.00225 ], [ 74.7039, 34.00226 ], [ 74.7039, 34.0025 ], [ 74.70505, 34.00226 ], [ 74.70534, 34.00274 ], [ 74.70591, 34.0025 ], [ 74.70592, 34.00202 ], [ 74.70678, 34.00202 ], [ 74.70736, 34.00154 ], [ 74.70851, 34.00275 ], [ 74.70879, 34.00371 ], [ 74.70965, 34.00395 ] ] ] } },
{ "type": "Feature", "properties": { "terrace_id": 73, "area_km2": 0.302, "scarp_frac": 0.72, "strict_ha": 0.0, "drop_ha": 0.0 }, "geometry": { "type": "Polygon", "coordinates": [ [ [ 75.15, 33.83218 ], [ 75.14864, 33.83147 ], [ 75.14864, 33.83099 ], [ 75.14663, 33.83123 ], [ 75.14606, 33.83099 ], [ 75.14606, 33.83051 ], [ 75.1449, 33.83027 ], [ 75.14462, 33.82979 ], [ 75.1426, 33.82955 ], [ 75.14146, 33.83052 ], [ 75.14059, 33.83052 ], [ 75.13973, 33.82908 ], [ 75.13916, 33.83004 ], [ 75.13686, 33.83076 ], [ 75.13686, 33.83124 ], [ 75.13801, 33.83172 ], [ 75.13887, 33.83172 ], [ 75.13887, 33.83196 ], [ 75.14088, 33.83172 ], [ 75.14146, 33.83219 ], [ 75.14318, 33.83219 ], [ 75.14635, 33.83363 ], [ 75.14779, 33.83363 ], [ 75.14836, 33.83435 ], [ 75.15, 33.83458 ], [ 75.15, 33.83218 ] ] ] } },
{ "type": "Feature", "properties": { "terrace_id": 74, "area_km2": 0.292, "scarp_frac": 0.58, "strict_ha": 0.0, "drop_ha": 0.0 }, "geometry": { "type": "Polygon", "coordinates": [ [ [ 74.74076, 33.91213 ], [ 74.74076, 33.91141 ], [ 74.74133, 33.91166 ], [ 74.74133, 33.91118 ], [ 74.7422, 33.91118 ], [ 74.7422, 33.91046 ], [ 74.74105, 33.90974 ], [ 74.74077, 33.90878 ], [ 74.73962, 33.90853 ], [ 74.73904, 33.90781 ], [ 74.73818, 33.90781 ], [ 74.73818, 33.90757 ], [ 74.73703, 33.90781 ], [ 74.73674, 33.90685 ], [ 74.73645, 33.90709 ], [ 74.73444, 33.90684 ], [ 74.73415, 33.90732 ], [ 74.73358, 33.90588 ], [ 74.73272, 33.90588 ], [ 74.73157, 33.90492 ], [ 74.73071, 33.90491 ], [ 74.7307, 33.90563 ], [ 74.73271, 33.90684 ], [ 74.73357, 33.90828 ], [ 74.73386, 33.9078 ], [ 74.73473, 33.9078 ], [ 74.73472, 33.90828 ], [ 74.73386, 33.90852 ], [ 74.73386, 33.909 ], [ 74.73472, 33.90972 ], [ 74.7353, 33.90972 ], [ 74.73587, 33.91044 ], [ 74.73702, 33.91069 ], [ 74.73845, 33.91165 ], [ 74.74076, 33.91213 ] ] ] } },
{ "type": "Feature", "properties": { "terrace_id": 75, "area_km2": 0.287, "scarp_frac": 0.34, "strict_ha": 0.0, "drop_ha": 0.99 }, "geometry": { "type": "Polygon", "coordinates": [ [ [ 74.66363, 34.06093 ], [ 74.66478, 34.06021 ], [ 74.66479, 34.05949 ], [ 74.66508, 34.05949 ], [ 74.66364, 34.05901 ], [ 74.66364, 34.05853 ], [ 74.66479, 34.05901 ], [ 74.66566, 34.05758 ], [ 74.66393, 34.05661 ], [ 74.66336, 34.05541 ], [ 74.66278, 34.05565 ], [ 74.66278, 34.05637 ], [ 74.6625, 34.05589 ], [ 74.66192, 34.05589 ], [ 74.66192, 34.05517 ], [ 74.66337, 34.05469 ], [ 74.66279, 34.05421 ], [ 74.6628, 34.05301 ], [ 74.66136, 34.05205 ], [ 74.65992, 34.05204 ], [ 74.65991, 34.05372 ], [ 74.66077, 34.05444 ], [ 74.66048, 34.0554 ], [ 74.6599, 34.05516 ], [ 74.6599, 34.05684 ], [ 74.66076, 34.05684 ], [ 74.66076, 34.05708 ], [ 74.65874, 34.05708 ], [ 74.65902, 34.05948 ], [ 74.66104, 34.05924 ], [ 74.66133, 34.059 ], [ 74.66104, 34.05828 ], [ 74.66191, 34.05829 ], [ 74.6622, 34.05757 ], [ 74.66278, 34.05757 ], [ 74.6622, 34.05901 ], [ 74.66363, 34.06093 ] ] ] } },
{ "type": "Feature", "properties": { "terrace_id": 76, "area_km2": 0.287, "scarp_frac": 0.6, "strict_ha": 0.0, "drop_ha": 0.0 }, "geometry": { "type": "Polygon", "coordinates": [ [ [ 74.5568, 34.14983 ], [ 74.55565, 34.14887 ], [ 74.55566, 34.14815 ], [ 74.55624, 34.14767 ], [ 74.55739, 34.14768 ], [ 74.55854, 34.1484 ], [ 74.55882, 34.14912 ], [ 74.55969, 34.14888 ], [ 74.55998, 34.14864 ], [ 74.55971, 34.14624 ], [ 74.56057, 34.14553 ], [ 74.56029, 34.14505 ], [ 74.55942, 34.14504 ], [ 74.55827, 34.14576 ], [ 74.55624, 34.14599 ], [ 74.55624, 34.14623 ], [ 74.55538, 34.14599 ], [ 74.55539, 34.14479 ], [ 74.55452, 34.14479 ], [ 74.55249, 34.14574 ], [ 74.55307, 34.14646 ], [ 74.55306, 34.14718 ], [ 74.55104, 34.14837 ], [ 74.55161, 34.14885 ], [ 74.55277, 34.14886 ], [ 74.55334, 34.14958 ], [ 74.55103, 34.14933 ], [ 74.55074, 34.15 ], [ 74.5568, 34.14983 ] ] ] } },
{ "type": "Feature", "properties": { "terrace_id": 77, "area_km2": 0.285, "scarp_frac": 0.37, "strict_ha": 0.0, "drop_ha": 0.0 }, "geometry": { "type": "Polygon", "coordinates": [ [ [ 75.14948, 33.81827 ], [ 75.14977, 33.81851 ], [ 75.14949, 33.81923 ], [ 75.14776, 33.81923 ], [ 75.1469, 33.81875 ], [ 75.1469, 33.81827 ], [ 75.14603, 33.81779 ], [ 75.14546, 33.81684 ], [ 75.14172, 33.81636 ], [ 75.14143, 33.8166 ], [ 75.14172, 33.81732 ], [ 75.14115, 33.81756 ], [ 75.14057, 33.81876 ], [ 75.14172, 33.81924 ], [ 75.14144, 33.82068 ], [ 75.14259, 33.8214 ], [ 75.14317, 33.8214 ], [ 75.14374, 33.82068 ], [ 75.14633, 33.82067 ], [ 75.1469, 33.82115 ], [ 75.1492, 33.82067 ], [ 75.15, 33.82115 ], [ 75.15, 33.81827 ], [ 75.14948, 33.81827 ] ] ] } },
{ "type": "Feature", "properties": { "terrace_id": 78, "area_km2": 0.273, "scarp_frac": 0.43, "strict_ha": 0.0, "drop_ha": 0.0 }, "geometry": { "type": "Polygon", "coordinates": [ [ [ 74.69055, 33.94992 ], [ 74.69142, 33.94873 ], [ 74.69171, 33.94849 ], [ 74.69228, 33.94873 ], [ 74.69257, 33.94825 ], [ 74.69171, 33.94825 ], [ 74.69113, 33.94753 ], [ 74.69056, 33.94752 ], [ 74.6897, 33.9468 ], [ 74.68941, 33.94584 ], [ 74.68884, 33.94584 ], [ 74.68884, 33.94632 ], [ 74.68826, 33.94656 ], [ 74.68855, 33.9456 ], [ 74.68798, 33.94488 ], [ 74.68769, 33.94536 ], [ 74.68654, 33.94536 ], [ 74.68625, 33.94487 ], [ 74.6851, 33.94487 ], [ 74.68453, 33.94391 ], [ 74.6828, 33.94391 ], [ 74.6828, 33.94487 ], [ 74.68251, 33.94462 ], [ 74.68193, 33.94486 ], [ 74.68193, 33.94582 ], [ 74.68222, 33.94606 ], [ 74.68279, 33.94583 ], [ 74.68279, 33.94702 ], [ 74.68423, 33.94703 ], [ 74.68423, 33.94751 ], [ 74.68538, 33.94799 ], [ 74.68739, 33.948 ], [ 74.68796, 33.94872 ], [ 74.68969, 33.94944 ], [ 74.68969, 33.94992 ], [ 74.69055, 33.94992 ] ] ] } },
{ "type": "Feature", "properties": { "terrace_id": 79, "area_km2": 0.269, "scarp_frac": 0.58, "strict_ha": 0.0, "drop_ha": 0.0 }, "geometry": { "type": "Polygon", "coordinates": [ [ [ 75.14921, 33.82667 ], [ 75.14864, 33.82619 ], [ 75.14863, 33.82475 ], [ 75.14835, 33.82475 ], [ 75.14806, 33.82331 ], [ 75.14518, 33.82283 ], [ 75.14374, 33.8238 ], [ 75.14202, 33.82404 ], [ 75.14231, 33.825 ], [ 75.14173, 33.82524 ], [ 75.14231, 33.8262 ], [ 75.14576, 33.82667 ], [ 75.14605, 33.82763 ], [ 75.14979, 33.82859 ], [ 75.15, 33.82667 ], [ 75.14921, 33.82667 ] ] ] } },
{ "type": "Feature", "properties": { "terrace_id": 80, "area_km2": 0.26, "scarp_frac": 0.67, "strict_ha": 0.0, "drop_ha": 0.0 }, "geometry": { "type": "Polygon", "coordinates": [ [ [ 74.68637, 33.99046 ], [ 74.68725, 33.98758 ], [ 74.6861, 33.98686 ], [ 74.6861, 33.98566 ], [ 74.68726, 33.98494 ], [ 74.68726, 33.98446 ], [ 74.68697, 33.98446 ], [ 74.68697, 33.98302 ], [ 74.68612, 33.98182 ], [ 74.68669, 33.9811 ], [ 74.6867, 33.98014 ], [ 74.68526, 33.9799 ], [ 74.68526, 33.98062 ], [ 74.68439, 33.9811 ], [ 74.68468, 33.98158 ], [ 74.68438, 33.98254 ], [ 74.68352, 33.98229 ], [ 74.68323, 33.98397 ], [ 74.6838, 33.98445 ], [ 74.68408, 33.98829 ], [ 74.68494, 33.98877 ], [ 74.68522, 33.98997 ], [ 74.68637, 33.99046 ] ] ] } },
{ "type": "Feature", "properties": { "terrace_id": 81, "area_km2": 0.257, "scarp_frac": 0.57, "strict_ha": 0.0, "drop_ha": 0.27 }, "geometry": { "type": "Polygon", "coordinates": [ [ [ 74.62567, 34.04043 ], [ 74.62626, 34.03827 ], [ 74.62799, 34.03756 ], [ 74.62799, 34.03684 ], [ 74.6277, 34.03683 ], [ 74.628, 34.03468 ], [ 74.62829, 34.03468 ], [ 74.62858, 34.033 ], [ 74.62916, 34.033 ], [ 74.62887, 34.03252 ], [ 74.6283, 34.03276 ], [ 74.62801, 34.03228 ], [ 74.62743, 34.03228 ], [ 74.62715, 34.03156 ], [ 74.62657, 34.03179 ], [ 74.62599, 34.03347 ], [ 74.62483, 34.03443 ], [ 74.62454, 34.03635 ], [ 74.6228, 34.0373 ], [ 74.6228, 34.03826 ], [ 74.62366, 34.0385 ], [ 74.62423, 34.04018 ], [ 74.62567, 34.04043 ] ] ] } },
{ "type": "Feature", "properties": { "terrace_id": 82, "area_km2": 0.256, "scarp_frac": 0.34, "strict_ha": 0.0, "drop_ha": 0.45 }, "geometry": { "type": "Polygon", "coordinates": [ [ [ 74.79596, 33.93167 ], [ 74.79596, 33.93071 ], [ 74.7974, 33.93047 ], [ 74.79769, 33.92999 ], [ 74.79711, 33.92975 ], [ 74.79798, 33.92975 ], [ 74.79798, 33.92903 ], [ 74.79712, 33.92831 ], [ 74.79741, 33.92687 ], [ 74.79539, 33.92639 ], [ 74.79453, 33.92519 ], [ 74.79309, 33.92495 ], [ 74.79252, 33.92423 ], [ 74.79137, 33.92423 ], [ 74.79137, 33.92519 ], [ 74.79166, 33.92519 ], [ 74.79136, 33.92662 ], [ 74.79194, 33.92639 ], [ 74.79223, 33.92735 ], [ 74.79366, 33.92735 ], [ 74.79424, 33.92783 ], [ 74.79337, 33.92879 ], [ 74.79251, 33.92879 ], [ 74.79251, 33.92951 ], [ 74.79366, 33.92975 ], [ 74.79366, 33.93023 ], [ 74.79423, 33.93047 ], [ 74.79423, 33.93143 ], [ 74.79596, 33.93167 ] ] ] } },
{ "type": "Feature", "properties": { "terrace_id": 83, "area_km2": 0.244, "scarp_frac": 0.5, "strict_ha": 0.0, "drop_ha": 0.18 }, "geometry": { "type": "Polygon", "coordinates": [ [ [ 74.73588, 33.90613 ], [ 74.73588, 33.90565 ], [ 74.73646, 33.90589 ], [ 74.73703, 33.90565 ], [ 74.73675, 33.90445 ], [ 74.73589, 33.90421 ], [ 74.73331, 33.90204 ], [ 74.73273, 33.90204 ], [ 74.73186, 33.903 ], [ 74.73129, 33.903 ], [ 74.73158, 33.90084 ], [ 74.72928, 33.90083 ], [ 74.72842, 33.89987 ], [ 74.72612, 33.90011 ], [ 74.72612, 33.90059 ], [ 74.72813, 33.90179 ], [ 74.7287, 33.90275 ], [ 74.72985, 33.90251 ], [ 74.72957, 33.90179 ], [ 74.73014, 33.90179 ], [ 74.73042, 33.90347 ], [ 74.731, 33.90372 ], [ 74.73071, 33.9042 ], [ 74.73157, 33.90444 ], [ 74.73214, 33.90516 ], [ 74.73444, 33.90612 ], [ 74.73588, 33.90613 ] ] ] } },
{ "type": "Feature", "properties": { "terrace_id": 84, "area_km2": 0.228, "scarp_frac": 0.61, "strict_ha": 0.0, "drop_ha": 0.0 }, "geometry": { "type": "Polygon", "coordinates": [ [ [ 74.69168, 33.9552 ], [ 74.69169, 33.95424 ], [ 74.69226, 33.95425 ], [ 74.69255, 33.95353 ], [ 74.6914, 33.95304 ], [ 74.6914, 33.95256 ], [ 74.68997, 33.95232 ], [ 74.68968, 33.95184 ], [ 74.68882, 33.95184 ], [ 74.68796, 33.95088 ], [ 74.68709, 33.95087 ], [ 74.68566, 33.94991 ], [ 74.68479, 33.94991 ], [ 74.68479, 33.94967 ], [ 74.68422, 33.94991 ], [ 74.68392, 33.95159 ], [ 74.6868, 33.95327 ], [ 74.68679, 33.95423 ], [ 74.68737, 33.95471 ], [ 74.68823, 33.95472 ], [ 74.68823, 33.95496 ], [ 74.69025, 33.95472 ], [ 74.69053, 33.9552 ], [ 74.69168, 33.9552 ] ] ] } },
{ "type": "Feature", "properties": { "terrace_id": 85, "area_km2": 0.22, "scarp_frac": 0.45, "strict_ha": 0.0, "drop_ha": 0.0 }, "geometry": { "type": "Polygon", "coordinates": [ [ [ 74.7045, 33.99554 ], [ 74.70479, 33.99506 ], [ 74.70565, 33.99482 ], [ 74.70566, 33.99386 ], [ 74.7045, 33.9941 ], [ 74.70364, 33.99338 ], [ 74.70393, 33.99314 ], [ 74.70365, 33.99194 ], [ 74.70452, 33.99074 ], [ 74.70452, 33.99002 ], [ 74.70308, 33.99002 ], [ 74.70193, 33.98954 ], [ 74.70193, 33.98906 ], [ 74.70107, 33.98881 ], [ 74.70049, 33.98809 ], [ 74.69934, 33.98785 ], [ 74.69876, 33.98857 ], [ 74.69847, 33.99049 ], [ 74.69904, 33.99025 ], [ 74.69962, 33.99145 ], [ 74.70019, 33.99145 ], [ 74.7002, 33.99073 ], [ 74.70048, 33.99073 ], [ 74.70048, 33.99121 ], [ 74.70163, 33.99193 ], [ 74.70191, 33.99361 ], [ 74.70249, 33.99386 ], [ 74.70249, 33.99434 ], [ 74.70364, 33.99458 ], [ 74.70335, 33.99506 ], [ 74.70363, 33.99554 ], [ 74.7045, 33.99554 ] ] ] } },
{ "type": "Feature", "properties": { "terrace_id": 86, "area_km2": 0.214, "scarp_frac": 0.33, "strict_ha": 0.0, "drop_ha": 0.0 }, "geometry": { "type": "Polygon", "coordinates": [ [ [ 74.72782, 33.90899 ], [ 74.72782, 33.90827 ], [ 74.72839, 33.90827 ], [ 74.72869, 33.90707 ], [ 74.72754, 33.90683 ], [ 74.72696, 33.90587 ], [ 74.72553, 33.9049 ], [ 74.72495, 33.9049 ], [ 74.72381, 33.9037 ], [ 74.72294, 33.9037 ], [ 74.72266, 33.90322 ], [ 74.72179, 33.90394 ], [ 74.72122, 33.90369 ], [ 74.72266, 33.90202 ], [ 74.72093, 33.90177 ], [ 74.71979, 33.90057 ], [ 74.71806, 33.90057 ], [ 74.71806, 33.90153 ], [ 74.71892, 33.90201 ], [ 74.71892, 33.90249 ], [ 74.72208, 33.9049 ], [ 74.72294, 33.9049 ], [ 74.72495, 33.90658 ], [ 74.72495, 33.90706 ], [ 74.72552, 33.90706 ], [ 74.72552, 33.90754 ], [ 74.72638, 33.90826 ], [ 74.72724, 33.90827 ], [ 74.72782, 33.90899 ] ] ] } },
{ "type": "Feature", "properties": { "terrace_id": 87, "area_km2": 0.205, "scarp_frac": 0.3, "strict_ha": 0.0, "drop_ha": 0.0 }, "geometry": { "type": "Polygon", "coordinates": [ [ [ 74.73546, 33.94931 ], [ 74.73546, 33.94883 ], [ 74.73633, 33.94883 ], [ 74.73633, 33.94835 ], [ 74.7369, 33.94835 ], [ 74.73604, 33.94691 ], [ 74.73432, 33.94643 ], [ 74.73346, 33.94571 ], [ 74.73317, 33.94475 ], [ 74.73173, 33.9445 ], [ 74.73058, 33.94498 ], [ 74.73116, 33.94402 ], [ 74.7303, 33.94354 ], [ 74.72915, 33.94354 ], [ 74.72857, 33.94426 ], [ 74.72972, 33.9445 ], [ 74.72971, 33.9457 ], [ 74.73029, 33.9457 ], [ 74.73029, 33.9469 ], [ 74.73057, 33.9469 ], [ 74.73028, 33.94786 ], [ 74.73086, 33.94882 ], [ 74.73172, 33.94858 ], [ 74.73201, 33.94786 ], [ 74.73374, 33.94787 ], [ 74.73431, 33.94907 ], [ 74.73546, 33.94931 ] ] ] } },
{ "type": "Feature", "properties": { "terrace_id": 88, "area_km2": 0.196, "scarp_frac": 0.7, "strict_ha": 0.0, "drop_ha": 0.0 }, "geometry": { "type": "Polygon", "coordinates": [ [ [ 74.81597, 33.86093 ], [ 74.81626, 33.85997 ], [ 74.8154, 33.85925 ], [ 74.81511, 33.85829 ], [ 74.81454, 33.85805 ], [ 74.81425, 33.85709 ], [ 74.81253, 33.85565 ], [ 74.81195, 33.85564 ], [ 74.81081, 33.85444 ], [ 74.80908, 33.85372 ], [ 74.80851, 33.853 ], [ 74.80765, 33.853 ], [ 74.80736, 33.85348 ], [ 74.80822, 33.8542 ], [ 74.80879, 33.85564 ], [ 74.80965, 33.85636 ], [ 74.81051, 33.85636 ], [ 74.81051, 33.85684 ], [ 74.81109, 33.85708 ], [ 74.81109, 33.8578 ], [ 74.81223, 33.85876 ], [ 74.81338, 33.85901 ], [ 74.81424, 33.85997 ], [ 74.81482, 33.85997 ], [ 74.81597, 33.86093 ] ] ] } },
{ "type": "Feature", "properties": { "terrace_id": 89, "area_km2": 0.194, "scarp_frac": 0.4, "strict_ha": 0.0, "drop_ha": 0.36 }, "geometry": { "type": "Polygon", "coordinates": [ [ [ 74.81804, 33.8319 ], [ 74.81833, 33.83094 ], [ 74.81517, 33.82902 ], [ 74.81345, 33.82686 ], [ 74.81202, 33.82661 ], [ 74.81058, 33.82517 ], [ 74.81058, 33.82469 ], [ 74.80886, 33.82349 ], [ 74.80857, 33.82541 ], [ 74.80972, 33.82661 ], [ 74.81029, 33.82661 ], [ 74.81029, 33.82781 ], [ 74.81115, 33.82781 ], [ 74.81115, 33.82805 ], [ 74.8123, 33.82781 ], [ 74.81288, 33.8283 ], [ 74.81316, 33.83022 ], [ 74.81373, 33.83022 ], [ 74.81402, 33.8307 ], [ 74.81546, 33.83046 ], [ 74.81804, 33.8319 ] ] ] } },
{ "type": "Feature", "properties": { "terrace_id": 90, "area_km2": 0.192, "scarp_frac": 0.43, "strict_ha": 0.0, "drop_ha": 0.0 }, "geometry": { "type": "Polygon", "coordinates": [ [ [ 74.5781, 33.98677 ], [ 74.57839, 33.98486 ], [ 74.57811, 33.98486 ], [ 74.57811, 33.98342 ], [ 74.57783, 33.98342 ], [ 74.57784, 33.98078 ], [ 74.57698, 33.97981 ], [ 74.57698, 33.97909 ], [ 74.57612, 33.97861 ], [ 74.57612, 33.97933 ], [ 74.57554, 33.97933 ], [ 74.57525, 33.97981 ], [ 74.57466, 33.9834 ], [ 74.57523, 33.98413 ], [ 74.57523, 33.98485 ], [ 74.57638, 33.98557 ], [ 74.57637, 33.98605 ], [ 74.5781, 33.98677 ] ] ] } },
{ "type": "Feature", "properties": { "terrace_id": 91, "area_km2": 0.189, "scarp_frac": 0.72, "strict_ha": 0.0, "drop_ha": 0.0 }, "geometry": { "type": "Polygon", "coordinates": [ [ [ 74.73478, 33.98457 ], [ 74.73449, 33.98409 ], [ 74.73507, 33.98385 ], [ 74.73507, 33.98289 ], [ 74.73478, 33.98289 ], [ 74.7345, 33.98097 ], [ 74.73393, 33.98001 ], [ 74.73422, 33.97881 ], [ 74.73278, 33.97857 ], [ 74.73105, 33.97929 ], [ 74.73104, 33.98145 ], [ 74.73075, 33.98145 ], [ 74.73133, 33.98241 ], [ 74.73103, 33.98361 ], [ 74.7319, 33.98361 ], [ 74.73247, 33.98433 ], [ 74.73478, 33.98457 ] ] ] } },
{ "type": "Feature", "properties": { "terrace_id": 92, "area_km2": 0.188, "scarp_frac": 0.28, "strict_ha": 0.0, "drop_ha": 0.0 }, "geometry": { "type": "Polygon", "coordinates": [ [ [ 74.5813, 34.09762 ], [ 74.58188, 34.09714 ], [ 74.58188, 34.09618 ], [ 74.58102, 34.0957 ], [ 74.58102, 34.09522 ], [ 74.58131, 34.09546 ], [ 74.58189, 34.09522 ], [ 74.58131, 34.0945 ], [ 74.57958, 34.09426 ], [ 74.57901, 34.09377 ], [ 74.57584, 34.09352 ], [ 74.57583, 34.09424 ], [ 74.57468, 34.09544 ], [ 74.57582, 34.09664 ], [ 74.57582, 34.09712 ], [ 74.5764, 34.09712 ], [ 74.5764, 34.0964 ], [ 74.57784, 34.09665 ], [ 74.57785, 34.09593 ], [ 74.57842, 34.09593 ], [ 74.57899, 34.09713 ], [ 74.57957, 34.0969 ], [ 74.57986, 34.09738 ], [ 74.5813, 34.09762 ] ] ] } },
{ "type": "Feature", "properties": { "terrace_id": 93, "area_km2": 0.188, "scarp_frac": 0.6, "strict_ha": 0.0, "drop_ha": 0.0 }, "geometry": { "type": "Polygon", "coordinates": [ [ [ 74.79526, 33.8621 ], [ 74.79612, 33.86114 ], [ 74.79613, 33.86042 ], [ 74.79527, 33.8597 ], [ 74.79325, 33.85945 ], [ 74.79297, 33.85897 ], [ 74.79326, 33.85825 ], [ 74.79153, 33.85801 ], [ 74.79096, 33.85729 ], [ 74.79038, 33.85729 ], [ 74.78981, 33.85777 ], [ 74.7898, 33.85873 ], [ 74.78865, 33.85968 ], [ 74.78894, 33.86065 ], [ 74.79008, 33.86161 ], [ 74.79066, 33.86161 ], [ 74.79153, 33.86041 ], [ 74.7921, 33.86041 ], [ 74.7921, 33.86089 ], [ 74.79267, 33.86089 ], [ 74.79296, 33.86137 ], [ 74.79411, 33.86161 ], [ 74.7944, 33.86209 ], [ 74.79526, 33.8621 ] ] ] } },
{ "type": "Feature", "properties": { "terrace_id": 94, "area_km2": 0.172, "scarp_frac": 0.41, "strict_ha": 0.0, "drop_ha": 0.0 }, "geometry": { "type": "Polygon", "coordinates": [ [ [ 74.55984, 34.00926 ], [ 74.56042, 34.00902 ], [ 74.56129, 34.00759 ], [ 74.56273, 34.00759 ], [ 74.56273, 34.00639 ], [ 74.56187, 34.00639 ], [ 74.56101, 34.00543 ], [ 74.55899, 34.00518 ], [ 74.55785, 34.00446 ], [ 74.55641, 34.00445 ], [ 74.55583, 34.00517 ], [ 74.55669, 34.00517 ], [ 74.55755, 34.00613 ], [ 74.5587, 34.00638 ], [ 74.5587, 34.0071 ], [ 74.55754, 34.00733 ], [ 74.55754, 34.00781 ], [ 74.55667, 34.00853 ], [ 74.55984, 34.00926 ] ] ] } },
{ "type": "Feature", "properties": { "terrace_id": 95, "area_km2": 0.172, "scarp_frac": 0.48, "strict_ha": 0.0, "drop_ha": 0.0 }, "geometry": { "type": "Polygon", "coordinates": [ [ [ 74.55, 34.10231 ], [ 74.5504, 34.10615 ], [ 74.55299, 34.10616 ], [ 74.55328, 34.10592 ], [ 74.553, 34.1052 ], [ 74.55415, 34.10496 ], [ 74.55387, 34.10448 ], [ 74.55329, 34.10472 ], [ 74.55329, 34.104 ], [ 74.55358, 34.10352 ], [ 74.55474, 34.10328 ], [ 74.55474, 34.10281 ], [ 74.55387, 34.1028 ], [ 74.5533, 34.10232 ], [ 74.55244, 34.10088 ], [ 74.55071, 34.10135 ], [ 74.55071, 34.10183 ], [ 74.55, 34.10231 ] ] ] } },
{ "type": "Feature", "properties": { "terrace_id": 96, "area_km2": 0.166, "scarp_frac": 0.3, "strict_ha": 0.0, "drop_ha": 0.0 }, "geometry": { "type": "Polygon", "coordinates": [ [ [ 74.74161, 33.91645 ], [ 74.74161, 33.91573 ], [ 74.74218, 33.91574 ], [ 74.74219, 33.91502 ], [ 74.74305, 33.91478 ], [ 74.74305, 33.9143 ], [ 74.74219, 33.9143 ], [ 74.74104, 33.91357 ], [ 74.73989, 33.91357 ], [ 74.73931, 33.91309 ], [ 74.73816, 33.91309 ], [ 74.73701, 33.91237 ], [ 74.73529, 33.9126 ], [ 74.73614, 33.91476 ], [ 74.73758, 33.91501 ], [ 74.73787, 33.91549 ], [ 74.74017, 33.91573 ], [ 74.74074, 33.91645 ], [ 74.74161, 33.91645 ] ] ] } },
{ "type": "Feature", "properties": { "terrace_id": 97, "area_km2": 0.162, "scarp_frac": 0.59, "strict_ha": 0.0, "drop_ha": 0.0 }, "geometry": { "type": "Polygon", "coordinates": [ [ [ 74.8065, 33.85228 ], [ 74.80679, 33.85132 ], [ 74.80736, 33.85132 ], [ 74.80708, 33.8482 ], [ 74.80593, 33.84748 ], [ 74.80565, 33.84676 ], [ 74.80507, 33.847 ], [ 74.80478, 33.84796 ], [ 74.80392, 33.84795 ], [ 74.80335, 33.84747 ], [ 74.80306, 33.84651 ], [ 74.8022, 33.84675 ], [ 74.80162, 33.84747 ], [ 74.80248, 33.84771 ], [ 74.80248, 33.84819 ], [ 74.80306, 33.84843 ], [ 74.80277, 33.84939 ], [ 74.80363, 33.85011 ], [ 74.8042, 33.85011 ], [ 74.80477, 33.85107 ], [ 74.8065, 33.85228 ] ] ] } },
{ "type": "Feature", "properties": { "terrace_id": 98, "area_km2": 0.161, "scarp_frac": 0.42, "strict_ha": 0.36, "drop_ha": 1.26 }, "geometry": { "type": "Polygon", "coordinates": [ [ [ 74.67694, 34.04825 ], [ 74.67752, 34.04753 ], [ 74.67723, 34.04729 ], [ 74.67665, 34.04753 ], [ 74.67608, 34.04681 ], [ 74.67666, 34.04585 ], [ 74.67752, 34.04585 ], [ 74.67724, 34.04441 ], [ 74.67638, 34.04417 ], [ 74.67637, 34.04441 ], [ 74.67407, 34.04464 ], [ 74.67263, 34.04392 ], [ 74.67234, 34.04416 ], [ 74.67234, 34.04536 ], [ 74.67291, 34.04608 ], [ 74.67262, 34.04776 ], [ 74.67521, 34.04777 ], [ 74.67578, 34.04825 ], [ 74.67694, 34.04825 ] ] ] } },
{ "type": "Feature", "properties": { "terrace_id": 99, "area_km2": 0.158, "scarp_frac": 0.54, "strict_ha": 0.0, "drop_ha": 0.0 }, "geometry": { "type": "Polygon", "coordinates": [ [ [ 74.55, 33.99267 ], [ 74.55042, 33.99243 ], [ 74.55157, 33.99244 ], [ 74.55158, 33.99172 ], [ 74.55186, 33.99172 ], [ 74.55158, 33.99076 ], [ 74.55071, 33.99148 ], [ 74.55014, 33.99147 ], [ 74.55101, 33.99004 ], [ 74.55102, 33.98836 ], [ 74.55159, 33.98812 ], [ 74.55217, 33.9886 ], [ 74.55246, 33.98764 ], [ 74.55333, 33.98693 ], [ 74.55333, 33.98669 ], [ 74.55247, 33.98668 ], [ 74.55276, 33.98645 ], [ 74.55247, 33.98596 ], [ 74.55189, 33.98644 ], [ 74.55132, 33.9862 ], [ 74.5519, 33.98524 ], [ 74.55305, 33.98477 ], [ 74.55305, 33.98429 ], [ 74.55248, 33.98429 ], [ 74.55248, 33.98357 ], [ 74.55191, 33.98356 ], [ 74.55162, 33.98404 ], [ 74.55075, 33.98404 ], [ 74.55, 33.985 ], [ 74.55, 33.99267 ] ] ] } },
{ "type": "Feature", "properties": { "terrace_id": 100, "area_km2": 0.156, "scarp_frac": 0.48, "strict_ha": 0.0, "drop_ha": 0.0 }, "geometry": { "type": "Polygon", "coordinates": [ [ [ 74.62214, 33.991 ], [ 74.62215, 33.99004 ], [ 74.62072, 33.98691 ], [ 74.62102, 33.985 ], [ 74.62073, 33.98475 ], [ 74.62015, 33.98499 ], [ 74.6193, 33.98355 ], [ 74.61843, 33.98331 ], [ 74.61814, 33.98355 ], [ 74.61841, 33.98763 ], [ 74.61899, 33.98859 ], [ 74.61956, 33.98859 ], [ 74.62071, 33.98979 ], [ 74.6207, 33.99051 ], [ 74.62128, 33.99099 ], [ 74.62214, 33.991 ] ] ] } },
{ "type": "Feature", "properties": { "terrace_id": 101, "area_km2": 0.156, "scarp_frac": 0.5, "strict_ha": 0.0, "drop_ha": 0.0 }, "geometry": { "type": "Polygon", "coordinates": [ [ [ 74.81483, 33.85517 ], [ 74.81512, 33.85493 ], [ 74.81484, 33.85229 ], [ 74.81426, 33.85229 ], [ 74.81254, 33.85085 ], [ 74.81082, 33.85012 ], [ 74.81053, 33.84988 ], [ 74.81082, 33.8494 ], [ 74.80996, 33.84892 ], [ 74.80938, 33.84964 ], [ 74.80938, 33.8506 ], [ 74.80966, 33.8506 ], [ 74.80937, 33.8518 ], [ 74.8111, 33.85252 ], [ 74.81138, 33.853 ], [ 74.81196, 33.85301 ], [ 74.81225, 33.85373 ], [ 74.81339, 33.85397 ], [ 74.81397, 33.85493 ], [ 74.81483, 33.85517 ] ] ] } },
{ "type": "Feature", "properties": { "terrace_id": 102, "area_km2": 0.154, "scarp_frac": 0.44, "strict_ha": 0.27, "drop_ha": 2.16 }, "geometry": { "type": "Polygon", "coordinates": [ [ [ 74.73041, 33.998 ], [ 74.73041, 33.99776 ], [ 74.73214, 33.99776 ], [ 74.73214, 33.99704 ], [ 74.73243, 33.99704 ], [ 74.73244, 33.99632 ], [ 74.73215, 33.99632 ], [ 74.73244, 33.99512 ], [ 74.73186, 33.99488 ], [ 74.73158, 33.99296 ], [ 74.73101, 33.99296 ], [ 74.73043, 33.99392 ], [ 74.7287, 33.99488 ], [ 74.7284, 33.99607 ], [ 74.72754, 33.99703 ], [ 74.72754, 33.99727 ], [ 74.7284, 33.99727 ], [ 74.72897, 33.998 ], [ 74.73041, 33.998 ] ] ] } },
{ "type": "Feature", "properties": { "terrace_id": 103, "area_km2": 0.148, "scarp_frac": 0.55, "strict_ha": 0.0, "drop_ha": 2.34 }, "geometry": { "type": "Polygon", "coordinates": [ [ [ 74.746, 33.98556 ], [ 74.74658, 33.98412 ], [ 74.74774, 33.98364 ], [ 74.74803, 33.98292 ], [ 74.74918, 33.98268 ], [ 74.74918, 33.9822 ], [ 74.74861, 33.98196 ], [ 74.74746, 33.98004 ], [ 74.74688, 33.98028 ], [ 74.74631, 33.9798 ], [ 74.74545, 33.9798 ], [ 74.74515, 33.98244 ], [ 74.74486, 33.98292 ], [ 74.744, 33.98291 ], [ 74.744, 33.98339 ], [ 74.74514, 33.98412 ], [ 74.74543, 33.98532 ], [ 74.746, 33.98556 ] ] ] } },
{ "type": "Feature", "properties": { "terrace_id": 104, "area_km2": 0.142, "scarp_frac": 0.86, "strict_ha": 0.0, "drop_ha": 0.0 }, "geometry": { "type": "Polygon", "coordinates": [ [ [ 74.79926, 33.8741 ], [ 74.80012, 33.87314 ], [ 74.80127, 33.87314 ], [ 74.80185, 33.87266 ], [ 74.80156, 33.87194 ], [ 74.80041, 33.87146 ], [ 74.79984, 33.87026 ], [ 74.79812, 33.8693 ], [ 74.79726, 33.8681 ], [ 74.79553, 33.86785 ], [ 74.79582, 33.86905 ], [ 74.79639, 33.86953 ], [ 74.79725, 33.86954 ], [ 74.79782, 33.87194 ], [ 74.79926, 33.8741 ] ] ] } },
{ "type": "Feature", "properties": { "terrace_id": 105, "area_km2": 0.134, "scarp_frac": 0.66, "strict_ha": 0.0, "drop_ha": 0.0 }, "geometry": { "type": "Polygon", "coordinates": [ [ [ 74.99312, 33.85123 ], [ 74.9934, 33.84955 ], [ 74.99283, 33.84931 ], [ 74.99283, 33.84859 ], [ 74.99225, 33.84811 ], [ 74.9911, 33.84763 ], [ 74.9888, 33.84763 ], [ 74.9888, 33.84739 ], [ 74.98593, 33.84763 ], [ 74.98622, 33.84859 ], [ 74.98679, 33.84859 ], [ 74.98737, 33.84931 ], [ 74.98852, 33.84859 ], [ 74.98938, 33.84931 ], [ 74.9911, 33.84979 ], [ 74.99168, 33.85075 ], [ 74.99254, 33.85075 ], [ 74.99312, 33.85123 ] ] ] } },
{ "type": "Feature", "properties": { "terrace_id": 106, "area_km2": 0.133, "scarp_frac": 0.48, "strict_ha": 0.0, "drop_ha": 0.0 }, "geometry": { "type": "Polygon", "coordinates": [ [ [ 74.68037, 33.97677 ], [ 74.68124, 33.97533 ], [ 74.68298, 33.97437 ], [ 74.68298, 33.97342 ], [ 74.68183, 33.97293 ], [ 74.6827, 33.97221 ], [ 74.68241, 33.97173 ], [ 74.68126, 33.97173 ], [ 74.68097, 33.97269 ], [ 74.67866, 33.97316 ], [ 74.67865, 33.97532 ], [ 74.68037, 33.97677 ] ] ] } },
{ "type": "Feature", "properties": { "terrace_id": 107, "area_km2": 0.128, "scarp_frac": 0.45, "strict_ha": 0.0, "drop_ha": 0.0 }, "geometry": { "type": "Polygon", "coordinates": [ [ [ 74.69976, 34.03199 ], [ 74.70005, 34.03104 ], [ 74.70063, 34.03056 ], [ 74.70121, 34.0308 ], [ 74.7015, 34.03008 ], [ 74.70092, 34.03008 ], [ 74.70092, 34.0296 ], [ 74.69977, 34.02888 ], [ 74.69949, 34.02672 ], [ 74.69805, 34.02599 ], [ 74.69719, 34.02599 ], [ 74.6969, 34.02647 ], [ 74.69632, 34.02623 ], [ 74.69632, 34.02719 ], [ 74.69747, 34.02767 ], [ 74.69776, 34.02887 ], [ 74.69862, 34.02887 ], [ 74.69862, 34.02935 ], [ 74.69977, 34.02983 ], [ 74.69977, 34.03031 ], [ 74.69919, 34.03031 ], [ 74.69833, 34.02959 ], [ 74.69775, 34.03103 ], [ 74.69919, 34.03127 ], [ 74.6989, 34.03175 ], [ 74.69976, 34.03199 ] ] ] } },
{ "type": "Feature", "properties": { "terrace_id": 108, "area_km2": 0.127, "scarp_frac": 0.51, "strict_ha": 0.0, "drop_ha": 0.0 }, "geometry": { "type": "Polygon", "coordinates": [ [ [ 74.81188, 33.88875 ], [ 74.81246, 33.88851 ], [ 74.81217, 33.88731 ], [ 74.81362, 33.88492 ], [ 74.81362, 33.88276 ], [ 74.81276, 33.88276 ], [ 74.81103, 33.88443 ], [ 74.81074, 33.88419 ], [ 74.81016, 33.88443 ], [ 74.81016, 33.88515 ], [ 74.81074, 33.88563 ], [ 74.81073, 33.88707 ], [ 74.81045, 33.88707 ], [ 74.81073, 33.88851 ], [ 74.81188, 33.88875 ] ] ] } },
{ "type": "Feature", "properties": { "terrace_id": 109, "area_km2": 0.127, "scarp_frac": 0.66, "strict_ha": 0.0, "drop_ha": 0.0 }, "geometry": { "type": "Polygon", "coordinates": [ [ [ 74.6255, 34.07881 ], [ 74.62666, 34.07714 ], [ 74.62724, 34.07714 ], [ 74.62781, 34.07786 ], [ 74.63012, 34.07763 ], [ 74.62983, 34.07691 ], [ 74.62897, 34.07666 ], [ 74.62869, 34.07426 ], [ 74.62811, 34.07474 ], [ 74.6261, 34.07473 ], [ 74.6258, 34.07641 ], [ 74.62493, 34.07665 ], [ 74.62493, 34.07737 ], [ 74.62435, 34.07785 ], [ 74.62492, 34.07881 ], [ 74.6255, 34.07881 ] ] ] } },
{ "type": "Feature", "properties": { "terrace_id": 110, "area_km2": 0.125, "scarp_frac": 0.64, "strict_ha": 0.0, "drop_ha": 0.0 }, "geometry": { "type": "Polygon", "coordinates": [ [ [ 74.63249, 33.99511 ], [ 74.63279, 33.99367 ], [ 74.63221, 33.99319 ], [ 74.6325, 33.99295 ], [ 74.63222, 33.99127 ], [ 74.63193, 33.99103 ], [ 74.63078, 33.99126 ], [ 74.63078, 33.99078 ], [ 74.63165, 33.99079 ], [ 74.63165, 33.99031 ], [ 74.63079, 33.98982 ], [ 74.63079, 33.98934 ], [ 74.62964, 33.98886 ], [ 74.62964, 33.98838 ], [ 74.62907, 33.98838 ], [ 74.62877, 33.99054 ], [ 74.62963, 33.99126 ], [ 74.62963, 33.99174 ], [ 74.63049, 33.99222 ], [ 74.63077, 33.99366 ], [ 74.63163, 33.9951 ], [ 74.63249, 33.99511 ] ] ] } },
{ "type": "Feature", "properties": { "terrace_id": 111, "area_km2": 0.124, "scarp_frac": 0.62, "strict_ha": 0.0, "drop_ha": 0.0 }, "geometry": { "type": "Polygon", "coordinates": [ [ [ 74.68361, 33.95782 ], [ 74.68448, 33.95543 ], [ 74.68305, 33.95374 ], [ 74.68306, 33.95278 ], [ 74.68248, 33.95254 ], [ 74.68248, 33.95206 ], [ 74.68105, 33.95134 ], [ 74.68075, 33.95254 ], [ 74.68133, 33.95302 ], [ 74.6816, 33.95614 ], [ 74.68304, 33.95734 ], [ 74.68304, 33.95782 ], [ 74.68361, 33.95782 ] ] ] } },
{ "type": "Feature", "properties": { "terrace_id": 112, "area_km2": 0.122, "scarp_frac": 0.72, "strict_ha": 0.0, "drop_ha": 0.0 }, "geometry": { "type": "Polygon", "coordinates": [ [ [ 74.72092, 33.99534 ], [ 74.72092, 33.99486 ], [ 74.72207, 33.99414 ], [ 74.72207, 33.99366 ], [ 74.72294, 33.99294 ], [ 74.72381, 33.99295 ], [ 74.72381, 33.99247 ], [ 74.72122, 33.99174 ], [ 74.72064, 33.99102 ], [ 74.71978, 33.99102 ], [ 74.71949, 33.99078 ], [ 74.71978, 33.9903 ], [ 74.71834, 33.99053 ], [ 74.71805, 33.99125 ], [ 74.7192, 33.99174 ], [ 74.71891, 33.99245 ], [ 74.71977, 33.99318 ], [ 74.72005, 33.9951 ], [ 74.72092, 33.99534 ] ] ] } },
{ "type": "Feature", "properties": { "terrace_id": 113, "area_km2": 0.122, "scarp_frac": 0.67, "strict_ha": 0.0, "drop_ha": 0.0 }, "geometry": { "type": "Polygon", "coordinates": [ [ [ 74.63658, 34.05054 ], [ 74.63687, 34.04982 ], [ 74.63802, 34.04982 ], [ 74.63831, 34.04934 ], [ 74.63688, 34.04814 ], [ 74.63688, 34.04766 ], [ 74.63573, 34.04693 ], [ 74.63574, 34.04526 ], [ 74.6343, 34.04453 ], [ 74.6337, 34.04837 ], [ 74.63486, 34.04861 ], [ 74.63485, 34.04909 ], [ 74.63658, 34.05054 ] ] ] } },
{ "type": "Feature", "properties": { "terrace_id": 114, "area_km2": 0.122, "scarp_frac": 0.59, "strict_ha": 0.0, "drop_ha": 0.0 }, "geometry": { "type": "Polygon", "coordinates": [ [ [ 74.80231, 33.9204 ], [ 74.80462, 33.91945 ], [ 74.80548, 33.91945 ], [ 74.80548, 33.91969 ], [ 74.80635, 33.91945 ], [ 74.80692, 33.91801 ], [ 74.80577, 33.91729 ], [ 74.80578, 33.91657 ], [ 74.80376, 33.91705 ], [ 74.80146, 33.91872 ], [ 74.80145, 33.9192 ], [ 74.80232, 33.91969 ], [ 74.80231, 33.9204 ] ] ] } },
{ "type": "Feature", "properties": { "terrace_id": 115, "area_km2": 0.12, "scarp_frac": 0.25, "strict_ha": 0.0, "drop_ha": 0.0 }, "geometry": { "type": "Polygon", "coordinates": [ [ [ 74.69399, 33.95401 ], [ 74.69486, 33.95353 ], [ 74.69515, 33.95233 ], [ 74.69716, 33.95186 ], [ 74.69745, 33.95138 ], [ 74.69544, 33.95066 ], [ 74.69544, 33.95018 ], [ 74.69516, 33.95017 ], [ 74.69515, 33.95089 ], [ 74.694, 33.95089 ], [ 74.69343, 33.95065 ], [ 74.69343, 33.95017 ], [ 74.69228, 33.95041 ], [ 74.6917, 33.94969 ], [ 74.69113, 33.95016 ], [ 74.69141, 33.95065 ], [ 74.69055, 33.95064 ], [ 74.69055, 33.95112 ], [ 74.69141, 33.95113 ], [ 74.69256, 33.95209 ], [ 74.69256, 33.95257 ], [ 74.69399, 33.95329 ], [ 74.69399, 33.95401 ] ] ] } },
{ "type": "Feature", "properties": { "terrace_id": 116, "area_km2": 0.119, "scarp_frac": 0.52, "strict_ha": 0.0, "drop_ha": 0.09 }, "geometry": { "type": "Polygon", "coordinates": [ [ [ 74.55676, 34.10233 ], [ 74.55676, 34.10209 ], [ 74.5608, 34.10163 ], [ 74.56225, 34.10019 ], [ 74.5611, 34.09971 ], [ 74.55908, 34.0997 ], [ 74.55908, 34.09946 ], [ 74.55706, 34.09969 ], [ 74.55677, 34.10017 ], [ 74.55734, 34.10138 ], [ 74.55677, 34.10137 ], [ 74.5559, 34.10065 ], [ 74.55561, 34.10161 ], [ 74.55475, 34.10161 ], [ 74.55503, 34.10209 ], [ 74.55561, 34.10185 ], [ 74.5559, 34.10233 ], [ 74.55676, 34.10233 ] ] ] } },
{ "type": "Feature", "properties": { "terrace_id": 117, "area_km2": 0.118, "scarp_frac": 0.49, "strict_ha": 0.0, "drop_ha": 0.0 }, "geometry": { "type": "Polygon", "coordinates": [ [ [ 74.65065, 33.993 ], [ 74.64979, 33.9906 ], [ 74.64864, 33.99036 ], [ 74.64865, 33.98964 ], [ 74.64432, 33.98986 ], [ 74.64605, 33.99155 ], [ 74.64806, 33.99203 ], [ 74.64834, 33.99299 ], [ 74.65065, 33.993 ] ] ] } },
{ "type": "Feature", "properties": { "terrace_id": 118, "area_km2": 0.117, "scarp_frac": 0.36, "strict_ha": 0.0, "drop_ha": 0.09 }, "geometry": { "type": "Polygon", "coordinates": [ [ [ 74.67818, 33.94869 ], [ 74.67818, 33.94749 ], [ 74.67876, 33.94701 ], [ 74.67789, 33.94701 ], [ 74.6779, 33.94629 ], [ 74.67847, 33.94605 ], [ 74.67848, 33.94557 ], [ 74.6779, 33.94557 ], [ 74.67733, 33.94461 ], [ 74.67646, 33.94509 ], [ 74.67646, 33.94605 ], [ 74.67588, 33.94581 ], [ 74.67589, 33.94533 ], [ 74.67473, 33.9458 ], [ 74.67473, 33.94652 ], [ 74.67531, 33.94677 ], [ 74.6753, 33.94725 ], [ 74.67444, 33.94796 ], [ 74.67443, 33.94868 ], [ 74.67818, 33.94869 ] ] ] } },
{ "type": "Feature", "properties": { "terrace_id": 119, "area_km2": 0.117, "scarp_frac": 0.5, "strict_ha": 0.0, "drop_ha": 0.0 }, "geometry": { "type": "Polygon", "coordinates": [ [ [ 74.64804, 33.99563 ], [ 74.64833, 33.99515 ], [ 74.64776, 33.99467 ], [ 74.64632, 33.99419 ], [ 74.64546, 33.99298 ], [ 74.6446, 33.99274 ], [ 74.6446, 33.99226 ], [ 74.64403, 33.99202 ], [ 74.64403, 33.99154 ], [ 74.64461, 33.99154 ], [ 74.64432, 33.99106 ], [ 74.64346, 33.99106 ], [ 74.64288, 33.99058 ], [ 74.64259, 33.99154 ], [ 74.6423, 33.9913 ], [ 74.64173, 33.99153 ], [ 74.64201, 33.99321 ], [ 74.64373, 33.99346 ], [ 74.64488, 33.9949 ], [ 74.64574, 33.99491 ], [ 74.64603, 33.99539 ], [ 74.64804, 33.99563 ] ] ] } },
{ "type": "Feature", "properties": { "terrace_id": 120, "area_km2": 0.114, "scarp_frac": 0.69, "strict_ha": 0.0, "drop_ha": 0.0 }, "geometry": { "type": "Polygon", "coordinates": [ [ [ 74.94904, 33.99109 ], [ 74.95221, 33.98773 ], [ 74.95394, 33.98725 ], [ 74.95336, 33.98653 ], [ 74.95077, 33.98677 ], [ 74.94933, 33.98797 ], [ 74.94846, 33.98797 ], [ 74.94731, 33.98869 ], [ 74.94731, 33.98893 ], [ 74.94818, 33.98893 ], [ 74.94789, 33.98941 ], [ 74.94875, 33.98941 ], [ 74.94846, 33.99085 ], [ 74.94904, 33.99109 ] ] ] } },
{ "type": "Feature", "properties": { "terrace_id": 121, "area_km2": 0.11, "scarp_frac": 0.47, "strict_ha": 0.0, "drop_ha": 0.0 }, "geometry": { "type": "Polygon", "coordinates": [ [ [ 74.80281, 33.82852 ], [ 74.80281, 33.82804 ], [ 74.80368, 33.82804 ], [ 74.80368, 33.82732 ], [ 74.80425, 33.82684 ], [ 74.80397, 33.82612 ], [ 74.80339, 33.82588 ], [ 74.80196, 33.82612 ], [ 74.8011, 33.82516 ], [ 74.79937, 33.82444 ], [ 74.79937, 33.82396 ], [ 74.7988, 33.82395 ], [ 74.79851, 33.82491 ], [ 74.79765, 33.82491 ], [ 74.79765, 33.82515 ], [ 74.79937, 33.82564 ], [ 74.79966, 33.82636 ], [ 74.80023, 33.82636 ], [ 74.80023, 33.82732 ], [ 74.80138, 33.82732 ], [ 74.80281, 33.82852 ] ] ] } },
{ "type": "Feature", "properties": { "terrace_id": 122, "area_km2": 0.108, "scarp_frac": 0.35, "strict_ha": 0.0, "drop_ha": 0.0 }, "geometry": { "type": "Polygon", "coordinates": [ [ [ 74.82838, 33.83839 ], [ 74.82867, 33.83768 ], [ 74.82924, 33.83768 ], [ 74.82896, 33.83648 ], [ 74.82666, 33.83479 ], [ 74.82494, 33.83431 ], [ 74.82379, 33.83335 ], [ 74.82293, 33.83335 ], [ 74.82264, 33.83407 ], [ 74.82321, 33.83407 ], [ 74.82407, 33.83527 ], [ 74.82465, 33.83527 ], [ 74.82579, 33.83671 ], [ 74.82752, 33.83719 ], [ 74.8278, 33.83815 ], [ 74.82838, 33.83839 ] ] ] } },
{ "type": "Feature", "properties": { "terrace_id": 123, "area_km2": 0.108, "scarp_frac": 0.65, "strict_ha": 0.0, "drop_ha": 0.0 }, "geometry": { "type": "Polygon", "coordinates": [ [ [ 74.70998, 33.99315 ], [ 74.71027, 33.99267 ], [ 74.71085, 33.99268 ], [ 74.71085, 33.9922 ], [ 74.71142, 33.9922 ], [ 74.71142, 33.99172 ], [ 74.7097, 33.99123 ], [ 74.70884, 33.99051 ], [ 74.70884, 33.99003 ], [ 74.70682, 33.99003 ], [ 74.70624, 33.99219 ], [ 74.7071, 33.99243 ], [ 74.70768, 33.99315 ], [ 74.70998, 33.99315 ] ] ] } },
{ "type": "Feature", "properties": { "terrace_id": 124, "area_km2": 0.105, "scarp_frac": 0.73, "strict_ha": 0.0, "drop_ha": 0.0 }, "geometry": { "type": "Polygon", "coordinates": [ [ [ 75.13627, 33.8262 ], [ 75.13685, 33.82548 ], [ 75.13599, 33.82548 ], [ 75.13512, 33.82476 ], [ 75.13512, 33.82428 ], [ 75.13397, 33.82381 ], [ 75.13253, 33.82381 ], [ 75.13196, 33.82309 ], [ 75.13052, 33.82309 ], [ 75.13052, 33.82381 ], [ 75.12937, 33.82405 ], [ 75.13024, 33.82477 ], [ 75.13196, 33.82477 ], [ 75.13254, 33.82549 ], [ 75.13369, 33.82597 ], [ 75.13627, 33.8262 ] ] ] } },
{ "type": "Feature", "properties": { "terrace_id": 125, "area_km2": 0.105, "scarp_frac": 0.29, "strict_ha": 0.0, "drop_ha": 0.18 }, "geometry": { "type": "Polygon", "coordinates": [ [ [ 74.7295, 34.10571 ], [ 74.73036, 34.10476 ], [ 74.73238, 34.10404 ], [ 74.73181, 34.1038 ], [ 74.73181, 34.10308 ], [ 74.73239, 34.10284 ], [ 74.73239, 34.10188 ], [ 74.73268, 34.10212 ], [ 74.73326, 34.10188 ], [ 74.73297, 34.10092 ], [ 74.73124, 34.10116 ], [ 74.73037, 34.10188 ], [ 74.73066, 34.10236 ], [ 74.72979, 34.10236 ], [ 74.72979, 34.10284 ], [ 74.73066, 34.10308 ], [ 74.73037, 34.10404 ], [ 74.7295, 34.10403 ], [ 74.72979, 34.10355 ], [ 74.72893, 34.10355 ], [ 74.72893, 34.10331 ], [ 74.72806, 34.10379 ], [ 74.72806, 34.10523 ], [ 74.72834, 34.10547 ], [ 74.72892, 34.10523 ], [ 74.7295, 34.10571 ] ] ] } },
{ "type": "Feature", "properties": { "terrace_id": 126, "area_km2": 0.103, "scarp_frac": 0.37, "strict_ha": 0.0, "drop_ha": 0.27 }, "geometry": { "type": "Polygon", "coordinates": [ [ [ 74.62958, 34.00373 ], [ 74.63015, 34.00326 ], [ 74.63016, 34.00182 ], [ 74.62987, 34.00182 ], [ 74.62959, 34.00038 ], [ 74.62902, 33.99989 ], [ 74.62873, 33.99869 ], [ 74.6273, 33.99773 ], [ 74.6273, 33.99725 ], [ 74.62672, 33.99725 ], [ 74.62643, 33.99821 ], [ 74.62729, 33.99965 ], [ 74.62728, 34.00061 ], [ 74.62843, 34.00157 ], [ 74.629, 34.00349 ], [ 74.62958, 34.00373 ] ] ] } },
{ "type": "Feature", "properties": { "terrace_id": 127, "area_km2": 0.1, "scarp_frac": 0.75, "strict_ha": 0.0, "drop_ha": 0.0 }, "geometry": { "type": "Polygon", "coordinates": [ [ [ 74.57286, 34.05585 ], [ 74.57343, 34.05537 ], [ 74.57344, 34.05465 ], [ 74.57431, 34.05417 ], [ 74.57373, 34.05369 ], [ 74.57373, 34.05297 ], [ 74.5746, 34.05202 ], [ 74.57461, 34.05082 ], [ 74.57403, 34.05082 ], [ 74.57404, 34.0501 ], [ 74.57346, 34.05033 ], [ 74.5723, 34.05249 ], [ 74.57056, 34.0532 ], [ 74.57085, 34.05368 ], [ 74.57171, 34.05393 ], [ 74.57228, 34.05561 ], [ 74.57286, 34.05585 ] ] ] } },
{ "type": "Feature", "properties": { "terrace_id": 128, "area_km2": 0.099, "scarp_frac": 0.74, "strict_ha": 0.0, "drop_ha": 0.0 }, "geometry": { "type": "Polygon", "coordinates": [ [ [ 74.80385, 34.00414 ], [ 74.80385, 34.00366 ], [ 74.805, 34.00294 ], [ 74.80501, 34.00126 ], [ 74.80357, 34.0003 ], [ 74.80242, 34.00029 ], [ 74.80184, 33.99981 ], [ 74.80155, 34.00149 ], [ 74.80184, 34.00149 ], [ 74.80212, 34.00317 ], [ 74.80385, 34.00414 ] ] ] } },
{ "type": "Feature", "properties": { "terrace_id": 129, "area_km2": 0.098, "scarp_frac": 0.55, "strict_ha": 0.0, "drop_ha": 0.0 }, "geometry": { "type": "Polygon", "coordinates": [ [ [ 74.73503, 33.99537 ], [ 74.7359, 33.99393 ], [ 74.73619, 33.99177 ], [ 74.73562, 33.99129 ], [ 74.73533, 33.99177 ], [ 74.73418, 33.99201 ], [ 74.73418, 33.99129 ], [ 74.73331, 33.99129 ], [ 74.73274, 33.99153 ], [ 74.73331, 33.99273 ], [ 74.73245, 33.99273 ], [ 74.73244, 33.99344 ], [ 74.73273, 33.99369 ], [ 74.73331, 33.99345 ], [ 74.73331, 33.99417 ], [ 74.73388, 33.99441 ], [ 74.73388, 33.99489 ], [ 74.73503, 33.99537 ] ] ] } },
{ "type": "Feature", "properties": { "terrace_id": 130, "area_km2": 0.098, "scarp_frac": 0.28, "strict_ha": 0.0, "drop_ha": 0.0 }, "geometry": { "type": "Polygon", "coordinates": [ [ [ 75.09664, 33.85551 ], [ 75.09692, 33.85407 ], [ 75.09606, 33.85383 ], [ 75.09635, 33.85311 ], [ 75.09405, 33.85263 ], [ 75.0929, 33.85191 ], [ 75.09261, 33.85215 ], [ 75.0929, 33.85311 ], [ 75.09232, 33.85311 ], [ 75.09261, 33.85431 ], [ 75.09347, 33.85479 ], [ 75.09462, 33.85479 ], [ 75.09577, 33.85551 ], [ 75.09664, 33.85551 ] ] ] } },
{ "type": "Feature", "properties": { "terrace_id": 131, "area_km2": 0.098, "scarp_frac": 0.56, "strict_ha": 0.0, "drop_ha": 0.0 }, "geometry": { "type": "Polygon", "coordinates": [ [ [ 74.68843, 33.97847 ], [ 74.68901, 33.97775 ], [ 74.68815, 33.97775 ], [ 74.68815, 33.97751 ], [ 74.68901, 33.97727 ], [ 74.68902, 33.97631 ], [ 74.68873, 33.97607 ], [ 74.68786, 33.97631 ], [ 74.68873, 33.97535 ], [ 74.68816, 33.97463 ], [ 74.68758, 33.97463 ], [ 74.68758, 33.97511 ], [ 74.68556, 33.97558 ], [ 74.68556, 33.9775 ], [ 74.68699, 33.97846 ], [ 74.68843, 33.97847 ] ] ] } },
{ "type": "Feature", "properties": { "terrace_id": 132, "area_km2": 0.096, "scarp_frac": 0.46, "strict_ha": 0.18, "drop_ha": 0.18 }, "geometry": { "type": "Polygon", "coordinates": [ [ [ 74.66826, 34.05638 ], [ 74.66826, 34.0559 ], [ 74.67057, 34.05567 ], [ 74.67028, 34.05447 ], [ 74.66913, 34.05423 ], [ 74.66913, 34.05351 ], [ 74.66884, 34.05399 ], [ 74.66827, 34.05398 ], [ 74.66769, 34.05374 ], [ 74.66827, 34.05326 ], [ 74.66712, 34.05278 ], [ 74.66597, 34.05278 ], [ 74.66539, 34.05326 ], [ 74.66538, 34.05422 ], [ 74.66654, 34.05446 ], [ 74.6674, 34.05518 ], [ 74.66768, 34.05638 ], [ 74.66826, 34.05638 ] ] ] } },
{ "type": "Feature", "properties": { "terrace_id": 133, "area_km2": 0.096, "scarp_frac": 0.4, "strict_ha": 0.0, "drop_ha": 0.0 }, "geometry": { "type": "Polygon", "coordinates": [ [ [ 75.08415, 34.02657 ], [ 75.08415, 34.02537 ], [ 75.08386, 34.02513 ], [ 75.08329, 34.02538 ], [ 75.08185, 34.02394 ], [ 75.08127, 34.02418 ], [ 75.07954, 34.02346 ], [ 75.07839, 34.0237 ], [ 75.08098, 34.02634 ], [ 75.08415, 34.02657 ] ] ] } },
{ "type": "Feature", "properties": { "terrace_id": 134, "area_km2": 0.095, "scarp_frac": 0.66, "strict_ha": 0.0, "drop_ha": 0.0 }, "geometry": { "type": "Polygon", "coordinates": [ [ [ 74.975, 33.86922 ], [ 74.97557, 33.86874 ], [ 74.97643, 33.86874 ], [ 74.97701, 33.86802 ], [ 74.97615, 33.86802 ], [ 74.97528, 33.86706 ], [ 74.97413, 33.86658 ], [ 74.97442, 33.8661 ], [ 74.97413, 33.8649 ], [ 74.97298, 33.86562 ], [ 74.97183, 33.86562 ], [ 74.97155, 33.8661 ], [ 74.9727, 33.86682 ], [ 74.97413, 33.86922 ], [ 74.975, 33.86922 ] ] ] } },
{ "type": "Feature", "properties": { "terrace_id": 135, "area_km2": 0.094, "scarp_frac": 0.66, "strict_ha": 0.0, "drop_ha": 0.0 }, "geometry": { "type": "Polygon", "coordinates": [ [ [ 74.78835, 33.86688 ], [ 74.78864, 33.86592 ], [ 74.78979, 33.86568 ], [ 74.79065, 33.86473 ], [ 74.78893, 33.86376 ], [ 74.78893, 33.86328 ], [ 74.78778, 33.86232 ], [ 74.78721, 33.86232 ], [ 74.78663, 33.86304 ], [ 74.78663, 33.86424 ], [ 74.78749, 33.86544 ], [ 74.78748, 33.86616 ], [ 74.78835, 33.86688 ] ] ] } },
{ "type": "Feature", "properties": { "terrace_id": 136, "area_km2": 0.091, "scarp_frac": 0.85, "strict_ha": 0.0, "drop_ha": 0.0 }, "geometry": { "type": "Polygon", "coordinates": [ [ [ 74.81177, 33.93745 ], [ 74.81206, 33.93601 ], [ 74.81293, 33.93578 ], [ 74.81264, 33.93458 ], [ 74.81322, 33.93434 ], [ 74.81351, 33.93338 ], [ 74.81207, 33.93314 ], [ 74.81121, 33.93241 ], [ 74.81034, 33.93649 ], [ 74.81091, 33.93721 ], [ 74.81177, 33.93745 ] ] ] } },
{ "type": "Feature", "properties": { "terrace_id": 137, "area_km2": 0.091, "scarp_frac": 0.71, "strict_ha": 0.0, "drop_ha": 0.0 }, "geometry": { "type": "Polygon", "coordinates": [ [ [ 74.74536, 33.91046 ], [ 74.74565, 33.91022 ], [ 74.74566, 33.90927 ], [ 74.74508, 33.90926 ], [ 74.74537, 33.90735 ], [ 74.74451, 33.90686 ], [ 74.74307, 33.90686 ], [ 74.74279, 33.90638 ], [ 74.74106, 33.90614 ], [ 74.74106, 33.90686 ], [ 74.74278, 33.90806 ], [ 74.74335, 33.90926 ], [ 74.74393, 33.90926 ], [ 74.74536, 33.91046 ] ] ] } },
{ "type": "Feature", "properties": { "terrace_id": 138, "area_km2": 0.09, "scarp_frac": 0.53, "strict_ha": 0.0, "drop_ha": 0.0 }, "geometry": { "type": "Polygon", "coordinates": [ [ [ 74.56588, 34.12276 ], [ 74.56618, 34.1218 ], [ 74.56675, 34.12204 ], [ 74.56646, 34.12228 ], [ 74.56675, 34.12276 ], [ 74.56704, 34.12228 ], [ 74.57021, 34.12277 ], [ 74.57022, 34.12181 ], [ 74.57108, 34.12182 ], [ 74.57108, 34.12158 ], [ 74.57051, 34.12109 ], [ 74.56849, 34.12109 ], [ 74.56849, 34.12085 ], [ 74.56618, 34.12084 ], [ 74.56618, 34.12108 ], [ 74.56474, 34.12083 ], [ 74.56445, 34.12131 ], [ 74.56531, 34.1218 ], [ 74.56531, 34.12251 ], [ 74.56588, 34.12276 ] ] ] } },
{ "type": "Feature", "properties": { "terrace_id": 139, "area_km2": 0.09, "scarp_frac": 0.55, "strict_ha": 0.0, "drop_ha": 0.0 }, "geometry": { "type": "Polygon", "coordinates": [ [ [ 74.81045, 33.88347 ], [ 74.81103, 33.88227 ], [ 74.8119, 33.88179 ], [ 74.81161, 33.88107 ], [ 74.81305, 33.8806 ], [ 74.81363, 33.87988 ], [ 74.81363, 33.87844 ], [ 74.81305, 33.87796 ], [ 74.81161, 33.87963 ], [ 74.81017, 33.88035 ], [ 74.81017, 33.88131 ], [ 74.8096, 33.88155 ], [ 74.80931, 33.88251 ], [ 74.81017, 33.88275 ], [ 74.80988, 33.88323 ], [ 74.81045, 33.88347 ] ] ] } },
{ "type": "Feature", "properties": { "terrace_id": 140, "area_km2": 0.089, "scarp_frac": 0.71, "strict_ha": 0.0, "drop_ha": 0.0 }, "geometry": { "type": "Polygon", "coordinates": [ [ [ 74.94067, 34.01867 ], [ 74.94182, 34.01795 ], [ 74.94528, 34.01747 ], [ 74.94614, 34.01628 ], [ 74.94384, 34.01531 ], [ 74.94326, 34.01651 ], [ 74.94096, 34.01699 ], [ 74.93952, 34.01819 ], [ 74.9398, 34.01867 ], [ 74.94067, 34.01867 ] ] ] } },
{ "type": "Feature", "properties": { "terrace_id": 141, "area_km2": 0.088, "scarp_frac": 0.49, "strict_ha": 0.0, "drop_ha": 0.0 }, "geometry": { "type": "Polygon", "coordinates": [ [ [ 74.55386, 33.99581 ], [ 74.55415, 33.99485 ], [ 74.55444, 33.99533 ], [ 74.55501, 33.99533 ], [ 74.55588, 33.99413 ], [ 74.55646, 33.99438 ], [ 74.55704, 33.9939 ], [ 74.55675, 33.99342 ], [ 74.55617, 33.99365 ], [ 74.55618, 33.99294 ], [ 74.55647, 33.99294 ], [ 74.55618, 33.99246 ], [ 74.5556, 33.99269 ], [ 74.55532, 33.99221 ], [ 74.55416, 33.99245 ], [ 74.55444, 33.99437 ], [ 74.553, 33.99412 ], [ 74.55301, 33.9934 ], [ 74.55185, 33.99436 ], [ 74.55127, 33.99436 ], [ 74.55242, 33.99484 ], [ 74.55213, 33.99556 ], [ 74.55386, 33.99581 ] ] ] } },
{ "type": "Feature", "properties": { "terrace_id": 142, "area_km2": 0.087, "scarp_frac": 0.61, "strict_ha": 0.0, "drop_ha": 0.09 }, "geometry": { "type": "Polygon", "coordinates": [ [ [ 74.73274, 33.98937 ], [ 74.73303, 33.98913 ], [ 74.73275, 33.98745 ], [ 74.73218, 33.98649 ], [ 74.73074, 33.986 ], [ 74.72988, 33.98528 ], [ 74.72959, 33.98552 ], [ 74.72987, 33.9884 ], [ 74.73073, 33.98864 ], [ 74.73102, 33.98912 ], [ 74.73274, 33.98937 ] ] ] } },
{ "type": "Feature", "properties": { "terrace_id": 143, "area_km2": 0.085, "scarp_frac": 0.54, "strict_ha": 0.0, "drop_ha": 0.0 }, "geometry": { "type": "Polygon", "coordinates": [ [ [ 75.07508, 33.86704 ], [ 75.07508, 33.86632 ], [ 75.07566, 33.86608 ], [ 75.07565, 33.86536 ], [ 75.07594, 33.86536 ], [ 75.07594, 33.8644 ], [ 75.07537, 33.86392 ], [ 75.07536, 33.86272 ], [ 75.0745, 33.86152 ], [ 75.07364, 33.862 ], [ 75.07364, 33.86272 ], [ 75.07306, 33.86272 ], [ 75.07306, 33.86296 ], [ 75.07393, 33.86296 ], [ 75.07393, 33.86368 ], [ 75.07421, 33.86368 ], [ 75.07422, 33.86488 ], [ 75.07335, 33.86632 ], [ 75.07508, 33.86704 ] ] ] } },
{ "type": "Feature", "properties": { "terrace_id": 144, "area_km2": 0.084, "scarp_frac": 0.49, "strict_ha": 0.0, "drop_ha": 0.09 }, "geometry": { "type": "Polygon", "coordinates": [ [ [ 74.78369, 33.88799 ], [ 74.78398, 33.88679 ], [ 74.78456, 33.88655 ], [ 74.78398, 33.88559 ], [ 74.78255, 33.88534 ], [ 74.78255, 33.88463 ], [ 74.78111, 33.8839 ], [ 74.77996, 33.88414 ], [ 74.77967, 33.88534 ], [ 74.78053, 33.88558 ], [ 74.78082, 33.8863 ], [ 74.7814, 33.88558 ], [ 74.78226, 33.8863 ], [ 74.78254, 33.88726 ], [ 74.78369, 33.88799 ] ] ] } },
{ "type": "Feature", "properties": { "terrace_id": 145, "area_km2": 0.084, "scarp_frac": 0.66, "strict_ha": 0.0, "drop_ha": 0.0 }, "geometry": { "type": "Polygon", "coordinates": [ [ [ 74.81936, 33.88732 ], [ 74.81994, 33.88565 ], [ 74.82052, 33.88541 ], [ 74.82052, 33.88229 ], [ 74.81995, 33.88181 ], [ 74.81909, 33.88276 ], [ 74.81851, 33.88492 ], [ 74.81793, 33.88564 ], [ 74.81793, 33.88636 ], [ 74.8185, 33.88612 ], [ 74.8185, 33.88684 ], [ 74.81936, 33.88732 ] ] ] } },
{ "type": "Feature", "properties": { "terrace_id": 146, "area_km2": 0.083, "scarp_frac": 0.52, "strict_ha": 0.0, "drop_ha": 0.0 }, "geometry": { "type": "Polygon", "coordinates": [ [ [ 74.56703, 34.01121 ], [ 74.56733, 34.00977 ], [ 74.56446, 34.00736 ], [ 74.56388, 34.00736 ], [ 74.5633, 34.00807 ], [ 74.56186, 34.00831 ], [ 74.56186, 34.00879 ], [ 74.56243, 34.00879 ], [ 74.56272, 34.00927 ], [ 74.56387, 34.00904 ], [ 74.56502, 34.00952 ], [ 74.56502, 34.01 ], [ 74.56588, 34.01024 ], [ 74.56588, 34.01072 ], [ 74.56703, 34.01121 ] ] ] } },
{ "type": "Feature", "properties": { "terrace_id": 147, "area_km2": 0.083, "scarp_frac": 0.54, "strict_ha": 0.0, "drop_ha": 0.0 }, "geometry": { "type": "Polygon", "coordinates": [ [ [ 74.63483, 33.98648 ], [ 74.63541, 33.986 ], [ 74.63513, 33.98552 ], [ 74.63484, 33.98576 ], [ 74.63426, 33.98552 ], [ 74.63426, 33.98528 ], [ 74.63513, 33.98528 ], [ 74.63484, 33.9848 ], [ 74.6334, 33.98455 ], [ 74.63197, 33.98359 ], [ 74.63081, 33.98383 ], [ 74.63139, 33.98431 ], [ 74.63167, 33.98647 ], [ 74.63483, 33.98648 ] ] ] } },
{ "type": "Feature", "properties": { "terrace_id": 148, "area_km2": 0.083, "scarp_frac": 0.29, "strict_ha": 0.0, "drop_ha": 0.0 }, "geometry": { "type": "Polygon", "coordinates": [ [ [ 74.79963, 33.83859 ], [ 74.8002, 33.83811 ], [ 74.80021, 33.83715 ], [ 74.80078, 33.83739 ], [ 74.80078, 33.83811 ], [ 74.80164, 33.83763 ], [ 74.80165, 33.83667 ], [ 74.80222, 33.83668 ], [ 74.80222, 33.8362 ], [ 74.79992, 33.83571 ], [ 74.79935, 33.83475 ], [ 74.79849, 33.83475 ], [ 74.79848, 33.83763 ], [ 74.79906, 33.83763 ], [ 74.79905, 33.83835 ], [ 74.79963, 33.83859 ] ] ] } },
{ "type": "Feature", "properties": { "terrace_id": 149, "area_km2": 0.082, "scarp_frac": 0.5, "strict_ha": 0.0, "drop_ha": 0.0 }, "geometry": { "type": "Polygon", "coordinates": [ [ [ 74.55018, 34.03778 ], [ 74.55047, 34.03802 ], [ 74.55133, 34.03754 ], [ 74.55076, 34.03634 ], [ 74.55077, 34.03514 ], [ 74.55135, 34.0349 ], [ 74.55106, 34.03418 ], [ 74.55193, 34.03418 ], [ 74.55078, 34.03346 ], [ 74.55079, 34.03226 ], [ 74.55194, 34.03202 ], [ 74.55194, 34.03154 ], [ 74.55137, 34.03106 ], [ 74.55108, 34.0313 ], [ 74.5505, 34.03106 ], [ 74.55079, 34.03082 ], [ 74.55051, 34.03034 ], [ 74.55, 34.03034 ], [ 74.55018, 34.03778 ] ] ] } },
{ "type": "Feature", "properties": { "terrace_id": 150, "area_km2": 0.081, "scarp_frac": 0.6, "strict_ha": 0.0, "drop_ha": 0.18 }, "geometry": { "type": "Polygon", "coordinates": [ [ [ 74.72089, 34.00445 ], [ 74.72176, 34.00278 ], [ 74.72406, 34.0023 ], [ 74.72406, 34.00182 ], [ 74.72464, 34.00158 ], [ 74.72464, 34.0011 ], [ 74.72378, 34.0011 ], [ 74.72407, 34.00062 ], [ 74.72349, 34.00062 ], [ 74.72291, 34.00134 ], [ 74.72147, 34.00134 ], [ 74.72176, 34.00086 ], [ 74.72061, 34.00134 ], [ 74.72061, 34.00182 ], [ 74.72003, 34.00205 ], [ 74.72003, 34.00373 ], [ 74.72089, 34.00445 ] ] ] } },
{ "type": "Feature", "properties": { "terrace_id": 151, "area_km2": 0.081, "scarp_frac": 0.53, "strict_ha": 0.0, "drop_ha": 0.0 }, "geometry": { "type": "Polygon", "coordinates": [ [ [ 74.78455, 34.00386 ], [ 74.78484, 34.00338 ], [ 74.78283, 34.00218 ], [ 74.78081, 34.00218 ], [ 74.78081, 34.00194 ], [ 74.77851, 34.00217 ], [ 74.77908, 34.00265 ], [ 74.77879, 34.00289 ], [ 74.77908, 34.00361 ], [ 74.78253, 34.00338 ], [ 74.78253, 34.00386 ], [ 74.78455, 34.00386 ] ] ] } },
{ "type": "Feature", "properties": { "terrace_id": 152, "area_km2": 0.081, "scarp_frac": 0.41, "strict_ha": 0.0, "drop_ha": 0.0 }, "geometry": { "type": "Polygon", "coordinates": [ [ [ 74.55866, 34.01478 ], [ 74.55895, 34.01382 ], [ 74.55723, 34.01237 ], [ 74.55752, 34.01189 ], [ 74.55838, 34.0119 ], [ 74.55868, 34.01118 ], [ 74.5581, 34.01117 ], [ 74.55695, 34.00997 ], [ 74.55666, 34.01069 ], [ 74.55609, 34.01045 ], [ 74.55551, 34.01069 ], [ 74.5555, 34.01165 ], [ 74.55608, 34.01237 ], [ 74.55607, 34.01309 ], [ 74.5578, 34.01405 ], [ 74.55808, 34.01477 ], [ 74.55866, 34.01478 ] ] ] } },
{ "type": "Feature", "properties": { "terrace_id": 153, "area_km2": 0.08, "scarp_frac": 0.76, "strict_ha": 0.0, "drop_ha": 0.0 }, "geometry": { "type": "Polygon", "coordinates": [ [ [ 74.55014, 34.04641 ], [ 74.55071, 34.04593 ], [ 74.55244, 34.0457 ], [ 74.55302, 34.04498 ], [ 74.55274, 34.04402 ], [ 74.55044, 34.04233 ], [ 74.55, 34.04233 ], [ 74.55014, 34.04641 ] ] ] } },
{ "type": "Feature", "properties": { "terrace_id": 154, "area_km2": 0.079, "scarp_frac": 0.76, "strict_ha": 0.0, "drop_ha": 0.0 }, "geometry": { "type": "Polygon", "coordinates": [ [ [ 74.62005, 34.07328 ], [ 74.62092, 34.07184 ], [ 74.62092, 34.07088 ], [ 74.62006, 34.07016 ], [ 74.62007, 34.068 ], [ 74.6195, 34.06776 ], [ 74.61863, 34.06847 ], [ 74.61863, 34.06895 ], [ 74.61776, 34.06943 ], [ 74.61776, 34.06991 ], [ 74.61862, 34.06991 ], [ 74.6192, 34.0704 ], [ 74.61919, 34.07255 ], [ 74.62005, 34.07328 ] ] ] } },
{ "type": "Feature", "properties": { "terrace_id": 155, "area_km2": 0.078, "scarp_frac": 0.48, "strict_ha": 0.0, "drop_ha": 0.0 }, "geometry": { "type": "Polygon", "coordinates": [ [ [ 74.61523, 33.99121 ], [ 74.61552, 33.98978 ], [ 74.61409, 33.98785 ], [ 74.6141, 33.98689 ], [ 74.61295, 33.98665 ], [ 74.61323, 33.98713 ], [ 74.61208, 33.98761 ], [ 74.61236, 33.98881 ], [ 74.61351, 33.98953 ], [ 74.61351, 33.99025 ], [ 74.61408, 33.99073 ], [ 74.61523, 33.99121 ] ] ] } },
{ "type": "Feature", "properties": { "terrace_id": 156, "area_km2": 0.075, "scarp_frac": 0.82, "strict_ha": 0.0, "drop_ha": 0.0 }, "geometry": { "type": "Polygon", "coordinates": [ [ [ 74.77188, 33.8954 ], [ 74.77188, 33.89516 ], [ 74.77418, 33.89517 ], [ 74.77418, 33.89445 ], [ 74.77189, 33.89228 ], [ 74.77016, 33.89252 ], [ 74.76958, 33.89324 ], [ 74.76987, 33.89348 ], [ 74.77044, 33.89324 ], [ 74.77102, 33.89372 ], [ 74.7713, 33.89516 ], [ 74.77188, 33.8954 ] ] ] } },
{ "type": "Feature", "properties": { "terrace_id": 157, "area_km2": 0.075, "scarp_frac": 0.45, "strict_ha": 0.0, "drop_ha": 0.0 }, "geometry": { "type": "Polygon", "coordinates": [ [ [ 74.55561, 33.99197 ], [ 74.55561, 33.99173 ], [ 74.55647, 33.99198 ], [ 74.55705, 33.9915 ], [ 74.55678, 33.98838 ], [ 74.55505, 33.98861 ], [ 74.55504, 33.99101 ], [ 74.55388, 33.99125 ], [ 74.55417, 33.99173 ], [ 74.55561, 33.99197 ] ] ] } },
{ "type": "Feature", "properties": { "terrace_id": 158, "area_km2": 0.074, "scarp_frac": 0.37, "strict_ha": 0.0, "drop_ha": 0.0 }, "geometry": { "type": "Polygon", "coordinates": [ [ [ 75.09992, 33.95507 ], [ 75.09992, 33.95435 ], [ 75.10049, 33.95435 ], [ 75.10049, 33.95507 ], [ 75.10107, 33.95507 ], [ 75.10136, 33.95411 ], [ 75.10193, 33.95411 ], [ 75.10164, 33.95075 ], [ 75.10106, 33.95075 ], [ 75.10106, 33.95123 ], [ 75.1002, 33.95171 ], [ 75.1002, 33.95315 ], [ 75.09905, 33.95387 ], [ 75.09934, 33.95483 ], [ 75.09992, 33.95507 ] ] ] } },
{ "type": "Feature", "properties": { "terrace_id": 159, "area_km2": 0.073, "scarp_frac": 0.63, "strict_ha": 0.0, "drop_ha": 0.0 }, "geometry": { "type": "Polygon", "coordinates": [ [ [ 74.73939, 33.88694 ], [ 74.7394, 33.88598 ], [ 74.73825, 33.88502 ], [ 74.73825, 33.88406 ], [ 74.7394, 33.88358 ], [ 74.73969, 33.88286 ], [ 74.73912, 33.88286 ], [ 74.73883, 33.88214 ], [ 74.73797, 33.88214 ], [ 74.73739, 33.88382 ], [ 74.73681, 33.88406 ], [ 74.73681, 33.88526 ], [ 74.73853, 33.88694 ], [ 74.73939, 33.88694 ] ] ] } },
{ "type": "Feature", "properties": { "terrace_id": 160, "area_km2": 0.073, "scarp_frac": 0.6, "strict_ha": 0.0, "drop_ha": 0.0 }, "geometry": { "type": "Polygon", "coordinates": [ [ [ 74.57426, 34.12087 ], [ 74.57484, 34.12015 ], [ 74.57369, 34.11991 ], [ 74.5734, 34.11942 ], [ 74.5711, 34.11918 ], [ 74.56937, 34.11821 ], [ 74.56821, 34.11845 ], [ 74.56821, 34.11893 ], [ 74.56908, 34.11917 ], [ 74.56965, 34.12013 ], [ 74.57167, 34.12014 ], [ 74.57311, 34.12086 ], [ 74.57426, 34.12087 ] ] ] } },
{ "type": "Feature", "properties": { "terrace_id": 161, "area_km2": 0.072, "scarp_frac": 0.29, "strict_ha": 0.0, "drop_ha": 0.18 }, "geometry": { "type": "Polygon", "coordinates": [ [ [ 74.84111, 33.94733 ], [ 74.84112, 33.94661 ], [ 74.84054, 33.94637 ], [ 74.84054, 33.94589 ], [ 74.83939, 33.94565 ], [ 74.83882, 33.94469 ], [ 74.83651, 33.94445 ], [ 74.83565, 33.94492 ], [ 74.8368, 33.94541 ], [ 74.83709, 33.94637 ], [ 74.8391, 33.94637 ], [ 74.84025, 33.94733 ], [ 74.84111, 33.94733 ] ] ] } },
{ "type": "Feature", "properties": { "terrace_id": 162, "area_km2": 0.069, "scarp_frac": 0.35, "strict_ha": 0.0, "drop_ha": 0.0 }, "geometry": { "type": "Polygon", "coordinates": [ [ [ 75.12158, 33.80055 ], [ 75.12129, 33.80007 ], [ 75.121, 33.80055 ], [ 75.12043, 33.80031 ], [ 75.12014, 33.80127 ], [ 75.121, 33.80199 ], [ 75.12129, 33.80343 ], [ 75.12187, 33.80367 ], [ 75.12302, 33.80271 ], [ 75.1233, 33.80127 ], [ 75.12186, 33.80007 ], [ 75.12158, 33.80055 ] ] ] } },
{ "type": "Feature", "properties": { "terrace_id": 163, "area_km2": 0.069, "scarp_frac": 0.34, "strict_ha": 0.0, "drop_ha": 0.09 }, "geometry": { "type": "Polygon", "coordinates": [ [ [ 74.7395, 33.94716 ], [ 74.7395, 33.94644 ], [ 74.73979, 33.94596 ], [ 74.74037, 33.94596 ], [ 74.74095, 33.94428 ], [ 74.73865, 33.94332 ], [ 74.73864, 33.9438 ], [ 74.73807, 33.9438 ], [ 74.73778, 33.94428 ], [ 74.73807, 33.94476 ], [ 74.73864, 33.94476 ], [ 74.73864, 33.94524 ], [ 74.73778, 33.94523 ], [ 74.73749, 33.94571 ], [ 74.73835, 33.94596 ], [ 74.73835, 33.94644 ], [ 74.7395, 33.94716 ] ] ] } },
{ "type": "Feature", "properties": { "terrace_id": 164, "area_km2": 0.068, "scarp_frac": 0.36, "strict_ha": 0.0, "drop_ha": 0.09 }, "geometry": { "type": "Polygon", "coordinates": [ [ [ 74.71576, 33.90032 ], [ 74.71576, 33.90008 ], [ 74.71662, 33.90009 ], [ 74.71663, 33.89961 ], [ 74.71605, 33.8996 ], [ 74.71634, 33.89865 ], [ 74.71577, 33.89816 ], [ 74.7149, 33.89816 ], [ 74.71433, 33.89744 ], [ 74.71232, 33.8972 ], [ 74.71203, 33.89744 ], [ 74.71232, 33.89816 ], [ 74.71346, 33.89912 ], [ 74.71433, 33.89912 ], [ 74.71461, 33.89984 ], [ 74.71576, 33.90032 ] ] ] } },
{ "type": "Feature", "properties": { "terrace_id": 165, "area_km2": 0.067, "scarp_frac": 0.71, "strict_ha": 0.0, "drop_ha": 0.0 }, "geometry": { "type": "Polygon", "coordinates": [ [ [ 74.80073, 33.86042 ], [ 74.80102, 33.86019 ], [ 74.80073, 33.85971 ], [ 74.80217, 33.85947 ], [ 74.80188, 33.85923 ], [ 74.80217, 33.85827 ], [ 74.80073, 33.85755 ], [ 74.80016, 33.85635 ], [ 74.79959, 33.85634 ], [ 74.7993, 33.85802 ], [ 74.80015, 33.85946 ], [ 74.80015, 33.86018 ], [ 74.80073, 33.86042 ] ] ] } },
{ "type": "Feature", "properties": { "terrace_id": 166, "area_km2": 0.066, "scarp_frac": 0.59, "strict_ha": 0.0, "drop_ha": 0.0 }, "geometry": { "type": "Polygon", "coordinates": [ [ [ 74.71137, 34.00851 ], [ 74.7108, 34.00683 ], [ 74.70936, 34.00707 ], [ 74.70936, 34.00635 ], [ 74.70878, 34.00587 ], [ 74.70792, 34.00514 ], [ 74.70706, 34.00514 ], [ 74.70705, 34.0061 ], [ 74.7082, 34.00802 ], [ 74.70993, 34.00779 ], [ 74.7105, 34.00851 ], [ 74.71137, 34.00851 ] ] ] } },
{ "type": "Feature", "properties": { "terrace_id": 167, "area_km2": 0.066, "scarp_frac": 0.65, "strict_ha": 0.0, "drop_ha": 0.0 }, "geometry": { "type": "Polygon", "coordinates": [ [ [ 74.83772, 33.91422 ], [ 74.8383, 33.91374 ], [ 74.83801, 33.91326 ], [ 74.83888, 33.91326 ], [ 74.83888, 33.91278 ], [ 74.84003, 33.91254 ], [ 74.83888, 33.91158 ], [ 74.83831, 33.91014 ], [ 74.83686, 33.91158 ], [ 74.83686, 33.91326 ], [ 74.83772, 33.91422 ] ] ] } },
{ "type": "Feature", "properties": { "terrace_id": 168, "area_km2": 0.066, "scarp_frac": 0.66, "strict_ha": 0.0, "drop_ha": 0.0 }, "geometry": { "type": "Polygon", "coordinates": [ [ [ 74.7535, 33.88361 ], [ 74.75379, 33.88097 ], [ 74.75322, 33.88073 ], [ 74.75235, 33.88145 ], [ 74.75121, 33.88049 ], [ 74.75034, 33.88073 ], [ 74.75034, 33.88145 ], [ 74.7512, 33.88289 ], [ 74.75206, 33.88265 ], [ 74.75264, 33.88337 ], [ 74.7535, 33.88361 ] ] ] } },
{ "type": "Feature", "properties": { "terrace_id": 169, "area_km2": 0.066, "scarp_frac": 0.32, "strict_ha": 0.0, "drop_ha": 0.0 }, "geometry": { "type": "Polygon", "coordinates": [ [ [ 74.93962, 33.86345 ], [ 74.93991, 33.86249 ], [ 74.94164, 33.86321 ], [ 74.94221, 33.86297 ], [ 74.94193, 33.86153 ], [ 74.94049, 33.86009 ], [ 74.93991, 33.86033 ], [ 74.93991, 33.86129 ], [ 74.93848, 33.86201 ], [ 74.93962, 33.86345 ] ] ] } },
{ "type": "Feature", "properties": { "terrace_id": 170, "area_km2": 0.064, "scarp_frac": 0.48, "strict_ha": 0.0, "drop_ha": 0.0 }, "geometry": { "type": "Polygon", "coordinates": [ [ [ 75.13369, 33.8298 ], [ 75.13398, 33.82908 ], [ 75.13484, 33.82884 ], [ 75.13541, 33.82812 ], [ 75.13426, 33.8274 ], [ 75.13254, 33.82741 ], [ 75.13139, 33.82693 ], [ 75.1311, 33.82813 ], [ 75.13254, 33.82861 ], [ 75.13254, 33.82909 ], [ 75.13369, 33.8298 ] ] ] } },
{ "type": "Feature", "properties": { "terrace_id": 171, "area_km2": 0.064, "scarp_frac": 0.26, "strict_ha": 0.0, "drop_ha": 0.54 }, "geometry": { "type": "Polygon", "coordinates": [ [ [ 74.70898, 34.03226 ], [ 74.70928, 34.03058 ], [ 74.70841, 34.03034 ], [ 74.70842, 34.02866 ], [ 74.70755, 34.02865 ], [ 74.7064, 34.02769 ], [ 74.70611, 34.02937 ], [ 74.70726, 34.02961 ], [ 74.70726, 34.03105 ], [ 74.70783, 34.03105 ], [ 74.70812, 34.03201 ], [ 74.70898, 34.03226 ] ] ] } },
{ "type": "Feature", "properties": { "terrace_id": 172, "area_km2": 0.064, "scarp_frac": 0.65, "strict_ha": 0.0, "drop_ha": 0.0 }, "geometry": { "type": "Polygon", "coordinates": [ [ [ 74.67924, 33.97125 ], [ 74.67924, 33.97101 ], [ 74.68097, 33.97077 ], [ 74.68126, 33.97005 ], [ 74.68069, 33.96933 ], [ 74.67954, 33.96909 ], [ 74.67926, 33.96813 ], [ 74.67868, 33.96789 ], [ 74.67781, 33.96956 ], [ 74.67838, 33.97076 ], [ 74.67924, 33.97125 ] ] ] } },
{ "type": "Feature", "properties": { "terrace_id": 173, "area_km2": 0.064, "scarp_frac": 0.79, "strict_ha": 0.0, "drop_ha": 0.0 }, "geometry": { "type": "Polygon", "coordinates": [ [ [ 74.99254, 33.86059 ], [ 74.99283, 33.86011 ], [ 74.99398, 33.86011 ], [ 74.99427, 33.85939 ], [ 74.99369, 33.85915 ], [ 74.99369, 33.85867 ], [ 74.99254, 33.85843 ], [ 74.99225, 33.85747 ], [ 74.9911, 33.85723 ], [ 74.99082, 33.85891 ], [ 74.99168, 33.85963 ], [ 74.99197, 33.86059 ], [ 74.99254, 33.86059 ] ] ] } },
{ "type": "Feature", "properties": { "terrace_id": 174, "area_km2": 0.063, "scarp_frac": 0.66, "strict_ha": 0.0, "drop_ha": 0.0 }, "geometry": { "type": "Polygon", "coordinates": [ [ [ 74.72697, 33.99487 ], [ 74.72755, 33.99343 ], [ 74.72841, 33.99344 ], [ 74.72957, 33.99224 ], [ 74.72871, 33.9908 ], [ 74.7264, 33.99271 ], [ 74.7261, 33.99439 ], [ 74.72697, 33.99487 ] ] ] } },
{ "type": "Feature", "properties": { "terrace_id": 175, "area_km2": 0.062, "scarp_frac": 0.84, "strict_ha": 0.0, "drop_ha": 0.0 }, "geometry": { "type": "Polygon", "coordinates": [ [ [ 74.65185, 34.05154 ], [ 74.65214, 34.04986 ], [ 74.65157, 34.04914 ], [ 74.65158, 34.04794 ], [ 74.651, 34.04794 ], [ 74.65043, 34.04722 ], [ 74.64985, 34.0477 ], [ 74.65013, 34.04818 ], [ 74.64984, 34.05009 ], [ 74.65185, 34.05154 ] ] ] } },
{ "type": "Feature", "properties": { "terrace_id": 176, "area_km2": 0.062, "scarp_frac": 0.28, "strict_ha": 0.0, "drop_ha": 0.0 }, "geometry": { "type": "Polygon", "coordinates": [ [ [ 74.5987, 34.01515 ], [ 74.59928, 34.01443 ], [ 74.60043, 34.01444 ], [ 74.60073, 34.01252 ], [ 74.60102, 34.01252 ], [ 74.60073, 34.01156 ], [ 74.59987, 34.01156 ], [ 74.59958, 34.01228 ], [ 74.59871, 34.01275 ], [ 74.59871, 34.01323 ], [ 74.59813, 34.01347 ], [ 74.59813, 34.01443 ], [ 74.59842, 34.01443 ], [ 74.59812, 34.01491 ], [ 74.5987, 34.01515 ] ] ] } },
{ "type": "Feature", "properties": { "terrace_id": 177, "area_km2": 0.062, "scarp_frac": 0.72, "strict_ha": 0.0, "drop_ha": 0.0 }, "geometry": { "type": "Polygon", "coordinates": [ [ [ 74.75466, 33.88025 ], [ 74.75466, 33.87977 ], [ 74.7561, 33.87834 ], [ 74.75582, 33.87642 ], [ 74.75524, 33.87642 ], [ 74.75524, 33.8769 ], [ 74.75351, 33.87809 ], [ 74.7538, 33.88001 ], [ 74.75466, 33.88025 ] ] ] } },
{ "type": "Feature", "properties": { "terrace_id": 178, "area_km2": 0.062, "scarp_frac": 0.44, "strict_ha": 0.0, "drop_ha": 0.0 }, "geometry": { "type": "Polygon", "coordinates": [ [ [ 74.72259, 34.01094 ], [ 74.72317, 34.01022 ], [ 74.72318, 34.00902 ], [ 74.7226, 34.00878 ], [ 74.72232, 34.00782 ], [ 74.72088, 34.00757 ], [ 74.72058, 34.00997 ], [ 74.72116, 34.00997 ], [ 74.72173, 34.01069 ], [ 74.72259, 34.01094 ] ] ] } },
{ "type": "Feature", "properties": { "terrace_id": 179, "area_km2": 0.061, "scarp_frac": 0.49, "strict_ha": 0.0, "drop_ha": 0.0 }, "geometry": { "type": "Polygon", "coordinates": [ [ [ 74.68559, 34.04539 ], [ 74.68588, 34.04491 ], [ 74.68761, 34.04444 ], [ 74.68762, 34.04372 ], [ 74.68704, 34.04348 ], [ 74.68676, 34.04276 ], [ 74.68589, 34.04299 ], [ 74.68531, 34.04371 ], [ 74.68387, 34.04395 ], [ 74.68415, 34.04539 ], [ 74.68559, 34.04539 ] ] ] } },
{ "type": "Feature", "properties": { "terrace_id": 180, "area_km2": 0.061, "scarp_frac": 0.82, "strict_ha": 0.0, "drop_ha": 0.0 }, "geometry": { "type": "Polygon", "coordinates": [ [ [ 74.74233, 33.86823 ], [ 74.74233, 33.86751 ], [ 74.74089, 33.86655 ], [ 74.73888, 33.86583 ], [ 74.73773, 33.86606 ], [ 74.73773, 33.86654 ], [ 74.73859, 33.86679 ], [ 74.73859, 33.86727 ], [ 74.73945, 33.86799 ], [ 74.74233, 33.86823 ] ] ] } }
]
}
